,#,Purchased/Synthesized,Substrate,Class,Carbons,Name,cid,sdf,molecular_formula,SMILES
0,132.0,Synthesized,Glycolic Acid-O-P,Acid sugar monophosphate ,C2,Glycolic Acid O-P,529,529.sdf,C2H5O6P,C(C(=O)O)OP(=O)(O)O
1,9.0,Purchased,3-phosphoglyceric acid (glycerol 3 phosphate),Acid sugar monophosphate ,C3,Glycerol-3-phosphate,439183,439183.sdf,C3H7O7P,C([C@H](C(=O)O)O)OP(=O)(O)O
2,10.0,Purchased,2-phosphoglyceric acid (glycerol 2-phosphate),Acid sugar monophosphate ,C3,Glycerol-2-phospate,447550,447550.sdf,C3H7O7P,C([C@@H](C(=O)O)OP(=O)(O)O)O
3,18.0,Purchased,Phospho(enol)pyruvic acid (PEP),Acid sugar monophosphate ,C3,phosphoenolpyruvate,1005,1005.sdf,C3H5O6P,C=C(C(=O)O)OP(=O)(O)O
4,99.0,Synthesized,D-threonate-4-phosphate,Acid sugar monophosphate ,C4,D-threonate-4-phosphate,11629889,11629889.sdf,C4H9O8P,C([C@H]([C@@H](C(=O)O)O)O)OP(=O)(O)O
5,101.0,Synthesized,D-erythronate-4-phosphate,Acid sugar monophosphate ,C4,D-erythronate-4-phosphate,449304,449304.sdf,C4H9O8P,C([C@H]([C@H](C(=O)O)O)O)OP(=O)(O)O
6,108.0,Synthesized,L-erythronate-4-phosphate,Acid sugar monophosphate ,C4,L-erythronate-4-phosphate,446947,446947.sdf,C4H9O8P,C([C@@H]([C@H](C(=O)O)O)O)OP(=O)(O)O
7,88.0,Synthesized,D-Ribonate-5-phosphate,Acid sugar monophosphate ,C5,D-ribonate-5-phosphate,24832028,24832028.sdf,C5H11O9P,C([C@H]([C@H]([C@H](C(=O)O)O)O)O)OP(=O)(O)O
8,89.0,Synthesized,D-Arabinonate-5-phosphate,Acid sugar monophosphate ,C5,D-arabinonate-5-phosphate,191445,191445.sdf,C5H11O9P,C([C@H]([C@H]([C@@H](C(=O)O)O)O)O)OP(=O)(O)O
9,97.0,Synthesized,D-2-deoxy-Ribonate-5-phosphate,Acid sugar monophosphate ,C5,D-2-deoxy-ribonate-5-phosphate,129668258,129668258.sdf,C5H11O8P,C([C@@H]([C@@H](COP(=O)(O)O)O)O)C(=O)O
10,105.0,Synthesized,D-Lyxonate-5-phosphate,Acid sugar monophosphate ,C5,D-lyxonate-5-phosphate,46936563,46936563.sdf,C5H11O9P,C([C@H]([C@@H]([C@@H](C(=O)O)O)O)O)OP(=O)(O)O
11,125.0,Synthesized,D-Xylonate-3-phosphate,Acid sugar monophosphate ,C5,D-xylonate-3-phosphate,0,G11.sdf,C5H11O9P,O=C(O)[C@H](O)[C@@H](OP(=O)(O)O)[C@H](O)CO
12,135.0,Synthesized,L-Ribonate-5-phosphate    ,Acid sugar monophosphate ,C5,L-Ribonate-5-phosphate,49799769,49799769.sdf,C5H11O9P,C([C@@H]([C@@H]([C@@H](C(=O)O)O)O)O)OP(=O)(O)O
13,138.0,Synthesized,L-Arabinonate-5-phosphate,Acid sugar monophosphate ,C5,L-arabinonate-5-phosphate,126843503,126843503.sdf,C5H11O9P,C([C@@H]([C@@H]([C@H](C(=O)O)O)O)O)OP(=O)(O)O
14,141.0,Synthesized,D-Xylonate-5-phosphate,Acid sugar monophosphate ,C5,D-xylonate-5-phosphate,126843497,126843497.sdf,C5H11O9P,C([C@H]([C@@H]([C@H](C(=O)O)O)O)O)OP(=O)(O)O
15,143.0,Synthesized,L-Xylonate-3-phosphate,Acid sugar monophosphate ,C5,L-xylonate-3-phosphate,0,G15.sdf,C5H11O9P,O=C(O)[C@H](O)[C@H](OP(=O)(O)O)[C@@H](O)CO
16,146.0,Synthesized,L-Xylonate-5-phosphate,Acid sugar monophosphate ,C5,L-xylonate-5-phosphate,92286299,92286299.sdf,C5H11O9P,C([C@@H]([C@H]([C@@H](C(=O)O)O)O)O)OP(=O)(O)O
17,71.0,Synthesized,2-keto-3-deoxy-6-Phosphogluconate (KDPG),Acid sugar monophosphate ,C6,2-keto-3-deoxy-6-phospho-gluconate (KDPG),3080745,3080745.sdf,C6H11O9P,C([C@@H]([C@@H](COP(=O)(O)O)O)O)C(=O)C(=O)O
18,72.0,Synthesized,D-Galactonate-6-phosphate,Acid sugar monophosphate ,C6,D-galactonate-6-phosphate,22820300,22820300.sdf,C6H13O10P,C([C@H]([C@@H]([C@@H]([C@H](C(=O)O)O)O)O)O)OP(=O)(O)O
19,85.0,Synthesized,2-deoxy-6-Phosphogluconate,Acid sugar monophosphate ,C6,2'-deoxy-6-phosphogluconate,188314,188314.sdf,C6H13O9P,C([C@H]([C@@H]([C@@H](COP(=O)(O)O)O)O)O)C(=O)O
20,92.0,Synthesized,D-Mannonate-6-phosphate,Acid sugar monophosphate ,C6,D-mannonate-6-phosphate,6326748,6326748.sdf,C6H13O10P,C([C@H]([C@H]([C@@H]([C@@H](C(=O)O)O)O)O)O)OP(=O)(O)O
21,94.0,Synthesized,D-Allonate-6-phosphate,Acid sugar monophosphate ,C6,D-allonate-6-phosphate,25322874,25322874.sdf,C6H13O10P,C([C@H]([C@H]([C@H]([C@H](C(=O)O)O)O)O)O)OP(=O)(O)O
22,111.0,Synthesized,D-3-deoxy-Gluconate-6-phosphate,Acid sugar monophosphate ,C6,D-3-deoxy-gluconate-6-phosphate,53931396,53931396.sdf,C6H13O9P,C([C@@H]([C@@H](COP(=O)(O)O)O)O)[C@H](C(=O)O)O
23,113.0,Synthesized,D-Altronate-6-phosphate,Acid sugar monophosphate ,C6,D-altronate-6-phosphate,0,G23.sdf,C6H13O10P,O=C(O)[C@@H](O)[C@H](O)[C@H](O)[C@H](O)COP(=O)(O)O
24,120.0,Synthesized,D-Gluconate-3-phosphate,Acid sugar monophosphate ,C6,D-gluconate-3-phosphate,53917847,53917847.sdf,C6H13O10P,C([C@H]([C@H]([C@@H]([C@H](C(=O)O)O)OP(=O)(O)O)O)O)O
25,128.0,Synthesized,D-Allonate-3-phosphate,Acid sugar monophosphate ,C6,D-allonate-3-phosphate,0,G25.sdf,C6H13O10P,O=C(O)[C@H](O)[C@@H](OP(=O)(O)O)[C@H](O)[C@H](O)CO
26,151.0,Synthesized,D-Glucuronic acid-5-P,Acid sugar monophosphate ,C6,D-glucuronic acid-5-phosphate,0,G26.sdf,C6H11O10P,O=C[C@H](O)[C@@H](O)[C@H](O)[C@@H](OP(=O)(O)O)C(=O)O
27,153.0,Synthesized,D-Glucuronate-5-P,Acid sugar monophosphate ,C6,D-glucurononate-5-phosphate,0,G27.sdf,C6H11O11P,O=C(O)[C@@H](OP(=O)(O)O)[C@@H](O)[C@H](O)[C@@H](O)C(=O)O
28,162.0,Synthesized,L-Gluconate-3-P  ,Acid sugar monophosphate ,C6,L-gluconate-3-phosphate,0,G28.sdf,C6H13O10P,O=C(O)[C@@H](O)[C@H](OP(=O)(O)O)[C@@H](O)[C@@H](O)CO
29,168.0,Synthesized,L-Gulonic acid-2-Methylene Hydroxy phosphoric acid,Acid sugar monophosphate ,C7,L-gulonic acid-2-methylene hydroxy phosphoric acid,0,G29.sdf,C7H13O10P,O=C1O[C@H]([C@H](O)CO)[C@H](O)[C@@]1(O)COP(=O)(O)O
30,79.0,Synthesized,2-deoxy-D-manno-2-octoulosonate-8-phosphate,Acid sugar monophosphate ,C8,2-deoxy-D-manno-2-octoulosonate-8-phosphate,4369556,4369556.sdf,C8H15O11P,C1[C@H]([C@H]([C@H](O[C@]1(C(=O)O)O)[C@@H](COP(=O)(O)O)O)O)O
31,75.0,Synthesized,2-keto-3-deoxy-D-glycero-D-galactonononic acid-9-phosphate,Acid sugar monophosphate ,C9,2-keto-3-deoxy-D-glycero-D-galactonononic acid 9-phosphate,90658186,90658186.sdf,C9H17O12P,C1[C@@H]([C@H]([C@@H](O[C@@]1(C(=O)O)O)[C@@H]([C@@H](COP(=O)(O)O)O)O)O)O
32,76.0,Synthesized,N-acetylneuraminic acid-9-phosphate,Acid sugar monophosphate ,C9,N-acetylneuraminic acid-9-phosphate,440962,440962.sdf,C11H20NO12P,CC(=O)N[C@@H]1[C@H](CC(O[C@H]1[C@@H]([C@@H](COP(=O)(O)O)O)O)(C(=O)O)O)O
33,4.0,Purchased,Glycerol-phosphate (GP),Alcohol sugar monophosphate ,C3,Glycerol-phosphate,439276,439276.sdf,C3H9O6P,C([C@@H](COP(=O)(O)O)O)O
34,102.0,Synthesized,Meso-Erythritol-4-phosphate,Alcohol sugar monophosphate ,C4,meso-erythritol-4-phosphate,192838,192838.sdf,C4H11O7P,C([C@@H]([C@@H](COP(=O)(O)O)O)O)O
35,104.0,Synthesized,D-Threitol-4-phosphate,Alcohol sugar monophosphate ,C4,D-threitol-4-phosphate,440028,440028.sdf,C4H11O7P,C([C@H]([C@@H](COP(=O)(O)O)O)O)O
36,87.0,Synthesized,D-Ribitol-5-phosphate,Alcohol sugar monophosphate ,C5,D-ribitol-5-phosphate,151104,151104.sdf,C5H13O8P,C([C@@H]([C@@H]([C@@H](COP(=O)(O)O)O)O)O)O
37,95.0,Synthesized,D-xylitol-5-phosphate,Alcohol sugar monophosphate ,C5,D-xylitol-5-phosphate,6420179,6420179.sdf,C5H13O8P,C([C@@H]([C@H]([C@@H](COP(=O)(O)O)O)O)O)O
38,96.0,Synthesized,D-2-deoxy-ribitol-5-phosphate,Alcohol sugar monophosphate ,C5,D-2-deoxy-ribitol-5-phosphate,5288577,5288577.sdf,C5H13O7P,C(CO)[C@@H]([C@@H](COP(=O)(O)O)O)O
39,122.0,Synthesized,D-arabitol-5-phosphate,Alcohol sugar monophosphate ,C5,D-arabitol-5-phosphate,5287584,5287584.sdf,C5H13O8P,C([C@H]([C@@H]([C@@H](COP(=O)(O)O)O)O)O)O
40,124.0,Synthesized,D-xylitol-3-phosphate,Alcohol sugar monophosphate ,C5,D-xylitol-3-phosphate,129710438,129710438.sdf,C5H13O8P,C([C@H](C([C@H](CO)O)OP(=O)(O)O)O)O
41,134.0,Synthesized,L-Ribitol-5-P    ,Alcohol sugar monophosphate ,C5,L-Ribitol-5-phosphate,23615570,23615570.sdf,C5H13O8P,C([C@H]([C@H]([C@H](COP(=O)(O)O)O)O)O)O
42,137.0,Synthesized,L-Arabitol-5-P    ,Alcohol sugar monophosphate ,C5,L-arabitol-5-phosphate,16126798,16126798.sdf,C5H13O8P,C([C@@H]([C@H]([C@H](COP(=O)(O)O)O)O)O)O
43,139.0,Synthesized,L-Arabitol-1-P    ,Alcohol sugar monophosphate ,C5,L-arabitol-1-phosphate,0,G43.sdf,C5H13O8P,O=P(O)(O)OC[C@H](O)[C@@H](O)[C@@H](O)CO
44,144.0,Synthesized,L-Xylitol-3-P    ,Alcohol sugar monophosphate ,C5,L-xylitol-3-phosphate,0,G44.sdf,C5H13O8P,O=P(O)(O)OC([C@@H](O)CO)[C@@H](O)CO
45,147.0,Synthesized,L-Xylitol-5-P    ,Alcohol sugar monophosphate ,C5,L-xylitol-5-phosphate,448027,448027.sdf,C5H13O8P,C([C@H]([C@@H]([C@H](COP(=O)(O)O)O)O)O)O
46,156.0,Synthesized,L-Lyxitol-5-P    ,Alcohol sugar monophosphate ,C5,L-lyxitol-5-phosphate,0,G46.sdf,C5H13O8P,O=P(O)(O)OC[C@H](O)[C@@H](O)[C@@H](O)CO
47,157.0,Synthesized,D-Arabitol-1-P    ,Alcohol sugar monophosphate ,C5,D-arabitol-1-phosphate,439840,439840.sdf,C5H13O8P,C([C@H]([C@H]([C@@H](COP(=O)(O)O)O)O)O)O
48,158.0,Synthesized,D-Arabitol-4-P    ,Alcohol sugar monophosphate ,C5,D-arabitol-4-phosphate,140436183,140436183.sdf,C5H13O8P,C([C@H]([C@@H]([C@@H](CO)OP(=O)(O)O)O)O)O
49,84.0,Synthesized,2-deoxy-6-phosphoglucitol,Alcohol sugar monophosphate ,C6,2'-deoxy-6-phosphoglucitol,49866901,49866901.sdf,C6H15O8P,C(CO)[C@H]([C@@H]([C@@H](COP(=O)(O)O)O)O)O
50,90.0,Synthesized,D-sorbitol-1-phosphate,Alcohol sugar monophosphate ,C6,D-sorbitol-1-phosphate,21968234,21968234.sdf,C6H15O9P,C([C@H]([C@H]([C@@H]([C@H](COP(=O)(O)O)O)O)O)O)O
51,91.0,Synthesized,D-mannitol-6-phosphate,Alcohol sugar monophosphate ,C6,D-mannitol-6-phosphate,130418,130418.sdf,C6H15O9P,C([C@H]([C@H]([C@@H]([C@@H](COP(=O)(O)O)O)O)O)O)O
52,93.0,Synthesized,D-allitol-6-phosphate,Alcohol sugar monophosphate ,C6,D-allitol-6-phosphate,92209470,92209470.sdf,C6H15O9P,C([C@@H]([C@@H]([C@@H]([C@@H](COP(=O)(O)O)O)O)O)O)O
53,100.0,Synthesized,D-galactitol-6-phosphate,Alcohol sugar monophosphate ,C6,D-galactitol-6-phosphate,53827506,53827506.sdf,C6H15O9P,C([C@@H]([C@H]([C@H]([C@@H](COP(=O)(O)O)O)O)O)O)O
54,112.0,Synthesized,D-3-deoxy-sorbitol-6-phosphate,Alcohol sugar monophosphate ,C6,D-3'-deoxy-sorbitol-6-phosphate,0,G54.sdf,C6H15O8P,O=P(O)(O)OC[C@@H](O)[C@@H](O)C[C@@H](O)CO
55,116.0,Synthesized,D-iditol-6-phosphate,Alcohol sugar monophosphate ,C6,D-iditol-6-phosphate,14620017,14620017.sdf,C6H15O9P,C([C@H]([C@@H]([C@H]([C@@H](COP(=O)(O)O)O)O)O)O)O
56,119.0,Synthesized,D-glucitol-3-phosphate,Alcohol sugar monophosphate ,C6,D-glucitol-3-phosphate,129544,129544.sdf,C6H15O9P,C([C@H]([C@H]([C@@H]([C@H](CO)O)OP(=O)(O)O)O)O)O
57,127.0,Synthesized,D-allitol-3-phosphate,Alcohol sugar monophosphate ,C6,D-allitol-3-phosphate,0,G57.sdf,C6H15O9P,O=P(O)(O)O[C@H]([C@@H](O)CO)[C@H](O)[C@H](O)CO
58,149.0,Synthesized,D-Mannitol-2-P    ,Alcohol sugar monophosphate ,C6,D-mannitol-2-phosphate,145809584,145809584.sdf,C6H15O9P,C([C@H]([C@H]([C@@H]([C@@H](CO)OP(=O)(O)O)O)O)O)O
59,152.0,Synthesized,D-Glucuronicitol-5-P,Alcohol sugar monophosphate ,C6,D-glucuronicitol-5-phosphate,0,G59.sdf,C6H13O10P,O=C(O)[C@H](OP(=O)(O)O)[C@@H](O)[C@H](O)[C@@H](O)CO
60,159.0,Synthesized,D-Glucitol-2-P    ,Alcohol sugar monophosphate ,C6,D-glucitol-2-phosphate,0,G60.sdf,C6H15O9P,O=P(O)(O)O[C@@H](CO)[C@@H](O)[C@H](O)[C@@H](O)CO
61,161.0,Synthesized,L-Glucitol-3-P    ,Alcohol sugar monophosphate ,C6,L-glucitol-3-phosphate,0,G61.sdf,C6H15O9P,O=P(O)(O)O[C@H]([C@@H](O)[C@@H](O)CO)[C@H](O)CO
62,163.0,Synthesized,D-Galactitol-1-P  ,Alcohol sugar monophosphate ,C6,D-galactitol-1-phosphate,440969,440969.sdf,C6H15O9P,C([C@H]([C@@H]([C@@H]([C@H](COP(=O)(O)O)O)O)O)O)O
63,164.0,Synthesized,D-Galactitol-5-P  ,Alcohol sugar monophosphate ,C6,D-galactitol-5-phosphate,0,G63.sdf,C6H15O9P,O=P(O)(O)O[C@H](CO)[C@H](O)[C@H](O)[C@@H](O)CO
64,165.0,Synthesized,D-Mannitol-1-P    ,Alcohol sugar monophosphate ,C6,D-mannitol-1-phosphate,130418,130418.sdf,C6H15O9P,C([C@H]([C@H]([C@@H]([C@@H](COP(=O)(O)O)O)O)O)O)O
65,166.0,Synthesized,D-Mannitol-4-P    ,Alcohol sugar monophosphate ,C6,D-mannitol-4-phosphate,118914556,118914556.sdf,C6H15O9P,C([C@H]([C@H]([C@@H]([C@@H](CO)O)OP(=O)(O)O)O)O)O
66,167.0,Synthesized,D-Mannitol-5-P    ,Alcohol sugar monophosphate ,C6,D-mannitol-5-phosphate,0,G66.sdf,C6H15O9P,O=P(O)(O)O[C@H](CO)[C@@H](O)[C@H](O)[C@H](O)CO
67,11.0,Purchased,DL-glyceraldehyde 3-phosphate,Aldol sugar monophosphate ,C3,DL-glyceraldehyde-3-phosphate,439168,439168.sdf,C3H7O6P,C([C@H](C=O)O)OP(=O)(O)O
68,23.0,Purchased,erythrose-4-phosphate,Aldol sugar monophosphate ,C4,D-erythrose-4-phosphate,122357,122357.sdf,C4H9O7P,C([C@H]([C@H](C=O)O)O)OP(=O)(O)O
69,22.0,Purchased,arabinose 5-phosphate,Aldol sugar monophosphate ,C5,D-arabinose-5-phosphate,188324,188324.sdf,C5H11O8P,C([C@H]([C@H]([C@@H](C=O)O)O)O)OP(=O)(O)O
70,24.0,Purchased,D-Ribose 5-phosphate,Aldol sugar monophosphate ,C5,D-ribose-5-phosphate,440101,440101.sdf,C5H11O8P,C([C@@H]1[C@H]([C@H]([C@H](O1)O)O)O)OP(=O)(O)O
71,25.0,Purchased,2-deoxyribose 5-phosphate ,Aldol sugar monophosphate ,C5,2'-deoxyribose-5-phosphate,45934311,45934311.sdf,C5H11O7P,C1[C@@H]([C@H](O[C@H]1O)COP(=O)(O)O)O
72,123.0,Synthesized,D-xylose-3-phosphate,Aldol sugar monophosphate ,C5,D-xylose-3-phosphate,0,G72.sdf,C5H11O8P,O=P(O)(O)O[C@H]1[C@@H](CO)O[C@H](O)[C@@H]1O
73,133.0,Synthesized,L-Ribose-5-P      ,Aldol sugar monophosphate ,C5,L-Ribose-5-phosphate,88507863,88507863.sdf,C5H11O8P,C([C@@H]([C@@H]([C@@H](C=O)O)O)O)OP(=O)(O)O
74,136.0,Synthesized,L-Arabinose-5-P  ,Aldol sugar monophosphate ,C5,L-arabinose-5-phosphate,53393537,53393537.sdf,C5H11O8P,C([C@@H]([C@@H]([C@H](C=O)O)O)O)OP(=O)(O)O
75,140.0,Synthesized,D-Xylose-5-P      ,Aldol sugar monophosphate ,C5,D-xylose-5-phosphate,441187,441187.sdf,C5H11O8P,C([C@H]([C@@H]([C@H](C=O)O)O)O)OP(=O)(O)O
76,142.0,Synthesized,L-Xylose-3-P      ,Aldol sugar monophosphate ,C5,L-xylose-3-phosphate,0,G76.sdf,C5H11O8P,O=C[C@H](O)[C@H](OP(=O)(O)O)[C@@H](O)CO
77,145.0,Synthesized,L-Xylose-5-P      ,Aldol sugar monophosphate ,C5,L-xylose-5-phosphate,44588263,44588263.sdf,C5H11O8P,C([C@@H]([C@H]([C@@H](C=O)O)O)O)OP(=O)(O)O
78,154.0,Synthesized,D-Lyxose-5-P      ,Aldol sugar monophosphate ,C5,D-lyxose-5-phosphate,6101623,6101623.sdf,C5H11O8P,C([C@H]([C@@H]([C@@H](C=O)O)O)O)OP(=O)(O)O
79,155.0,Synthesized,L-Lyxose-5-P      ,Aldol sugar monophosphate ,C5,L-lyxose-5-phosphate,88508108,88508108.sdf,C5H11O8P,C([C@@H]([C@H]([C@H](C=O)O)O)O)OP(=O)(O)O
80,27.0,Purchased,alpha-D-glucose-1-phosphate,Aldol sugar monophosphate ,C6,α-D-glucose-1-phosphate,65533,65533.sdf,C6H13O9P,C([C@@H]1[C@H]([C@@H]([C@H]([C@H](O1)OP(=O)(O)O)O)O)O)O
81,28.0,Purchased,D-glucose-6-phosphate,Aldol sugar monophosphate ,C6,D-glucose-6-phosphate,439284,439284.sdf,C6H13O9P,C([C@@H]1[C@H]([C@@H]([C@H]([C@H](O1)O)O)O)O)OP(=O)(O)O
82,29.0,Purchased,2-Deoxy-D-glucose 6-phosphate,Aldol sugar monophosphate ,C6,2'-deoxy-D-glucose-6-phosphate,46936435,46936435.sdf,C6H13O8P,C1[C@H]([C@@H]([C@H](O[C@H]1O)COP(=O)(O)O)O)O
83,31.0,Purchased,alpha D-galactose 1-phosphate,Aldol sugar monophosphate ,C6,α-D-galactose-1-phosphate,123912,123912.sdf,C6H13O9P,C([C@@H]1[C@@H]([C@@H]([C@H]([C@H](O1)OP(=O)(O)O)O)O)O)O
84,34.0,Purchased,alpha-D-mannose 1-phosphate,Aldol sugar monophosphate ,C6,α-mannose-1-phosphate,439279,439279.sdf,C6H13O9P,C([C@@H]1[C@H]([C@@H]([C@@H]([C@H](O1)OP(=O)(O)O)O)O)O)O
85,35.0,Purchased,D-mannose 6-phosphate,Aldol sugar monophosphate ,C6,D-mannose-6-phosphate,447096,447096.sdf,C6H13O9P,C([C@@H]1[C@H]([C@@H]([C@@H]([C@H](O1)O)O)O)O)OP(=O)(O)O
86,41.0,Purchased,6-phosphogluconic acid,Aldol sugar monophosphate ,C6,6'-phosphogluconic acid,91493,91493.sdf,C6H13O10P,C([C@H]([C@H]([C@@H]([C@H](C(=O)O)O)O)O)O)OP(=O)(O)O
87,78.0,Synthesized,D-Galactose-6-phosphate,Aldol sugar monophosphate ,C6,D-galactose-6-phosphate,9859975,9859975.sdf,C6H13O9P,C([C@@H]1[C@@H]([C@@H]([C@H]([C@H](O1)O)O)O)O)OP(=O)(O)O
88,86.0,Synthesized,D-allose-6-phosphate,Aldol sugar monophosphate ,C6,D-allose-6-phosphate,5459942,5459942.sdf,C6H13O9P,C([C@H]([C@H]([C@H]([C@H](C=O)O)O)O)O)OP(=O)(O)O
89,109.0,Synthesized,D-2-keto-glucose-6-phosphate,Aldol sugar monophosphate ,C6,D-2'-keto-glucose-6-phosphate,0,G89.sdf,C6H11O9P,O=CC(=O)[C@@H](O)[C@H](O)[C@H](O)COP(=O)(O)O
90,110.0,Synthesized,D-3-deoxy-glucose-6-phosphate,Aldol sugar monophosphate ,C6,D-3'-deoxy-glucose-6-phosphate,22880771,22880771.sdf,C6H13O8P,C([C@H](C=O)O)[C@@H]([C@@H](COP(=O)(O)O)O)O
91,118.0,Synthesized,D-glucose-3-phosphate,Aldol sugar monophosphate ,C6,D-glucose-3-phosphate,0,G91.sdf,C6H13O9P,O=P(O)(O)O[C@@H]1[C@@H](O)[C@@H](O)O[C@@H]1[C@H](O)CO
92,126.0,Synthesized,D-allose-3-phosphate,Aldol sugar monophosphate ,C6,D-allose-3-phosphate,0,G92.sdf,C6H13O9P,O=P(O)(O)O[C@H]1[C@@H](O)[C@@H](O)O[C@@H]1[C@H](O)CO
93,148.0,Synthesized,D-Mannose-2-P    ,Aldol sugar monophosphate ,C6,D-mannose-2-phosphate,20839100,20839100.sdf,C6H13O9P,C([C@H]([C@H]([C@@H]([C@@H](C=O)OP(=O)(O)O)O)O)O)O
94,160.0,Synthesized,L-Glucose-3-P    ,Aldol sugar monophosphate ,C6,L-glucose-3-phosphate,0,G94.sdf,C6H13O9P,O=P(O)(O)O[C@H]1[C@H]([C@@H](O)CO)O[C@@H](O)[C@H]1O
95,6.0,Purchased,O-phosphorylethanolamine,Amino acid and related,,O-phosphoethanolamine,1015,1015.sdf,C2H8NO4P,C(COP(=O)(O)O)N
96,21.0,Purchased,phosphocholine,Amino acid and related,,phosphocholine,1014,1014.sdf,C5H15NO4P+,C[N+](C)(C)CCOP(=O)(O)O
97,38.0,Purchased,O-phospho-L-serine,Amino acid and related,,O-phospho-L-serine,68841,68841.sdf,C3H8NO6P,C([C@@H](C(=O)O)N)OP(=O)(O)O
98,39.0,Purchased,O-phospho-L-threonine,Amino acid and related,,O-phospho-L-threonine,3246323,3246323.sdf,C4H10NO6P,C[C@H]([C@@H](C(=O)O)N)OP(=O)(O)O
99,40.0,Purchased,O-phospho-L-tyrosine,Amino acid and related,,O-phospho-L-tyrosine,30819,30819.sdf,C9H12NO6P,C1=CC(=CC=C1C[C@@H](C(=O)O)N)OP(=O)(O)O
100,81.0,Synthesized,Histidinol-phosphate (not stable),Amino acid and related,,histidinol-phosphate,439398,439398.sdf,C6H12N3O4P,C1=C(NC=N1)C[C@@H](COP(=O)(O)O)N
101,70.0,Purchased,glucosamine 6 phosphate,Amino sugars,,Glucosamine-6'-phosphate,439217,439217.sdf,C6H14NO8P,C([C@@H]1[C@H]([C@@H]([C@H]([C@H](O1)O)N)O)O)OP(=O)(O)O
102,80.0,Synthesized,a-D-glucosamine-1-phosphate (not stable),Amino sugars,,a-D-glucosamine-1-phosphate,9965052,9965052.sdf,C6H14NO8P,C([C@@H]1[C@H]([C@@H]([C@H]([C@@H](O1)OP(=O)(O)O)N)O)O)O
103,82.0,Synthesized,N-acetyl-mannosamine-6-phosphate,Amino sugars,,N-acetyl-mannosamine-6-phosphate,101265229,101265229.sdf,C8H16NO9P,CC(=O)N[C@H]1[C@H]([C@@H]([C@H](O[C@H]1O)COP(=O)(O)O)O)O
104,3.0,Purchased,pyrophosphate (Ppi or POP),Di and Tri phosphates,,Pyrophosphate,1023,1023.sdf,H4O7P2,OP(=O)(O)OP(=O)(O)O
105,13.0,Purchased,imidodiphosphate (PNP),Di and Tri phosphates,,imidodiphosphate (PNP),122874,122874.sdf,H5NO6P2,N(P(=O)(O)O)P(=O)(O)O
106,14.0,Purchased,thiamine pyrophosphate,Di and Tri phosphates,,Thiamine-pyrophosphate,1132,1132.sdf,C12H19N4O7P2S+,CC1=C(SC=[N+]1CC2=CN=C(N=C2N)C)CCOP(=O)(O)OP(=O)(O)O
107,42.0,Purchased,ATP,Di and Tri phosphates,,ATP,5957,5957.sdf,C10H16N5O13P3,C1=NC(=C2C(=N1)N(C=N2)[C@H]3[C@@H]([C@@H]([C@H](O3)COP(=O)(O)OP(=O)(O)OP(=O)(O)O)O)O)N
108,43.0,Purchased,ADP,Di and Tri phosphates,,ADP,6022,6022.sdf,C10H15N5O10P2,C1=NC(=C2C(=N1)N(C=N2)[C@H]3[C@@H]([C@@H]([C@H](O3)COP(=O)(O)OP(=O)(O)O)O)O)N
109,47.0,Purchased,UTP,Di and Tri phosphates,,UTP,6133,6133.sdf,C9H15N2O15P3,C1=CN(C(=O)NC1=O)[C@H]2[C@@H]([C@@H]([C@H](O2)COP(=O)(O)OP(=O)(O)OP(=O)(O)O)O)O
110,48.0,Purchased,UDP ,Di and Tri phosphates,,UDP,6031,6031.sdf,C9H14N2O12P2,C1=CN(C(=O)NC1=O)[C@H]2[C@@H]([C@@H]([C@H](O2)COP(=O)(O)OP(=O)(O)O)O)O
111,51.0,Purchased,TTP,Di and Tri phosphates,,TTP,451388,451388.sdf,C10H17N2O15P3,CC1=CN(C(=O)NC1=O)[C@H]2[C@@H]([C@@H]([C@H](O2)COP(=O)(O)OP(=O)(O)OP(=O)(O)O)O)O
112,52.0,Purchased,TDP,Di and Tri phosphates,,TDP,164628,164628.sdf,C10H16N2O11P2,CC1=CN(C(=O)NC1=O)[C@H]2C[C@@H]([C@H](O2)COP(=O)(O)OP(=O)(O)O)O
113,54.0,Purchased,CTP,Di and Tri phosphates,,CTP,6176,6176.sdf,C9H16N3O14P3,C1=CN(C(=O)N=C1N)[C@H]2[C@@H]([C@@H]([C@H](O2)COP(=O)(O)OP(=O)(O)OP(=O)(O)O)O)O
114,55.0,Purchased,CDP,Di and Tri phosphates,,CDP,6132,6132.sdf,C9H15N3O11P2,C1=CN(C(=O)N=C1N)[C@H]2[C@@H]([C@@H]([C@H](O2)COP(=O)(O)OP(=O)(O)O)O)O
115,58.0,Purchased,GTP,Di and Tri phosphates,,GTP,135398633,G115.sdf,C10H16N5O14P3,C1=NC2=C(N1[C@H]3[C@@H]([C@@H]([C@H](O3)COP(=O)(O)OP(=O)(O)OP(=O)(O)O)O)O)N=C(NC2=O)N
116,59.0,Purchased,GDP,Di and Tri phosphates,,GDP,135398619,G116.sdf,C10H15N5O11P2,C1=NC2=C(N1[C@H]3[C@@H]([C@@H]([C@H](O3)COP(=O)(O)OP(=O)(O)O)O)O)N=C(NC2=O)N
117,62.0,Purchased,ITP,Di and Tri phosphates,,ITP,135398643,G117.sdf,C10H15N4O14P3,C1=NC2=C(C(=O)N1)N=CN2[C@H]3[C@@H]([C@@H]([C@H](O3)COP(=O)(O)OP(=O)(O)OP(=O)(O)O)O)O
118,63.0,Purchased,IDP,Di and Tri phosphates,,IDP,135398651,G118.sdf,C10H14N4O11P2,C1=NC2=C(C(=O)N1)N=CN2[C@H]3[C@@H]([C@@H]([C@H](O3)COP(=O)(O)OP(=O)(O)O)O)O
119,66.0,Purchased,dATP,Di and Tri phosphates,,dATP,15993,15993.sdf,C10H16N5O12P3,C1[C@@H]([C@H](O[C@H]1N2C=NC3=C(N=CN=C32)N)COP(=O)(O)OP(=O)(O)OP(=O)(O)O)O
120,67.0,Purchased,dCTP,Di and Tri phosphates,,dCTP,65091,65091.sdf,C9H16N3O13P3,C1[C@@H]([C@H](O[C@H]1N2C=CC(=NC2=O)N)COP(=O)(O)OP(=O)(O)OP(=O)(O)O)O
121,68.0,Purchased,dGTP,Di and Tri phosphates,,dGTP,135398599,G121.sdf,C10H16N5O13P3,C1[C@@H]([C@H](O[C@H]1N2C=NC3=C2N=C(NC3=O)N)COP(=O)(O)OP(=O)(O)OP(=O)(O)O)O
122,69.0,Purchased,dTTP,Di and Tri phosphates,,dTTP,64968,64968.sdf,C10H17N2O14P3,CC1=CN(C(=O)NC1=O)[C@H]2C[C@@H]([C@H](O2)COP(=O)(O)OP(=O)(O)OP(=O)(O)O)O
123,83.0,Synthesized,Uridine-5'-diphosphoglucuronic acid ,Di and Tri phosphates,,Uridine-5'-diphosphoglucuronic acid,17473,17473.sdf,C15H22N2O18P2,C1=CN(C(=O)NC1=O)[C@H]2[C@@H]([C@@H]([C@H](O2)COP(=O)(O)OP(=O)(O)O[C@@H]3[C@@H]([C@H]([C@@H]([C@H](O3)C(=O)O)O)O)O)O)O
124,36.0,Purchased,trehalose-6-phosphate,Disaccharides,,trehalose-6-phosphate,122336,122336.sdf,C12H23O14P,C([C@@H]1[C@H]([C@@H]([C@H]([C@H](O1)O[C@@H]2[C@@H]([C@H]([C@@H]([C@H](O2)COP(=O)(O)O)O)O)O)O)O)O)O
125,37.0,Purchased,sucrose 6-phosphate,Disaccharides,,sucrose-6-phosphate,644101,644101.sdf,C12H23O14P,C([C@@H]1[C@H]([C@@H]([C@](O1)(CO)O[C@@H]2[C@@H]([C@H]([C@@H]([C@H](O2)COP(=O)(O)O)O)O)O)O)O)O
126,1.0,Purchased,p-nitrophenylphosphate (pNPP),Easily hydrolyzed,,PNPP,378,378.sdf,C6H6NO6P,C1=CC(=CC=C1[N+](=O)[O-])OP(=O)(O)O
127,7.0,Purchased,acetyl-phosphate,Easily hydrolyzed,,Acetyl-phosphate,186,186.sdf,C2H5O5P,CC(=O)OP(=O)(O)O
128,12.0,Purchased,Carbamyl phosphate,Easily hydrolyzed,,Carbamyl-phosphate,278,278.sdf,CH4NO5P,C(=O)(N)OP(=O)(O)O
129,131.0,Synthesized,dihydroxyacetone phosphate (DHAP),Ketose sugar monophosphate ,C3,dihydroxyacetone phosphate,668,668.sdf,C3H7O6P,C(C(=O)COP(=O)(O)O)O
130,98.0,Synthesized,D-xylulose-5-phosphate,Ketose sugar monophosphate ,C5,D-xylulose-5-phosphate,439190,439190.sdf,C5H11O8P,C([C@H]([C@@H](C(=O)CO)O)O)OP(=O)(O)O
131,103.0,Synthesized,D-ribulose-5-phosphate,Ketose sugar monophosphate ,C5,D-ribulose-5-phosphate,439184,439184.sdf,C5H11O8P,C([C@H]([C@H](C(=O)CO)O)O)OP(=O)(O)O
132,107.0,Synthesized,L-ribulose-5-phosphate,Ketose sugar monophosphate ,C5,L-ribulose-5-phosphate,439399,439399.sdf,C5H11O8P,C([C@@H]([C@@H](C(=O)CO)O)O)OP(=O)(O)O
133,32.0,Purchased,D-Fructose 6-phosphate,Ketose sugar monophosphate ,C6,D-fructose-6-phosphate,440641,440641.sdf,C6H13O9P,C([C@@H]1[C@H]([C@@H]([C@](O1)(CO)O)O)O)OP(=O)(O)O
134,106.0,Synthesized,D-tagatose-6-phosphate,Ketose sugar monophosphate ,C6,D-tagatose-6-phosphate,124155,124155.sdf,C6H13O9P,C([C@@H]1[C@@H]([C@@H]([C@@](O1)(CO)O)O)O)OP(=O)(O)O
135,114.0,Synthesized,D-psicose-6-phosphate,Ketose sugar monophosphate ,C6,D-psicose-6-phosphate,16760431,16760431.sdf,C6H13O9P,C([C@@H]1[C@H]([C@H]([C@](O1)(CO)O)O)O)OP(=O)(O)O
136,115.0,Synthesized,L-sorbose-1-phosphate,Ketose sugar monophosphate ,C6,L-sorbose-1-phosphate,90658051,90658051.sdf,C6H13O9P,C([C@H]1[C@H]([C@@H]([C@@](O1)(COP(=O)(O)O)O)O)O)O
137,150.0,Synthesized,L-Sorbose-4-P    ,Ketose sugar monophosphate ,C6,L-sorbose-4-phosphate,0,G137.sdf,C6H13O9P,O=P(O)(O)O[C@H]1[C@H](O)[C@H](CO)O[C@]1(O)CO
138,117.0,Synthesized,D-sedoheptulose-7-phosphate,Ketose sugar monophosphate ,C7,D-sedoheptulose-7-phosphate,165007,165007.sdf,C7H15O10P,C([C@H]([C@H]([C@H]([C@@H](C(=O)CO)O)O)O)O)OP(=O)(O)O
139,2.0,Purchased,pyridoxal-5'-phosphate,Nucleoside monophosphate and related,,pyridoxal-5'-phosphate,1051,1051.sdf,C8H10NO6P,CC1=NC=C(C(=C1O)C=O)COP(=O)(O)O
140,5.0,Purchased,Coenzyme A (CoA),Nucleoside monophosphate and related,,Coenzyme A,87642,G140.sdf,C21H36N7O16P3S,CC(C)(COP(=O)(O)OP(=O)(O)OC[C@@H]1[C@H]([C@H]([C@@H](O1)N2C=NC3=C(N=CN=C32)N)O)OP(=O)(O)O)[C@H](C(=O)NCCC(=O)NCCS)O
141,19.0,Purchased,riboflavin-5-phosphate (FMN),Nucleoside monophosphate and related,,FMN,643976,643976.sdf,C17H21N4O9P,CC1=CC2=C(C=C1C)N(C3=NC(=O)NC(=O)C3=N2)C[C@@H]([C@@H]([C@@H](COP(=O)(O)O)O)O)O
142,20.0,Purchased,beta-Nicotinamide adenine dinucleotide phosphate (NADP),Nucleoside monophosphate and related,,NADP,5885,5885.sdf,C21H28N7O17P3,C1=CC(=C[N+](=C1)[C@H]2[C@@H]([C@@H]([C@H](O2)COP(=O)([O-])OP(=O)(O)OC[C@@H]3[C@H]([C@H]([C@@H](O3)N4C=NC5=C(N=CN=C54)N)OP(=O)(O)O)O)O)O)C(=O)N
143,44.0,Purchased,5'-AMP,Nucleoside monophosphate and related,,5'-AMP,6083,6083.sdf,C10H14N5O7P,C1=NC(=C2C(=N1)N(C=N2)[C@H]3[C@@H]([C@@H]([C@H](O3)COP(=O)(O)O)O)O)N
144,45.0,Purchased,3'-AMP,Nucleoside monophosphate and related,,3'-AMP,41211,41211.sdf,C10H14N5O7P,C1=NC(=C2C(=N1)N(C=N2)[C@H]3[C@@H]([C@@H]([C@H](O3)CO)OP(=O)(O)O)O)N
145,46.0,Purchased,dAMP,Nucleoside monophosphate and related,,dAMP,12599,12599.sdf,C10H14N5O6P,C1[C@@H]([C@H](O[C@H]1N2C=NC3=C(N=CN=C32)N)COP(=O)(O)O)O
146,49.0,Purchased,UMP ,Nucleoside monophosphate and related,,UMP,6030,6030.sdf,C9H13N2O9P,C1=CN(C(=O)NC1=O)[C@H]2[C@@H]([C@@H]([C@H](O2)COP(=O)(O)O)O)O
147,50.0,Purchased,dUMP,Nucleoside monophosphate and related,,dUMP,65063,65063.sdf,C9H13N2O8P,C1[C@@H]([C@H](O[C@H]1N2C=CC(=O)NC2=O)COP(=O)(O)O)O
148,53.0,Purchased,TMP (dTMP),Nucleoside monophosphate and related,,dTMP,9700,9700.sdf,C10H15N2O8P,CC1=CN(C(=O)NC1=O)[C@H]2C[C@@H]([C@H](O2)COP(=O)(O)O)O
149,56.0,Purchased,CMP,Nucleoside monophosphate and related,,CMP,6131,6131.sdf,C9H14N3O8P,C1=CN(C(=O)N=C1N)[C@H]2[C@@H]([C@@H]([C@H](O2)COP(=O)(O)O)O)O
150,57.0,Purchased,dCMP,Nucleoside monophosphate and related,,dCMP,13945,13945.sdf,C9H14N3O7P,C1[C@@H]([C@H](O[C@H]1N2C=CC(=NC2=O)N)COP(=O)(O)O)O
151,60.0,Purchased,GMP ,Nucleoside monophosphate and related,,GMP,135398631,135398631.sdf,C10H14N5O8P,C1=NC2=C(N1[C@H]3[C@@H]([C@@H]([C@H](O3)COP(=O)(O)O)O)O)N=C(NC2=O)N
152,61.0,Purchased,dGMP,Nucleoside monophosphate and related,,dGMP,135398597,135398597.sdf,C10H14N5O7P,C1[C@@H]([C@H](O[C@H]1N2C=NC3=C2N=C(NC3=O)N)COP(=O)(O)O)O
153,64.0,Purchased,IMP,Nucleoside monophosphate and related,,IMP,135398640,135398640.sdf,C10H13N4O8P,C1=NC2=C(C(=O)N1)N=CN2[C@H]3[C@@H]([C@@H]([C@H](O3)COP(=O)(O)O)O)O
154,65.0,Purchased,2'AMP,Nucleoside monophosphate and related,,2'-AMP,94136,94136.sdf,C10H14N5O7P,C1=NC(=C2C(=N1)N(C=N2)[C@H]3[C@@H]([C@@H]([C@H](O3)CO)O)OP(=O)(O)O)N
155,121.0,Synthesized,"Adenosine 3',5'-diphosphate",Nucleoside monophosphate and related,,3'-5' ADP,159296,159296.sdf,C10H15N5O10P2,C1=NC(=C2C(=N1)N(C=N2)[C@H]3[C@@H]([C@@H]([C@H](O3)COP(=O)(O)O)OP(=O)(O)O)O)N
156,15.0,Purchased,phosphonoformic acid (PFA),Phosphonate,,phosphormic  acid (PFA),3415,3415.sdf,CH3O5P,C(=O)(O)P(=O)(O)O
157,16.0,Purchased,N-phosphonomethyl glycine (PMG),Phosphonate,,N-phosphonomethyl glycine (PMG),3496,3496.sdf,C3H8NO5P,C(C(=O)O)NCP(=O)(O)O
158,17.0,Purchased,DL-2-Amino-3-phosphonopropionic acid (APPA),Phosphonate,,DL-2'-amino-3-phosphonopropinoic acid (APPA),177120,177120.sdf,C3H8NO5P,C([C@@H](C(=O)O)N)P(=O)(O)O
159,26.0,Purchased,5-phosphoribosyl-1-pyrophosphate,Sugar bisphosphates,,5'-phosphoribosyl-1-pyrophosphate,7339,7339.sdf,C5H13O14P3,C([C@@H]1[C@H]([C@H]([C@H](O1)OP(=O)(O)OP(=O)(O)O)O)O)OP(=O)(O)O
160,30.0,Purchased,"alpha-D-Glucose 1,6-bisphosphate ",Sugar bisphosphates,,"α-D-glucose-1,6-bisphosphate",82400,82400.sdf,C6H14O12P2,C([C@@H]1[C@H]([C@@H]([C@H]([C@H](O1)OP(=O)(O)O)O)O)O)OP(=O)(O)O
161,33.0,Purchased,"D-fructose 1,6-bisphosphate ",Sugar bisphosphates,,"D-fructose-1,6-bisphosphate",10267,10267.sdf,C6H14O12P2,C([C@@H]1[C@H]([C@@H]([C@](O1)(COP(=O)(O)O)O)O)O)OP(=O)(O)O
162,73.0,Synthesized,"beta-glucose-1,6-bisphosphate",Sugar bisphosphates,,"B-glucose-1,6-bisphosphate",447467,447467.sdf,C6H14O12P2,C([C@@H]1[C@H]([C@@H]([C@H]([C@@H](O1)OP(=O)(O)O)O)O)O)OP(=O)(O)O
163,74.0,Synthesized,"D-glycero-beta-D-manno-heptose-1,7-bisphosphate",Sugar bisphosphates,,"D-glycero-beta-D-manno-heptose-1,7-bisphosphate",46906053,46906053.sdf,C7H16O13P2,C([C@H]([C@@H]1[C@H]([C@@H]([C@@H]([C@@H](O1)OP(=O)(O)O)O)O)O)O)OP(=O)(O)O
164,77.0,Synthesized,"D-glycero-alpha-D-manno-heptose-1,7-bisphosphate",Sugar bisphosphates,,"D-glycero-alpha-D-manno-heptose-1,7-bisphosphate",46906052,46906052.sdf,C7H16O13P2,C([C@H]([C@@H]1[C@H]([C@@H]([C@@H]([C@H](O1)OP(=O)(O)O)O)O)O)O)OP(=O)(O)O
165,129.0,Synthesized,"D-glucose-3,5-diphosphate",Sugar bisphosphates,,"D-glucose-3,5-bisphosphate",0,G165.sdf,C6H14O12P2,O=C[C@H](O)[C@@H](OP(=O)(O)O)[C@H](O)[C@@H](CO)OP(=O)(O)O
166,130.0,Synthesized,"D-glucitol-3,5-diphohsphate",Sugar bisphosphates,,"D-glucitol-3,5-diphosphate",0,G166.sdf,C6H16O12P2,O=P(O)(O)O[C@H](CO)[C@@H](O)[C@H](OP(=O)(O)O)[C@@H](O)CO
