,BKACE_label,Genome,Enz.Qty_T1_A,Enz.Qty_T2_A,Enz.Qty_T1_B,Enz.Qty_T2_B,Enz.Qty_T1_C,Enz.Qty_T2_C,Enz.Qty_T1_D,Enz.Qty_T2_D,Gel.Lysat_T1_A,Gel.Lysat_T2_A,Gel.Lysat_T1_B,Gel.Lysat_T2_B,Gel.Lysat_T1_C,Gel.Lysat_T2_C,Gel.Lysat_T1_D,Gel.Lysat_T2_D,Sequence,Name
0,BKACE137,Acidiphilium cryptum (strain JF-5),0.083,0.081,0.064,0.111,0.083,0.081,0.083,0.081,++,++,++,+,++,++,++,++,RKVIITCAITGAIHTPSMSPHLPVTPEEIADSAVAAAEAGAAILHLHARDPETGRPDQSPEAFGRFLPRVKQRTNAVINLTTGGAPYMTVEERVQPAATFRPEVASLNMGSMNFMLDRFKDFKHPWEREALEASRDLVFRNTFRDIEFVLRTLGEAGTRFEFECYDTAHLYNLAHFLGRGLVKPPLFIQTVFGILGGIGPHPEDVMHMKRTAGDQYRWSVLGAGRNQMPIAAQAAAMGANVRVGLEDSLWIGPGQLAESNAQQVRKVRQILEGLGLEIATPDEARQILSLKGADRVAF,BKACE137
1,BKACE503,Agrobacterium tumefaciens (strain C58 / ATCC 33970),0.103,0.092,0.121,0.099,0.103,0.092,0.103,0.092,+,+,++,+,+,+,+,+,RDVFITCAVTGSGQSHTKSSLVPITPAQIADACIEAAKAGAAIAHVHVRDPDTGAPSRDPALYREVVERVRASDTDVVLNLTAGQSDLVGATERLVHVEELLPEICTLDCGTMNFDYVMTNTPGTLRAMARRIQAAGVRPEIEVFDTGHLWLAKTLVDEGLIDDPVMIQLCMGIPYGAPADINSLMAMVNNPQGWTYSMFSIGRMQLPYVAQAALAGGHVRVGLEDNIWLDRGVLARNGDLVERAATILTAMGCRILTPQEVREKLKLLRR,BKACE503
2,BKACE257,Alistipes putredinis DSM 17216,0.156,0.207,0.192,0.194,0.156,0.207,0.156,0.207,++,++,++,++,++,++,++,++,KLIITAAICGAEVLKEHNPAVPYTVEECAREAKSAYDAGASIIHLHVRNDDGQPTQDKNRFKQVMDAIRAVCPDVIIQPSTGGAVGMTNDERLQPTELLPEMATLDCGTLNFDEIFENTENTIKYFGQKMIERGIKPELEVFDKSMIEMALRLHKKGYIADPMHFDFVMGVNGGIGGDIRDFVFLRGSPADATYTVAGVGRYEFPLAALAIIDGGHVRVGFEDNVYLSKGVPAKSNGELVEKVVRMAKEFGREVATPDEARRILGLKK,BKACE257
3,BKACE208,Alkaliphilus oremlandii (strain OhILAs) (Clostridium oremlandii (strain OhILAs)),0.09,0.102,0.09,0.099,0.09,0.102,0.09,0.102,++,++,++,++,++,++,++,++,KTIITVATTGAWPTKKDNPNIPLTPEEIAEDVYQCYKAGAAIAHLHMRDDEGQGTMDKERFEKTVQLIREKCDIVLNLTTSGDLNATDETRQAHLKSIKPELASYDCGSMNWQTVFLNTPSFLEELGHTMQAYDVKPEIEIFDGGMVYNSLYYLKKGVLKGPLHYQFVLGAAGGMAATIENLVFLKSLPEGSTWSALGIGKGHVPIMLAAIAMGGHIRVGMEDNVMFNKGELAESNAQFVTRAANIIRESGNEVATPQEAREILGLK,BKACE208
4,BKACE209,Alkaliphilus oremlandii (strain OhILAs) (Clostridium oremlandii (strain OhILAs)),0.063,0.053,0.061,0.051,0.063,0.053,0.063,0.053,-,-,-,-,-,-,-,-,KLIITAALTGAEVTRENQPNLPLTPDEIAEAAYQCYLAGASIVHVHARDAEGNPTQSYDVYKEIKEKIEAKCNIIFQPSTGGAVWHGPEERLQPVDLKPEMATLSAGTCNFPDVFMNTEEYIEKFATKMKEMGVKPEIEVFERGMIENAKKLVKQGLVETPLHFDFVLGVPGACPATPEDLLYMVRNPEGSTWTVAGIGRHELPLATMGIILGGHVRVGFEDNVYYGKGQLAQSNAELVERVVRIAKELGREVATPDEARRILNI,BKACE209
5,BKACE358,Archaeoglobus fulgidus,0.059,0.053,0.064,0.054,0.059,0.053,0.059,0.053,++,++,++,++,++,++,++,++,DVVIVTCAITGAIHTPSMSPYLPVTPDQIVEEAVKAAEAGAGMVHIHARDPKDGRPTTDVEVFRYICREIKKQSDVVINVTTGGGGTLPVEERAKVVPALKPEIATFNMGSMNFLLKKYKEFKYDWEPEYLEMTRDIVFRNTFKDLEALSRIFKENDTKPELECYDIGQIYNTAFMFHEGYLEPPLRLQFIHGILGGIGTAVEDVLFMKQTAGREYTWSLVGAGRFQMPLGTLAVIMGGDVRVGLEDSLYIERGKLAKSNAEQVEKMVRIVKELGKRPATPDEVREILGLKGKERVNF,BKACE358
6,BKACE198,Azorhizobium caulinodans (strain ATCC 43989 / DSM 5975 / ORS 571),0.096,0.107,0.085,0.128,0.096,0.107,0.096,0.107,-,-,-,-,-,-,-,-,SKVIITCAVTGGIHTPTMSDALPITPSEIAEQAIAAAEAGAAILHLHARDPKDGRPTPDPKVFMEFLPRIKQSTDAVINITTGGGLNMTVEERLAAPLQAAPEMCSLNMGSMNFLAKRYKDWKHDWEEPYLSGTKDFIFRNTFGDIERIYKLLGEGHGTKFEHECYDVGHLYNLAHCLDQGWFRPPVFLQLIFGILGGIGPDLDNLMFMKRTAGKDYHWSVLAAGRHQMNFATQAAMMGGNVRVGLEDSLFIGKGQLAKNNAEQVAKIRRILEELGHEIATPDEARATLGLKGADLVKF,BKACE198
7,BKACE417,Bermanella marisrubri,0.08,0.107,0.129,0.134,0.08,0.107,0.08,0.107,++,++,++,++,++,++,++,++,DKVVITCALTGVLTNPQQHPVPVTAKQMAQSAKEAYDAGASCMHIHFRQQQEGKGHLPSWDPDVALEISDAIREACPGVIINYTTGTIGRDQKGPIECIRKGKPEIAACNAGSLNYSNGTWAWPPMLFENTVDKIKEMLEVCKETGARPEFECFDMGIVRSVGMYQEVGMWDKKLDYNLVMGVNSGMPADPDLLPILLKYKPGSHWQATVIGREEVQVHKKVAELGGNLRTGLEDTFYLPGGEKATSNGQLIEAMAKVAKDAGRQVATPQEAREIF,BKACE417
8,BKACE244,Bordetella petrii (strain ATCC BAA-461 / DSM 12804 / CCUG 43448),0.103,0.106,0.091,0.113,0.103,0.106,0.103,0.106,++,++,++,++,++,++,++,++,EKVIITCAVTGSVHTPTMSEHLPLTPAQIAEQAIEAAEAGAAILHLHARDPRDGRPTADPAVFDEFIPRIRDATDAVINITTGGSTRMTLEERLAYPLRAKPEMCSLNMGSMNFAARRISEWKHGWEKPYIEGMEDLIFRNTFRDIRHILKVLGEECGTRFEFECYDMGHLYNLAHFVDEGLIKGPLFIQSIFGILGGMGPDPENLVAMKTTAGRDYRFSVLGAGRHQMPLVTMGAILGGNVRVGLEDSLYLARGQLAKSCAEQVGKIRRILSELSLDIATPAEARAMLGLKGADAVAF,BKACE244
9,BKACE514,Bradyrhizobium japonicum,0.114,0.081,0.117,0.096,0.114,0.081,0.114,0.081,-,-,-,-,-,-,-,-,DKAVITCALNGVLTDPKQHNVPVTPEQMAREARAAFDAGASIMHIHLRQQAPNKGHLPSWEVGVSKEIQQAIREACPGVIINHTSGVSGPNYSGALDCIRETKPEIAACNAGSLNYADNTWAWPPMMFDNAVEKVKDYLDVMNAVGTIPEFECFDVGIVRCVGMYTQVGMYKGPLEYNFVMGVASGMPSDPDLLPILIKLRPEAHWQVTAIGREEIPLHQRCAELGGHLRTGLEDTFYLADGTKVTSNGQLIEAVAACARRAGREIASPAEARKIFGTNR,BKACE514
10,BKACE813,Brevundimonas subvibrioides ATCC 15264,0.057,0.089,0.109,0.112,0.057,0.089,0.057,0.089,++,++,++,++,++,++,++,++,DKVIITCAPTGSIHTPSMSPYLPVTPAQIASAAIEAAEAGASILHLHARDPVDGRPSPAAEHFMAFLPQIRAATDAVINISTGGSAVMSLDDRLDGARATRPELCSLNMGPLIFAGSRVDHWQHDWERDYVAGSRGRIMYNDNAYIERIMVEIGQGFGTRFEFECYDIGHLYTLAHFADLGLIKPPFLIQGVFGILGGMGPDPRNLVHMVTIAGDDYVFSAFAAGRHQIPFCTQSALLGGNVRVGLEDSLFISRGELAQSSADQVRLIRGILAGLGKEIATPAEARATLGLKGADLVNF,BKACE813
11,BKACE364,Burkholderia ambifaria (strain ATCC BAA-244 / AMMD) (Burkholderia cepacia (strain AMMD)),0.099,0.104,0.125,0.111,0.099,0.104,0.099,0.104,++,++,++,+,++,++,++,++,HEVIITCAVTGAGDTVGKHPAIPVTPKEIASAAIEAAKAGATVAHCHVRDPQTGRGSRDPNLYREVVDRIRSADVDVIINLTAGGTDLVGGLTRLAHVEELLPEICTLDCGTLNFDYIYVSTPAQLRAGAKRIQELGVKPELEIFDTGHLWFAKQLLKEGLLDDPPLFQLCLGIPWGAPADTGTMKAMVDNPPGAHWAGFGIGRMQMPMVAQAMLLGGHVRVGLEDNIWLDRGVHATNGTLVERAREIIERLGARVLTPAEGRRKLGLPARGERLLERRAA,BKACE364
12,BKACE365,Burkholderia ambifaria (strain ATCC BAA-244 / AMMD) (Burkholderia cepacia (strain AMMD)),0.091,0.079,0.109,0.102,0.091,0.079,0.091,0.079,-,-,-,-,-,-,-,-,RKVIITCAPTGAIHTPSMSPYLPVTPHQIETAAVAAAQAGAAILHLHARNPSDGKPTQDPAVFAEFLPRIKAQTDAVINLTSGGSPHMTVDERLQPALHFQPEIASLNMGSMNFMLERFRELKHPWEREHLEKSRDLVFKNTFADIETILTRCGANGTRFEFECYDISHLYNLAHFVDRGLAKPPFFVQSVFGLLGGIGAHPEDLMHMRRTAGQDYVWSILGAGRNQIPLATIGAAQGANVRVGLEDSLWIAPGQLAESSAAQVLKMRQVLEGLSLEIATPAEARAMLDLKGGDAVRF,BKACE365
13,BKACE297,Burkholderia ambifaria (strain MC46),0.087,0.125,0.081,0.092,0.087,0.125,0.087,0.125,++,++,-,-,++,++,++,++,HEVIITCAVTGAGDTVGKHPAIPVTPKEIASAAIEAAKAGATVAHCHVRDPQTGRGSRDPNLYREVVDRIRSADVDVIINLTAGGTDLVGGLTRLAHVEELLPEICTLDCGTLNFDYIYVSTPAQLRAGAKRIQELGVKPELEIFDTGHLWFAKQLLKEGLLDDPPLFQLCLGIPWGAPADTGTMKAMVDNPPGAHWAGFGIGRMQMPMVAQAMLLGGHVRVGLEDNIWLDRGVHATNGTLVERAREIIERLGARVLTPAEGRRNLGLPARGERLLERRAA,BKACE297
14,BKACE298,Burkholderia ambifaria (strain MC46),0.095,0.112,0.108,0.105,0.095,0.112,0.095,0.112,++,++,-,++,++,++,++,++,RKVIITCAPTGAIHTPSMSPYLPVTPHQIETAAVAAAQAGAAILHLHARNPSDGKPTQDPTVFAEFLPRIKAQTDAVINLTSGGSPHMTVDERLQPALHFQPEIASLNMGSMNFMLERFRELKHPWEREHLEKSRDLVFKNTFADIETILTRCGANGTRFEFECYDISHLYNLAHFVDRGLAKPPFFVQSVFGLLGGIGAHPEDLMHMRRTAGQDYVWSILGAGRNQIPLATIGAAQGANVRVGLEDSLWIAPGQLAESSAAQVLKMRQVLEGLSLEIATPAEARAMLDLKGGDAVRF,BKACE298
15,BKACE291,Burkholderia ambifaria MEX-5,0.093,0.099,0.102,0.094,0.093,0.099,0.093,0.099,++,++,-,-,++,++,++,++,HEVIITCAVTGAGDTVGKHPAIPVTPKEIASAAIEAAKAGATVAHCHVRDPQTGRGSRDPNLYREVVDRIRSADVDVIINLTAGGTDLVGGLTRLAHVEELLPEICTLDCGTLNFDYIYVSTPAQLRAGAKRIQELGVKPELEIFDTGHLWFAKQLLKEGLLDDPPLFQLCLGIPWGAPADTGTMKAMVDNPPGAHWAGFGIGRMQMPMVAQAMLLGGHVRVGLEDNIWLDRGVHATNGTLVERAREIIERLGGRVLTPAEGRRKLGLPARGERPLERRAA,BKACE291
16,BKACE328,Burkholderia cepacia (strain J2315 / LMG 16656),0.046,0.051,0.053,0.044,0.046,0.051,0.046,0.051,-,-,-,-,-,-,-,-,DKVVITVAPYGPEWMPADFPEDIPVTMDEHVQKAVDCYNAGATVLHLHVRELDGKGSKRLSKFNELLGRLREAVPDMILQVGGSISFAPEGDGAEAKWLSDDTRHMLAELTPKPDQVTVAINTVQMNITELMSRKDIAGTSLNEAALWDAYREMTVPAGPGWVDEHLRRLQAAGIQPHFQLTGMHALETLERIIRRGVYRGPLNVTWVGIGGGFDGPNPYNFMEFVRRCPDGACITLESLMKNVLPINTVAMALGLHPRCGIEDTIIDQKGNRMTSVQQVEQCVRIARELGREIATGKEAKAIYRIGVQYDGVDETLAQ,BKACE328
17,BKACE272,Burkholderia graminis C4D1M,0.084,0.102,0.095,0.104,0.084,0.102,0.084,0.102,+,+,+,+,+,+,+,+,SKVIITCAVTGSAHVPSMSEYLPLTPDDIKTQALEAAEAGAAILHLHARNPQDGRPTPAPEVFRQFVPAIAAQTDAVINISTGGSTRMTLDERLAYARVAKPEMCSLNMGSMNFVAARISSWRFDWEKEYVEGMEDMIFRNTFRDIKNILTEFHDYGTRFEFECYDVGHLYNLAYFIDIGLIKPPFFIQSVFGILGGIGPDPENLALMRSTAGREYQFSVLGAGRHQMSLVTMGAIMGGNVRVGLEDSVYLSRGVKARSNAEQVRKIRRILEELSFEIATPADARAMLGLKGRESVSL,BKACE272
18,BKACE273,Burkholderia graminis C4D1M,0.095,0.095,0.118,0.101,0.095,0.095,0.095,0.095,+,+,-,-,+,+,+,+,PKVIVTIAPTGGMASKKQNPHLPTQPDEIARDVYDCFNAGASVVAIHARRPDDGATCNPAIYRDINARIRAQCDIVINNSTGGGVHILWEERLKGLEAGAEMCTLDATTIIASFDDKELLMHTSPQRSKQLAAEMKKRGIKPEWEVFSPTHIAQDVATLTAAGFDTEPFFVNIVLGAHNAMPYTPRVLQSMVDLPKGSIFCVSGIGPAQLPSAMNSLLLGGHVRVGLEDNLYYGPGELATNVQLTERIVRLVREMGYEPATPAEARDIIGLRPGSHLHL,BKACE273
19,BKACE274,Burkholderia graminis C4D1M,0.089,0.103,0.089,0.109,0.089,0.103,0.089,0.103,++,++,-,++,++,++,++,++,RKVIITCAPTGAIHTPSMSPYLPVTPQQIGDAALAAAKEGAAIIHLHARDPDDGHPTQDPAVFQEFLPRIKAECDAVINLTTGGSPHMTVAERLKPAHHFQPEVASLNMGSMNFMLERFKELKYDWERKHLENSRDLVFKNTFADIEYILTSCGANGTRFEFECYDISHLYNLAHFVDRGLAKPPFFVQSVFGLLGGIGAHPEDLAHMRRTAGKDYVWSILGAGRNQIPLASIGVAQGSNARVGLEDSLWIEPGKLAESSAAQVRKIRQVIEGLSLDIATPAEAREMLQLKGAANTNF,BKACE274
20,BKACE275,Burkholderia graminis C4D1M,0.11,0.09,0.099,0.11,0.11,0.09,0.11,0.09,-,-,-,-,-,-,-,-,RKVIVTCAVTGAIHTPTLSDYLPYKPEDIAEQAIAAAQAGASILHLHARDPETGAPTGNPEIFSKFLPVIKERTNAVINLTTGGSPEMTVEDRLAAALKFHPEMCSLNMGSINFLAGKISEWKFPWEKEYLLASEAFIFRNTFRDIARIYELMTDHGTRFEHECYDIGHLYNLAYFLDKGLVKPPLFIQSVFGILGGIGPEADNVVFMRRTAGTDYIWSVLAAGRHQMPVAAQSALMGGNVRVGLEDSLYIERGQLARSNADQVVKITRMLNEFSLEVATPDEAREMLHLKGGDNVSF,BKACE275
21,BKACE309,Burkholderia phymatum (strain DSM 17167 / STM815),0.092,0.112,0.118,0.167,0.092,0.112,0.092,0.112,++,++,++,++,++,++,++,++,QPCIISVAITGSVPRKKDNPAVPISVPEQVESTHEAYEAGATLVHLHVRDEEERSSSDRNSFAALQEGIRKHCPDIIVQFSTGGRGRSFEQRGAMLDLRPDMASLATGSVNFTTVYENPPDFVRMLAQTMLDHDVKPEIEIFDLAMLYSTVDLVQQGLLKEPVHVQFVMGVKNALPARREILEFEVEQLPTATWTAAGIGRHQLEVNHWTLEMGGHCRTGLEDNVRWDKDTLAKSNAQLVQRVADLCGQYGRPVATAKQAREMLALRPAA,BKACE309
22,BKACE310,Burkholderia phymatum (strain DSM 17167 / STM815),0.08,0.075,0.098,0.078,0.08,0.075,0.08,0.075,++,-,-,-,++,-,++,-,HEVIVTCAVTGAGDTVAKHPAIPVTPKQIADAAIEAAKAGATVAHCHVRDPRTGRGSRDPNLYREVVDRIRSADTDVIINLTAGNTDLVGGLTRLAHVEELLPEICTLDCGTLNFDYVYVSTPAQLRAGAKRIQELGVKPELEIFDTGHLWFAKQLLKEGLLDAPPLFQLCLGIPWGAPADTATMKAMVDNPPGAHWAGFGIGRMQMPMLAQAMLLGGHVRVGLEDNIWLDKGVPASNGSLVARAVEIIERLGGRALTPAEGRKKLGLPARGERPLEKRAV,BKACE310
23,BKACE311,Burkholderia phymatum (strain DSM 17167 / STM815),0.127,0.081,0.13,0.15,0.127,0.081,0.127,0.081,++,+,++,++,++,+,++,+,DKVVITVAPYGPEWMPEDFPEDIPVTMEAQVQKAVDCYNAGATVLHLHVRELDGKGSKRLSKFNELIAGVRAAVPDMIIQVGGSISFAPENDGQAAKWLSDDTRHMLAELDPKPDQVTVAINTTQMNIMELLYPEYLAGTSLANPAYQAAYSEMTVPAGPAWVEEHLRRLQASGIQPHFQLTGMHALETLERLVRKGVYTGPLNLTWIGIGGGFDGPNPFNFFNFIHRAPNGCTLTAESLLKNVLPFNTMALAMGLHPRCGIEDTIIDQHGNRMTSVQQIEQTVRIARELGREIASGKEAREIYRIGVQYRDADETLAA,BKACE311
24,BKACE312,Burkholderia phymatum (strain DSM 17167 / STM815),0.112,0.111,0.127,0.147,0.112,0.111,0.112,0.111,++,++,++,++,++,++,++,++,DKVVITVAPYGPEWMPEDFPEDIPVTMEAQVQKAVDCYNAGATVLHLHVRELDGKGSKRLSKFNELIAGVRAAVPDMIIQVGGSISFAPENDGQAAKWLSDDTRHMLAELDPKPDQVTVAINTTQMNIMELLYPEYLAGTSLANPAYQAAYSEMTVPAGPAWVEEHLRRLQASGIQPHFQLTGMHALETLERLVRKGVYTGPLNLTWIGIGGGFDGPNPFNFFNFIHRAPNGCTLTAESLLKNVLPFNTMALAMGLHPRCGIEDTIIDQHGNRMTSVQQIEQTVRIARELGREIASGKEAREIYRIGVQYRDADETLAA,BKACE312
25,BKACE314,Burkholderia phytofirmans (strain DSM 17436 / PsJN),0.093,0.09,0.1,0.118,0.093,0.09,0.093,0.09,++,++,++,++,++,++,++,++,RKVIISCAVTGATHTPSMSEYLPVTPAQIAAQSIEAAEAGAAILHLHARNPADGKPTPSPEVFRQFVPAIVEATDAVINVTTGGSTRMTLADRLAYPRLAKPEMCSLNMGSMNFIAARMQSWRYDWEKDYIEGMEDTIFRNTFKDIKSILLELGEAGTRFEFECYDVGHLYNLAHFVDQGLIKPPFFIQSVFGILGGLGADPENMTVMRSTAGREYQFSILGAGRHQMAFVTMGAIMGGNVRVGLEDSVYLSKGVKAESNAQQVRKIRRILEELSFEIATPAEARQMLGLKGADKVSF,BKACE314
26,BKACE315,Burkholderia phytofirmans (strain DSM 17436 / PsJN),0.093,0.087,0.131,0.11,0.093,0.087,0.093,0.087,++,++,++,++,++,++,++,++,KPCIISVAITGSLPRKKDNPAVPITVNEQVESTQAAFEAGASLVHLHVRNDDETPTSNPDRFALVLEGIRKHAPGMITQVSTGGRSGAGNERGAMLSLRPDMASLATGSVNFTRVYDNPPDLIDWLAAEMKAYGIKPEVEAFDLSMIFQAAAMQAAGAIVGPLHIQFVMGIKNAMPVDREVLEFYVRTSPDATWTGAGIGRNQLTMARWSLELGGHCRTGLEDNVRMDKNTLAPSNSALVRQVAELCEEFGRPVATAAQAREILNLS,BKACE315
27,BKACE385,Burkholderia xenovorans (strain LB400),0.069,0.071,0.088,0.09,0.069,0.071,0.069,0.071,-,-,-,-,-,-,-,-,ERVIITCAVTGSIHTPSMSPYLPVTPEQIAADSVAAAQAGAAMLHLHARNPRTGRPEQTPERFMEFLPRIREQCGAILNITTGGGLGMTLEERLAPAIAARPEVASMNMGSLNFAAGKIRQFQHEWEKPYLEGTNDFILSNTFSQIEHGMRVLGESGTRFEFECYDVGHLYNLAHFVDRGLVKPPFFVQCIFGILGGIGADPENLLHMRAIAGADYLLSVLAAGRHQMPFVSLSAILGGSVRVGLEDSLFIARHQLARSNAEQVAKIRRIVEELGLTVATADEARAMLATKGGDNVGF,BKACE385
28,BKACE386,Burkholderia xenovorans (strain LB400),0.097,0.092,0.123,0.119,0.097,0.092,0.097,0.092,++,++,+,+,++,++,++,++,RKVIITCAVTGAIHTPSMSPYLPVTPDEVAQASIGAAEAGAAVIHLHARDPRDGRPTQDPAAFAEFLPRIKSNTDAVINLTTGGSPHMTVEERLRPATHYMPELASLNMGSMNFMLERFKEFAHGWEREHLERSRDLVFKNTFADIEFILKTCGGNGTRFEFECYDTSHLYNLAHFVDRKLATPPFFVQTVFGLLGGIGPHPEDLAHMRRTAGADYVWSILGAGRHQIPLASIGAAQGANVRVGLEDSLWIAPGELAETNAAQVRKIRQVIEGLSLEVASPAEARTMLGLKGPQNVNF,BKACE386
29,BKACE388,Burkholderia xenovorans (strain LB400),0.064,0.059,0.095,0.097,0.064,0.059,0.064,0.059,++,++,+,+,++,++,++,++,PKVIVTIAPTGGMASKQQNPHLPTQPEEIASDVYDCYNAGASVVAVHARRPDDGATCDAAIYRDINTRIRAKCDIVINNSTGGGVHILWEERLKGMDAGAELCTLDATTIIATFGGKELLMHTSPERSKHLAVEMKKRGIKPEWEVFSPTHIVQDVAALTAAGFDEEPFFINLVLGVHNAMPYSPRVLQSMVDLPKGSIFCVSGIGPAQLPSAMNSLLLGGHVRVGLEDNLYYSAGELATNVQLVERVVRLVREMGYEPATPREAREIMGLPRSSGPRPDFAMQ,BKACE388
30,BKACE389,Burkholderia xenovorans (strain LB400),0.069,0.075,0.106,0.09,0.069,0.075,0.069,0.075,++,++,+,+,++,++,++,++,KKIIITCAVTGSIHTPTMSPYLPITPEEIVKEGVAAAEAGAAMLHLHARDPLNGRPSQDPDLFMRFLPQLKERTDAILNITTGGGLGMSLDERLAPARAARPEVASMNMGSLNFAAAKFDTFKFDWERPYLAGTRDFILSNTFSQIERGMTELGASGTRFEFECYDVGHLYNLAHFVDRKLVEPPFFLQCVFGILGGIGADPENLLHMRTIAGQDYYLSVLAAGRHQMPFVTMSAILGGNVRVGLEDSLYSGKGQLATSNAEQVRKIRRIIEELSLDIATPDEARAMLKTKGANETSF,BKACE389
31,BKACE643,Carboxydibrachium pacificum DSM 12653,0.044,0.028,0.038,0.026,0.044,0.028,0.044,0.028,-,-,-,-,-,-,-,-,KLIITAAICGAEVTKKHNPNVPYTVEEMVREALSAYNAGASIIHLHVRYDDGTPTQDKERFREVIEAIKAKCPDVIIQPSTGGAVGMTPEERLQPVYLKPEMASLDCGTMNFDEIFVNTENMIIEFATKMNELGVKPELEVFDKGMIDAAIRLHKKGYIKAPMHFNFVMGVNGGISAEMRDFVFLMESPPGSTFTATGIGRYEFPVATMAILAGGHVRVGFEDNVYLEKGVLAKSNGELVEKVVRIARELGREIATPDEARKILGLEVKP,BKACE643
32,BKACE321,Chlorobaculum parvum (strain NCIB 8327),0.068,0.063,0.082,0.066,0.068,0.063,0.068,0.063,-,-,-,-,-,-,-,-,PLVINVCLTGMIPQKEFTAYVPVHPEEIITQAVEAHDLGASIVHLHARNHDGTPTSNPAVFEQIISGIRRERPDLICCATTSGRGGLSFEERAAVLHLEGNAKPDMASLTLSSLNFTGPSVNGPSTIERLAQTMKEQGIKPELEIFDAGMINFARYLERHRIIGGTKYFNILLGGISSAPATIHSLSYLVQSPGNSIWSAAGLGGFQLPMNTISMAAGGHVRVGLEDNVYFDAARTRLATNADLVRRVVRAAKLLERPIASVQETRRLLGLGTTISQH,BKACE321
33,BKACE419,Chromohalobacter salexigens (strain DSM 3043 / ATCC BAA-138 / NCIMB 13768),0.095,0.106,0.117,0.12,0.095,0.106,0.095,0.106,+,+,+,+,+,+,+,+,RNVILTCAITGAGDTADKHPDLPITPKQIADSAIEATRAGASIVHLHVRDPETGGVSHSTEYFREAVGRIREADVDAVINITAGGTDLQTPAERHEPVGELLPEICTLDCGSLNFDMVYLNTADWLREHARLVKDAGVKPELECFDLGHVWFARQLIEEGLIEGDPLFQLCLGIPWGAEADTETMLAMRNKPANAHWSAFGIGRSEMPMVAQSMLLGGHVRVGLEDNLYLSRGVFATNAQLVERAATIAENLGGRVQTPAETRQTLGLRQP,BKACE419
34,BKACE267,Cloacamonas acidaminovorans,0.069,0.083,0.06,0.095,0.069,0.083,0.069,0.083,+,+,+,+,+,+,+,+,PLILTAAITGAETTRADQPNLPITPEEQAKEAKACFEAGARVIHLHIREDDGRPSQRLDRFQEAISAIREVVPEIIIQISTGGAVGESFDKRLAPLALKPEMATLNAGTLNFDDIFINHPADIIRLAEAFKQYNVVPEVEVYESGMVDAVARLIKKGIITQNPLHIQFVLGVPGGMSGKPKNLMYMMEHKETATWAVAGIGRWHIPTSLIAMVTGGHIRCGFEDNIFYHKGVIAESNAQLVARLARIAKEIGRPLATPEQAREILALNK,BKACE267
35,BKACE210,Clostridium bolteae ATCC BAA-613,0.089,0.073,0.095,0.081,0.089,0.073,0.089,0.073,++,++,++,++,++,++,++,++,NKVLVNVAPVSAEDKVIIPEKIAEDVYKCYKAGAAMVHLHVRDREGRLTPDMSLLEETLAMIRRDSDIIIEVSTGGVSDLNIRERCAPLYSELVEACSLNVGSTNLKAVYCNPIDDVEYCIREILKQKKTPEVETFEIGHTWTMARLMEKYDFADPVLFSVVLGHEGEAPATPQALAAMIQMPSNAVWGITQAHRKDFSLLAGALGMGARTVRIGFEDSNYLDAQTQVTSNAPLVEKTVKLLRAMDKEPMLPDEARELFRIGR,BKACE210
36,BKACE211,Clostridium bolteae ATCC BAA-613,0.098,0.067,0.114,0.082,0.098,0.067,0.098,0.067,++,++,++,++,++,++,++,++,MKKVIIEARVNEYAMRDMNPNVPWTVQELVDEAQRVREAGASIMHFHARTAAGEPNNHAEVYAEIIEKVREKTDILLLPTLGFNSNDKDSSRIKIISELAKKESTKPDIIPLDTGSVNLEEKGCFTESDSIYTNSTSTLEFCAREMLNYKIKVKMTCWDVGFVRRGRKLIDMGLITKPGYFLFHLKYITGHPCTVSGVDAMRSVLPDPCYWSANCLGGNLLNVAPHVLKNGGGLAIGIGDYHYKELGAPKNAELIKRAADMAREVDREIASPDEVKAFFNMN,BKACE211
37,BKACE837,Clostridium hathewayi DSM 13479,0.056,0.075,0.068,0.066,0.056,0.075,0.056,0.075,++,++,++,++,++,++,++,++,RKVIISAAITGGVHTPTMSPYLPKTPDDIIKNSIDAYKAGAAVVHIHARKENGEPTADHKTFEYILSSIKKECDVIIGLTTGGAQGMTVEERLSVIDRFRPEMASANGGSINFLADTMENPEYDWEKPFITRTYDNIFKNTFKDMEYCITTMNKCGTMPEYEIFDYGQLSNLAYFKKKGVITQPIYLQFVPGIMGGMPISQEGMMFMIDQSGNDIQFCSVGAGRRMFRTETLCALNGGNVRVGLEDGLYIKPGELAVDNAAQVTKIRRILEDLDFEIADTSDAREMLHLKGIDQVGF,BKACE837
38,BKACE804,Comamonas testosteroni (strain CNB-2),0.058,0.067,0.109,0.074,0.058,0.067,0.058,0.067,++,++,++,++,++,++,++,++,QPLIITAAPYAPGWIPSDFPEDIPITMEEQIQKAVDCYEAGATVLHLHVREDDGKGSKRLSKFNELIAGVRERVPEMIIQVGGSISFAPEGPDGEAKWLSDDTRHMLAELTPVPDQVTVTVNTTQMNVTEHAGEDDFRGVSRGFPHLHKTYKDMIVPSNPSFVEEHIRRLSEKGIQSAFQVYNINSFETIERMIRRGVYKGPLVMNWVAISGGMDQANIYNLANMLRAVPDNAIVTVESSVLNVLPINMIGMALGLHVRCGIEDVLWNQTRTGKMSTVEQIKQLVRIAGEFGRPIATAQQAREIKQIGVFYETADETLAK,BKACE804
39,BKACE110,Congregibacter litoralis KT71,0.13,0.141,0.137,0.155,0.13,0.141,0.13,0.141,++,++,++,++,++,++,++,++,KPLIIEASLNGAASKALNPAVPYSDDEIVADAVACMEAGAALIHNHSDEPIIGSGELDTERYARPWRRLLALRPDAILTPTMPVGQEGVPVETRYKHVEEMATEGLLAQGLVDPGTFNLEEGLFAPSEYLYRNDMTDSRYYVEACRRHNIGMSVSIFEPGFLKFILAYHRAGKLPRGSMIKLYFLPFGMPPTATSLDAYLGMLGDWVPWLVSSFGDDCAGLAEAAIARGGHVQVGLEPYGGERTPTNVELVKEVVEIARRYERPIATPAEAAKMLDLPTYPVSFRQH,BKACE110
40,BKACE323,Cupriavidus taiwanensis (strain R1 / LMG 19424),0.058,0.067,0.058,0.074,0.058,0.067,0.058,0.067,-,-,-,-,-,-,-,-,RKTIITCAVTGNIVTPEQHPGLPVTPAQIADAALEAAEAGAAAAHIHVRDPETGRPSMSLDYYADVMDRIRKRNRSLIINLTTGGTTLLHPSKRVEHIAALRPDVCSLDLNTMNSADVVINTPANVRKMAGIIRAAGVMPELEIFDSGDLNMALDFIREGVLDGPGLWTFVLGVKYGFAPTPETIFYARNMPAGAHWSAFGIGRAEFPIVAQAWLAGGHVRVGLEDNIYLEKGVLAPDNAALVARARDIVRSLGGELASPAQARRTLGLREA,BKACE323
41,BKACE530,Deinococcus radiodurans,0.089,0.104,0.117,0.152,0.089,0.104,0.089,0.104,++,++,++,++,++,++,++,++,MPSLQVCLNGARSQAEHPAVPHTPAELTRDVAQLFAAGARAFHLHVYRGGQQTLAPEAVADTLHAIRAVCPDAELAISTAEGIAATPAERARLVAGWTAWPDTLCVNLSETGIDDVLALAEARGVALEAGLWTPADVQKFRTLQHLSWRRVLLEPDPDTAHAELTILLGALNDLPRLAHGIDDATWPLLRRAAALGFESRIGFEDVLTLPDQSTPAGNLDLYQAGRRLMRAGEAEASRLAHHRT,BKACE530
42,BKACE223,Delftia acidovorans (strain DSM 14801 / SPH-1),0.078,0.07,0.103,0.113,0.078,0.07,0.078,0.07,-,-,-,-,-,-,-,-,QPLIITAAPYAPSWLPSDFPGEIAVTMDEQIQKAVDCYNAGATVLHLHVRELDGKGSKRLSKFNELIAGVRARVPEMIIQVGGSISFAPETDGAAAKWLSDDTRHMLAELEPVPDQVTVTINTSQMNFLEQFDARDIRGTSMEDPAVFNAYREMTVPAQPGWAEEHIRRLSAAGIQSAFQCYNINSFESVERLMRRGIYKGPLVMNWVAIGGGMDAPSIYSLANFVRAVPDGAVLTVESSVLNVLPVNMMGIAMGLHVRCGTEDNLWNQRRTAKMGTVAQIEQLVRIAGEFGRPIATAQQAREICRIGQFYGTVDETLAA,BKACE223
43,BKACE657,Desulfatibacillum alkenivorans (strain AK-01),0.07,0.088,0.116,0.094,0.07,0.088,0.07,0.088,+,+,+,+,+,+,+,+,PKFILNCAVTGAIHTPTMAPYLPIKPKDIADQAVDAIKAGASTVHVHARDPENGMPTGDLDVMGEIVSSINARCDGVVCITTGGGINMTVEQRLAAVPKYKPELASCNLGSINFVAEKFTEWKYEWEKVYLEGSRDFIFKNTFSDLDMVFKIMGEAGTKPELEAYDVGHLHNAHYYFQTRQLKNPVYVQFVMGILGGIASTIPHLLHMKQTAGDKCMFSTIAAGRNEFAMGTTSMLLGGGVRVGLEDNLWLAPGEMAACNAQLVEKMIRIAKEFGYEPYTPDETREILQLKGRDKVAF,BKACE657
44,BKACE216,Desulfococcus oleovorans (strain DSM 6200 / Hxd3),0.095,0.084,0.084,0.1,0.095,0.084,0.095,0.084,-,-,-,-,-,-,-,-,PKLIINAALTGMVATRKDSPHVPLTADEIVADAARCRDAGAAIVHLHARGKDGKPVCEKAYYREIIEGVRDRCPDLIVCASTSGRVHNAFAQRSDVLALTGRARPDMASLTLGSLNFKSASVTDPDMIRQLAESMKAAGIVPELEVFDTSMLYTMKEMIRTGILTPPFYCNLLLGSLFSTPATLFNLACLVKDPYETLWAAAGIGIFQLKMNTAAILMGGHVRVGLEDSLYYDAEKTEPATNPGLVERIARLAETLGRKIATPAEARQMIGLAPA,BKACE216
45,BKACE217,Desulfococcus oleovorans (strain DSM 6200 / Hxd3),0.072,0.07,0.097,0.104,0.072,0.07,0.072,0.07,+,+,+,+,+,+,+,+,EKAIITAALSGAATFKNNNPSVPYTPAEFAEEAAKAYKAGAAMVHVHAKTDDGWPTWDIDRIRQTHDAIKDRTPELIVNLSSAVGMGATAEQRIAQIVAIKPEMASLNTNTMNFRKTGAIFVDYVFENTFTMLQDFGKAMEDNRVKPEIEIYDMGGLDNFCAIAKQGFFTEPLNFNFVWGVTGGQQFRPDTFVALAHAGRKINFTTCGVAKDEFPAIMQSALMGGHMRVGLEDNTRLANGELAKGNYELVEQAVKIAEVLGRTPATPDEARTIMGLRGAD,BKACE217
46,BKACE787,Desulfohalobium retbaense (strain DSM 5692),0.085,0.073,0.074,0.076,0.085,0.073,0.085,0.073,+,+,-,-,+,+,+,+,QDVILTCALTGAGDTTAKNPHVPVTPEAIVADALEAHEAGAAVVHIHVRDPETKQAARRHDLYAEVMQRLQDSGSEVIVNLTAGGTDMATAHERVAHVLDLKPEICTLDCGSLNFDAAYVATPDQLREMAQAITSAGIKPEIECFELGHIWLAKTLLTEGYLNHPPLFQLCMGIPFGAEATPMNMLCMRDNPQGSQWAAFGIGRMQMPFAAQSALLGGHVRVGLEDNIYLEKGVPATNAQLVTKARTMLEAMGCRLLDANAARDHLGLA,BKACE787
47,BKACE693,Dethiobacter alkaliphilus AHT 1,0.082,0.102,0.117,0.104,0.082,0.102,0.082,0.102,++,++,++,++,++,++,++,++,KVIITVAPVGAEATRDDNPNLPLTPTQIIEAVYESWQAGAAIAHLHVRDPQGNPTQDPDIFRQVIEGIKQKCDIIIQVSTGGSTDMTPQQRAAPLTLKPEMATLTTGTVNFSEIFSNPFPLITDFANRMRENNVVPEIEIFDTGMLDTALVLIKKNIISLPLHFDFVLGVPGGMSASARNLAYLADRPENCTWSVAGIGRHELPLGTMALAMGGHVRVGFEDNVYYEKGVPAASNAQLVARITRLAQELGRTPATPNQARKILGLPL,BKACE693
48,BKACE206,Dinoroseobacter shibae (strain DFL 12),0.072,0.107,0.099,0.095,0.072,0.107,0.072,0.107,++,++,++,++,++,++,++,++,KPCIICVAITGSVATKSANPAVPITVAEQVESTHEAFEAGASICHAHVRNDDETPSSDPEKFARLQEGLQKHCPGMIIQFSTGGRSGAGRERGGMLPLRPDMASLTVGSNNFTRVYENPPDLVDWLASEMRAHEVIPEIEAFDLSHIHHAALMHRDGRLATRPYIQFVMGVKNAMPVDRETFDFYRATLPGAEWCGAAIGASQIVMNEWCVAEGGHARTGLEDNVRLDRETLAPSNAALVRRVVELCNQYERPVADPAQAREILGLRPVAA,BKACE206
49,BKACE184,Fervidobacterium nodosum (strain ATCC 35602 / DSM 5306 / Rt1B1),0.065,0.057,0.067,0.072,0.065,0.057,0.065,0.057,-,-,-,-,-,-,-,-,KLIITVAVTGAEVTKQQQPNLPITPDEIAEDVYRCWKAGASIAHIHARLPDGTPTQSKEVYAEIKRKIREKGCDIIIQFSTGGAVWHKPEERIQCLDAEPEMATLSAGSCNFDDVFMNSPSFMELLAMRMKEKGIKPEIEVFEPGMIENALRLVKKGLLELPLHFDFVLGVPGAMTGNIEDLVFLVNKPEGCTWSVAGIGRYELPLAVHAIVMGGHVRVGFEDNIYYRKGELATSNAQLVERIVRIAHEVGREIATPDEARKILGIRREDK,BKACE184
50,BKACE121,Geobacillus thermodenitrificans (strain NG82),0.139,0.148,0.136,0.16,0.139,0.148,0.139,0.148,++,++,++,++,++,++,++,++,KVIITAALTGAFPAKDKNPNIPLTPQEIADDVYEVWKAGAAIAHLHMVDENGQGTMNKERFAETVELIKEKNIDIILNLTTSGDLNATDEERMAHLIELKPEMASFDAGTMNWKTVFYNTPPFLEKLGKTMIENNVKPEVEIFDAGMLYNALYYVKKGVLKEPVHFQFVLGAPGGTAATVENLVYLKSLPENCTWSAFGIGKGHLPILFATLALGGHIRVGMEDNIYYSKNRIAKSNAEFVERAVRIIKEFNKEPATPDEAREILGLKS,BKACE121
51,BKACE226,Hoeflea phototrophica DFL-43,0.078,0.091,0.114,0.113,0.078,0.091,0.078,0.091,+,+,+,+,+,+,+,+,REVFITCAVTGSGSTQDRSPHVPRSPEQIANSAIDAARAGAAIVHCHVRDPETGVPRRDVALYREVTERIREAEVDVVLNLTAGGTDMAGASERMKHILECLPEMCTLDCGTMNFDYVMTNTPGMLRAMGGMMTQLGVKPEIEAFDTGHLWFAKELVKEGVLAPDALVQLCMGVPWGAPDDLNTFMAMVNNPDDWNWSAFSLGRNQMAYVAAAVLAGGNVRVGLEDNLWLGKGQLATNAQLVERAVTIVENMGARVIGPAEVRERLNLTKRAPASA,BKACE226
52,BKACE740,Kosmotoga olearia (strain TBF 19.5.1),0.052,0.068,0.07,0.061,0.052,0.068,0.052,0.068,-,-,-,-,-,-,-,-,KLIITAAVTGAEVTKKQQPNLPITPDEIAEEAYRCYLSGASIVHVHARDPEGKPTQSLEIYREIKEKIEAKCNIIVQPSTGGAVWHTVEERIQPLYLNPEMATLSTGTCNFKDIFANPEEYIERFALEMKKRGIKPEIEVFERGMIENALRLVKKGILEPPLHFDFVMGVPGAIPGNIQDLVYLVNCPPGSTWSVAGIGRYELPLAVHAIAMGGHVRVGFEDNIYYRKGELAKSNAQLVERIVRIAKELGREIATPDEAREILGIRR,BKACE740
53,BKACE833,Kribbella flavida (strain DSM 17836 / JCM 10339 / NBRC 14399),0.113,0.14,0.195,0.183,0.113,0.14,0.113,0.14,++,++,++,++,++,++,++,++,TSTLITVAPTGAETAKADCPALPTTLEELVETAKRCEAAGAAMIHIHIRDADHRPTLDLGRLTETVAAIRENTALIVQLSTGGAVTDPFEHRLRVLEAAPDSCSLTMGTVNFDDVFMNPWPFVTELYQRTQERHVVPEFELFDLGHVAALHRLLDKFGLPYGKVHCDLVMGVPGGMPGTPDALVAAVSSPAATSWSATGVGRTTLPVALTALAKGGHLRVGMEDTLTLAKGQPVTHNAELVERAASLATLAQRPPMSPDEARDLLNVDRRV,BKACE833
54,BKACE3,Labrenzia aggregata IAM 12614,0.095,0.104,0.105,0.119,0.095,0.104,0.095,0.104,+,++,+,++,+,++,+,++,DKIIITCAVTGSIHTPTMSPHLPVTPAEIAGQAIGAAEAGAAILHLHARNPETGQPSAREADFMAFLPEIKAGCSAVLNLSTGGSAIMSLEDRLAGPLKAEPEMCSLNMGTMNFLADRYDTWLHDWEQPFLRGTDDLVFKNTPRDIEFVLTQMGQQRGARFEFECYDVGHLYMLRHFADRGLVKPPFFIQFVFGVLGGIGADPENLQHMKRMAGDDYIFSVLAAGRQQIPFATIAASMGGHVRVGLEDNLYIARGELARSNAEQVTKIRKIVEELGRKVATPDEARQMLGLKGAGGTAF,BKACE3
55,BKACE4,Labrenzia aggregata IAM 12614,0.141,0.156,0.136,0.149,0.141,0.156,0.141,0.156,++,++,++,++,++,++,++,++,RDVFITCAVTGSGGTQDKSPHVPRSPKQIADSAIDAAKAGAAVVHCHVRDPETGAPSRRVELYREVTDLIRAADVDVVLNLTAGGTDMVGATERMAHIRECLPEICTLDCGTMNFDYVMTNTPGMLRAMGAMMTELGVKPEIEAFDTGHLWFAKQLVKEGTLASPALVQLCMGVPWGAPNDLNTFMAMVNAPDDWAWSAFSLGRDQMPYVAASVLAGGNVRVGLEDNLFLEKGVLATNAQLVEKAAGLIEGMGANIIGPQAVREKLGLTKRAPVSA,BKACE4
56,BKACE5,Labrenzia aggregata IAM 12614,0.079,0.065,0.071,0.072,0.079,0.065,0.079,0.065,+,+,++,+,+,+,+,+,PLPLIMAAPNGARRTKSDHPCLPMTISETVAAAKACFHAGAGALHAHVRDPSGAHVLDAGLYRELLSEMRVAVPQMQVQITTEAVGKYTPEQQRELVYNVQPALVSVAVREMVPGENQAKAFYEWAFSHECAVQHIVYSADDLDRFFNLAAAGTLTGDSHQLLFVLGRYAGQESAPEDLVPFLEKLGQVLDWAVCAFGHRETDCLVEAVRRGGKTRIGFENGLWNRSGERAKDNADRVRDLVSALTEHSLMPA,BKACE5
57,BKACE6,Labrenzia aggregata IAM 12614,0.105,0.105,0.108,0.122,0.105,0.105,0.105,0.105,++,++,++,++,++,++,++,++,RNVFITAAITGAGATQDKSRLVPRSPQEIADAAIDAAKAGAAIVHCHVRDPETGAPCRDLGYFRELTDRIRSSEVDVVLNLTAGNTDMAGATERMAHVRECLPEICTLDCGSMNFDYVMMNTTNMLRAMGTMMTQLGVKPEIEAFDTGHLWFATQLVKEGVLEDPALVQLCMGIPWGAPNDLNTFMAMVNNPAGWAWSAFSLGRDQMPYVAASALAGGNVRVGLEDNLYLERGVMATNAQLVEKAANLLSTMGANLMGPQEVRDQLGLVKRAPASA,BKACE6
58,BKACE7,Labrenzia aggregata IAM 12614,0.136,0.136,0.143,0.139,0.136,0.136,0.136,0.136,-,-,-,-,-,-,-,-,MSDALPYTYDDIARQAIDAAEAGASILHLHARTNETGAPSVEPNDFAPFLSRIKQASDAVINISTGGSLTLSIQDRIRPAATFSAEMCSMNMGSMNFLAKRYDNWKFDWEKDYVANSDGNIFRNTFRDIREAAETLAPHAIKFEHECYDVGHLYNLKFCMDAGLFKAPIFIQFVMGILGGIGADIDNLVFMKKTAGDDYRWSVLAAGNAQIPLATTASQMGGNVRVGLEDSLFISRGQLADSNAQQVAKIRRIVEELGNDVATPDEAREILDLKGADRVSF,BKACE7
59,BKACE8,Labrenzia aggregata IAM 12614,0.049,0.06,0.054,0.088,0.049,0.06,0.049,0.06,+,+,+,++,+,+,+,+,KPCIICVAITGSLPRKENNPAVPITVSEQVESTQAAFEAGASIVHAHVRNDDETPSSDPEKFARLKEGLEKHCPGMIIQFSTGGRSGAGKERGGMIALKPDMASLSVGSNNFTRVYENPPDLVDWLASEMRTHHVKPEIEAFDLSHIHQAAAMNRDGRIPGKLYVQFVMGVKNAMPVDRDVFDYYIKTAPDAEWCAAGIGQHQFTLNEWCISLGGHTRTGLEDNIRLDRDTLAPSNAALVKRAADLCDTYERPVATWQQAREILGLPLKAA,BKACE8
60,BKACE686,Labrenzia alexandrii DFL-11,0.084,0.078,0.084,0.075,0.084,0.078,0.084,0.078,+,-,-,-,+,-,+,-,KPCIICVAITGSLPTKENNPAVPVTVAEQVESTHEAFEAGATICHAHVRNEDQSPTSDPEKFARLKEGLDKHCPGMIIQFSTGGRSGAGKARGGMLPLMPDMASLSVGSNNFTRVYENPPDLVDWLAAEMRTYTIKPEIEAFDLSHIHQAAAMNKDGRIPGRLYIQFVMGVKNAMPVDKDVFDYYIKTVPDAEWCAAGIGRHQLTINEWSIAAGGHTRTGLEDNIRLDKDRLAPSNAALVKQAVELCEKYDRPVADWQKAREILRIPLKAA,BKACE686
61,BKACE687,Labrenzia alexandrii DFL-11,0.062,0.078,0.087,0.085,0.062,0.078,0.062,0.078,+,+,+,+,+,+,+,+,KPCIICVAITGSLPLKEHNPAVPVTVSEQIESTQEAFEAGATICHAHVRNDDQTPSSDPEKFARLKEGLEKHCPGMIIQFSTGGRSGAGKTRGGMLPLKPDMASLSVGSNNFTRVYENPPDLVDWLAGEMRTYGVKPEIEAFDLSHIVQAAAMNRDGRIPGNIYIQFVMGVKNAMPADKDVFDFYVKTMPEAEWCAAGIGASQLTLNEWSIAAGGHARTGLEDNIRLDKDCLAPSNAALVKRTAEICAAHHRPVATPVQARDILGLPQHA,BKACE687
62,BKACE688,Labrenzia alexandrii DFL-11,0.089,0.113,0.09,0.106,0.089,0.113,0.089,0.113,++,++,+,+,++,++,++,++,MVAPNGARRTKVDHPRLPMSITETVETAVACFEAGAGAIHAHVRDETGGHVLDKDLYQALLSELNAALPQMQVQITTEAVGKYTPEDQRKLVQELRPSMVSIAVREMLPDIDTAAEFYSWALKEGISVQHILYSAEDLDRFFELVENGSIPGITHQVLLVLGRYDNQESAPEDLHPFLDRLDHEIDWGVCAFGHRETECLVYAIENGGKARVGFENGLWNRDGAVAKDNADRVRDLVSALEEKNISVL,BKACE688
63,BKACE689,Labrenzia alexandrii DFL-11,0.073,0.095,0.083,0.088,0.073,0.095,0.073,0.095,-,-,-,-,-,-,-,-,RDVFITCAVTGSGSTQDKSPHVPRSPKEIADSAIDAARAGAAVVHCHVRDPETGVPSRRLDLYREVTDRIRSADVDVVLNLTAGGTDMIGATERMAHIAECLPEICTLDCGTMNFDYVMTNTPGMLRAMGGMMTELGVKPEIEAFDTGHLWFAKQLVEEGTLTYPALVQLCMGVPWGAPNDLNTFMAMVNAPQDWTWSAFSLGRDQMPYVAASVLAGGNVRVGLEDNLFLEKGVLATNAQLVEKAAGVIEGMGARIAGPVAVRQTLGLTRRAPK,BKACE689
64,BKACE691,Lutiella nitroferrum 2002,0.094,0.081,0.089,0.096,0.094,0.081,0.094,0.081,+,+,-,-,+,+,+,+,HDVIVTCAVTGAGDTVGKHPAIPVTPRQIADAAIEAACAGATVVHCHVRNPDTGKPSRDPKLYRELVDRIRSSGVDMILNLTAGGTDLVGGLERLIHVEELLPEICTLDCGTLNFDYIYVSTPAQLRAGARRIQELGVKPELEVFDTGHLWFAKQLLKEGLLDDAPLFQLCLGIPWGAPADTTTMKAMVDNPPGANWASFGIGRMQMPMVAQAVLLGGNVRVGLEDNLYLDRGVFASNGSLVERAIDLVQKLGARTLTPEEGRQKLGLKKRG,BKACE691
65,BKACE707,Meiothermus silvanus DSM 9946,0.083,0.103,0.088,0.102,0.083,0.103,0.083,0.103,-,-,-,-,-,-,-,-,MSLTLQACLNGARAHPTVPVTPQQIAAEGWRSVEAGVNALHLHPRGAAGKETLQASVCAEVLEAVRAVCPGIVVGLSTGFWIVPDEARRYAQIREWHLLPDYCSVNFSEPGAEELCELLFSRGIGVEAGLANVRDTYRLLERCLRPLIEIDLAEALREAEAIEVLLDKVPRLLHGVDATAWPLLELSLQRGYDVRMGLEDTLALPDGRLASGNAELIAQARILAKKAGQI,BKACE707
66,BKACE827,Methanocella paludicola (strain DSM 17711 / JCM 13418 / NBRC 101707 / SANAE),0.038,0.051,0.05,0.041,0.038,0.051,0.038,0.051,-,-,-,-,-,-,-,-,MVPTRKDSPYVPLTPEEIAEDTYRAYKLGVSSVHVHARDEAGNPTYKKEVYGEIFSAIRRKCPDIIICASTSGRSDRSLEHRAEVLELRPDMASLMMGTVNFKNPSPNSQEDIVALAKRMEEHGVKPELEAFEPGFVNVAKYLASKGHLRPPLHFNLLLGSLGSMPAEARDLVFLAGSPPGSTWAATGIGRFQLQVNVASMLMGGHVRVGLEDSLYYSYPEKSLATNEQLVERVARIARELGREIATPAEARAILGLDH,BKACE827
67,BKACE290,Mycobacterium abscessus (strain ATCC 19977 / DSM 44196),0.052,0.051,0.065,0.086,0.052,0.051,0.052,0.051,-,-,-,-,-,-,-,-,MYLKACLNGVRRKDQHPAIPCTAEEIAADAAACRDAGAAAVHVHAKDAQGFDSLLASAIDPVVAALRARCPGLPVGVTTGAWALADPAARCAAINGWTELPDFASVNWHEEGAAEVAEALLNRGVGVEAGLWNEAAALAWSRSPLRRDCFRVLLELVAGTAVEEQAMRMLTQVAVDVLLHGEDSSAWPMLDLAAARGVAARIGLEDTLRLPEGTTAASNAELVAAGHGRIRTATTREVC,BKACE290
68,BKACE129,Mycobacterium gilvum (strain PYR-GCK) (Mycobacterium flavescens (strain ATCC 700033 / PYR-GCK)),0.089,0.096,0.081,0.115,0.089,0.096,0.089,0.096,++,++,++,++,++,++,++,++,GTIYLKACVNGARTPDHHPNLPVTPDQLAAEAVAVHAAGAKAVHMHPKGADGRDSLRAEEVDAAVAAVREALPGLPLGVTTGFWALPDAQQRLEAIEEWSILPDFASVNWHEPGSPEVAELLLSRGIGVEIGLFHAEAARAWAASEMTQHCMRVMIELGADGDVSRADEILGVVDPAPVLLHGLDESCWPLLEHAGVRRIQARIGLEDTVCLPDGSVADGNAALVAAALELLSR,BKACE129
69,BKACE10,Mycobacterium smegmatis (strain ATCC 700084 / mc(2)155),0.158,0.145,0.165,0.131,0.158,0.145,0.158,0.145,++,++,++,++,++,++,++,++,DKVIITCAVTGGMTVPAQSKAIPITVDEIVRAGVEAAEAGAAVLHVHVREETTGRPVADLDLFERALTELKKNTDAVIQPTTGGGRGMTVEERASVLKFRPEMATFNAGSFNFVAARDLPFADWERDYLEGTTDYIFKNTFADMTYMAEQMRQSETRPEIEVYDVGHIYNLEQLVKDGVLEPPFNLQFVLGVLGANAAEPDQLIHMLRTAGRDFTWSAAGVGYRGEFGLAALSLILGGNVRVGLEDNLRITRTENATSNAQLVRKAVDLAATFDRAPATPDEARQFLGLKGAAAVGF,BKACE10
70,BKACE9,Mycobacterium smegmatis (strain ATCC 700084 / mc(2)155),0.11,0.14,0.128,0.133,0.11,0.14,0.11,0.14,++,++,++,++,++,++,++,++,HTPYVKACINGARTPDQHPNLPVTPDQLADAALSVHRAGAQAVHLHPKADDGTDSLEPDVVAAAVSAVRHAVPGFPLGVTTGFWALPDPKKRLRTVEAWEVLPDFASVNWHEPGSPELAELLLSRGVGVEAGLFHADAARAWAASDMAAHCLRVMVELSPDAGTGTADELLAIVTQAPALLHGLDESAWPLLQHAGQCGVQTRIGMEDTLRLPDGTVADDNAALVTAAVELLSR,BKACE9
71,BKACE25,Mycobacterium vanbaalenii (strain DSM 7251 / PYR-1),0.061,0.044,0.08,0.071,0.061,0.044,0.061,0.044,+,+,+,+,+,+,+,+,AGVYLKACINGARTPDQHPRLPVTPDQLAAEAVAAHRAGASAVHMHPKTADGVDSLLAREVDAAVAAVRHTLPGLPLGVTTGYWALPDAEQRLRAVESWSVLPDFASLNWHEPGSPELARLLLSRGLGVEVGLFHADAARSWAASDVTQHCMRVMVELGADGDTTTADELLGIVAPAPVLLHGLDESCWPLLEHARVRGVQTRIGMEDTLVLPDGSTAEGNAALVAAAVELLSR,BKACE25
72,BKACE301,Natranaerobius thermophilus (strain ATCC BAA-1301 / DSM 18059 / JW/NM-WN-LF),0.09,0.085,0.084,0.098,0.09,0.085,0.09,0.085,+,+,+,+,+,+,+,+,KKPVLTCAITGAGDTISKNKHVPVTPKEIADSAIAAAKAGATVAHIHARDPETGGVSHNVEYYRETVSRIREAETDVIVNITAGGSDIQTPEERHEPIKELLPEMCSLDCGSTNMDMIYVNPAEWVRKQAKLIQESGVKPEIECFDTGHIHLSKQIIQEGLVDGTPLYQFCLGIPWGAEADIETLVSMKNKPANAEWSAFGIGRMQFPIAAHSALMGGNIRVGLEDNLYLKKGVLATNEQLVDKAIDLLGHFGMEPMTPAEAREHYNLLDPK,BKACE301
73,BKACE302,Natranaerobius thermophilus (strain ATCC BAA-1301 / DSM 18059 / JW/NM-WN-LF),0.082,0.11,0.097,0.095,0.082,0.11,0.082,0.11,++,++,+,+,++,++,++,++,KLIITAAICGAEVTKEDNPNLPITAEELAEDAVKAEKAGASIIHLHVRDEEGNPTQDGEVFKKAIDAMKERGVSAIIQPSTGGAAGMSFEERAQPIELKPEMATLDCGTTNFDAIFVNDLPMMREFGKEMKRLNILPELECFEPGHVYNALQLDKENLLPNHLHFDMVLGVPGAMKASLKNLMFMVDLPEGSTWTVAGVGRHELPLATHAILMGGHVRVGFEDNIYYKKGVLAESNAQLVERIARLAEELGREVATPDEAREILKIK,BKACE302
74,BKACE303,Natranaerobius thermophilus (strain ATCC BAA-1301 / DSM 18059 / JW/NM-WN-LF),0.137,0.145,0.163,0.17,0.137,0.145,0.137,0.145,++,++,++,++,++,++,++,++,KLIITAAISGAEATKEDNPNIPVTAEELAEEAIKAEEAGASIIHLHVRDEDGTPTQSKEVFKKAIDAMKERGVTAIIQPSTGGAAGMSFEERAQPVELSPEMATLDCGTTNFDAIFVNDLPMMREFAQSMKKSNILPELECFEPGHVYNALQLNKEGLLPEHLHFDMVLGVPGAMKASLKNLMFMVDLPEDATWTVAGVGRHELPLATHAILMGGHVRVGFEDNIYYKKGVLAESNAQLVERIVRLANELDREVATPDEAREILKIK,BKACE303
75,BKACE447,Natronomonas pharaonis (strain DSM 2160 / ATCC 35678),0.105,0.082,0.134,0.114,0.105,0.082,0.105,0.082,++,++,++,+,++,++,++,++,EKAVISAALTGALTTRDQCEHIPYTPAEIADDAAAAREAGAAVAHIHARTENGSPTFETEVYREIYEAVRDRTDILINFSTGALHEPVESRVDYIESVAPDIAALNMGSMNYESRGDFVFDMVFENSFGEIETMLAAMNEHGVTPELECFDTGHIGNVRPFLEDGTLDHPLHFSLIMGVLGGIPATVENLAHQVRQPDDATWQVIGISEHQWQLVAAALSMGGNVRVGLEDNFYLPDGEMATNPELVAEAADLARTVGREPATPAEAADIMGVDT,BKACE447
76,BKACE227,Oceanibulbus indolifex HEL-45,0.094,0.09,0.133,0.16,0.094,0.09,0.094,0.09,++,++,++,++,++,++,++,++,RDVFITCAVTGSGSSQDRSPHVPRSPEQIANSAIAAAKAGAAIVHCHVRDPETGVPSRDPKLYREVTDRIRDADVDVVLNLTAGATDMVSAEERLVHIEDCLPEICTLDCGTMNFDYVMTNTPGMLTTMGARMEALGVKPEIEAFDTGHLWYAKQLVKDGVLSSPALVQLCMGIPWGAPNDLNTFMAMVNNPHDWNWSAFSIGRDEMPYVAASVLAGGHVRVGLEDNLWLGKGELATNEALVSRAVSIIENMGATIMGPDAVRQKLGLTKQAPR,BKACE227
77,BKACE228,Oceanibulbus indolifex HEL-45,0.114,0.117,0.114,0.111,0.114,0.117,0.114,0.117,++,++,++,++,++,++,++,++,DHSYIMVAPNGARRGKADHPALPVTLQDTVETAKSCQIAGAQALHLHVRDAKGGHSLDAGRYLEALAELAVQVPAMRVQITTEAAGIFDVAAQFECLAKVRPDWASISVREIARAPKMAQKLYATCAEQGTEVQHILYNTDDIALLRDWQSRGIIHTAPESVLFVLGRYDGQISEPSDLDPFLAALPDASRWMICAFGPQEHACLAAAAQRGGDLRVGFENSLCNSQNFVHETNASSVAALRELLQGNPA,BKACE228
78,BKACE229,Oceanibulbus indolifex HEL-45,0.087,0.111,0.122,0.108,0.087,0.111,0.087,0.111,++,++,++,++,++,++,++,++,NPAIICVAITGSLPTKADNPAVPIDITEQIESTQAAFEAGATICHAHVRTADGTPTADPDRFARLQEGLRKHCPGMIVQFSTGGRSGAGKNRGGMLPLRPDMASLSVGSNNFNRVYENPPELVDWLAGEMKTYSILPEIEVFDLSHILQAKAMADAGAIPARPYIQFVMGVKNAMPADREVFDFYIQTFGDIPWCAAGIGRHQAELNAWCAAAGGHLRTGLEDNIRMDKDTLAPSNAALVTRAAEICAEAGRPVATPQQAREILRLG,BKACE229
79,BKACE230,Oceanibulbus indolifex HEL-45,0.039,0.06,0.045,0.044,0.039,0.06,0.039,0.06,-,-,-,-,-,-,-,-,MPEQIESTQAAFEAGASVCHAHVRNDDETPSADPERFARLKEGIEKHCPGMLIQFSTGGRSGAGRARGGMLSLCPDMASLSVGSNNFNRVYENPPDLVSWLAQEMKSRAIKPEVEAFDLSHILQAKSMVDKGEITGPPYIQFVMGVTNAMPADRDVFNYYITTFGDVPWCAAGIGKHQAELNRWAAQAGGHLRTGLEDNIRMDRHTLAPSNAALVERAVEICQENGRRIASPTEARRILGLGE,BKACE230
80,BKACE516,Oceanobacillus iheyensis,0.085,0.076,0.091,0.078,0.085,0.076,0.085,0.076,+,++,+,+,+,++,+,++,KKVMLTAAVTGAGDTIQKNPNVPVTPKEIAESAIASAKAGATVAHVHARDPKTGGISHDVEHYREIVDRIRDSETDVIINITSGGTDIQIPSERHKPVGELLPEMCTLDCGSTNFDMIYMSPTDWLREQAALVRKSGVKPELECFDTGHIHFANQLIKEGLIDNDPMFQFCLGIPWGADAELDTLLYMKGRPENAHWSAFSIGRNQLPMVTQAAQLGGNVRVGLEDNIYLKKGVLATNEALVDQAVNQLHANNIEIMTPQEAREAYNLRGK,BKACE516
81,BKACE178,Ochrobactrum anthropi (strain ATCC 49188 / DSM 6882 / NCTC 12168),0.086,0.093,0.149,0.136,0.086,0.093,0.086,0.093,++,++,++,++,++,++,++,++,RKVIITCAVTGSVHTPSMSPHLPVTPDEIASEAIAAAEAGASILHLHARDPRDGRPSADPDLFMQFLPRIKQSTAAVVNISTGGSSLMTLEDRLAAPLKAQPEMCSLNMGSMNFALDRPREWKHAWEPELLEATRHSIFKNTFADMEGILTSLGQGCGTRFEFECYDVGHLYSLAHFRDRGLVSGHLFIQFVFGVLGGIGADPDNLMHMKRIAGDDYSFSVLAAGRHQIPMITMAAAMGGNVRVGLEDSLYDGRGQLAKSNADQVRRIRSILDGLSLDVATPDEAREYLGLKGGDRVAF,BKACE178
82,BKACE179,Ochrobactrum anthropi (strain ATCC 49188 / DSM 6882 / NCTC 12168),0.089,0.074,0.114,0.132,0.089,0.074,0.089,0.074,++,++,++,++,++,++,++,++,REIFITAAVTGAGATTHRSNKVPITPRQIADAAIESAEAGAAVAHIHVRDPETGEPSRKLELFREVVDHIRASGVDIVLNLTAGKTDMAGATERLAHVAELLPEICTLDCGTMNFDYVMTNTPAMLREMAGQIQRLGVRPEIEIFDTGHLPLAQWLQQQGLLDDPVLVQLCMGIPWGAPDDLATLVSIVHNPDNWIFSAFSIGRNQLPYAALAVLAGGNIRVGLEDNIWLDKGILASNGDLVERAKAIAVNMGTKVLTPAEVREKLKLTKRW,BKACE179
83,BKACE13,Paracoccus denitrificans (strain Pd 1222),0.049,0.049,0.066,0.054,0.049,0.049,0.049,0.049,-,-,-,-,-,-,-,-,KKVIITCAVTGGLHTPTMSPYLPITPDEIAEAAIGAAKAGAAIIHLHARDPESGRPKQDPDLFLQFLPRIKQATGAVLNITTGGGLGMTLEERLRPAHRAKPEVCSLNMGTMNFLAGKYDSWKHDWEKPYLESTRDLIYANTYAMLETIMVEVGQAHGTRFEFECFDLSHLEAVRYFAAKGLIKPPFLIQGIFGVMGGMGATIENLIHFHGVAGSDMEFSAFAVGRRQMHFLTVAAILGGSVRVGLEDSVYIGRGELATSNAQQVQKIRRIVEELGLEVASPDEARARLSLKGGDRVDF,BKACE13
84,BKACE14,Paracoccus denitrificans (strain Pd 1222),0.065,0.051,0.043,0.06,0.065,0.051,0.065,0.051,+,+,+,+,+,+,+,+,KPCIICVAITGSLPTKENNPAVPITLAEQVESTHEAFEAGASIAHCHVRDDEGRPTSDPDRFAALKEGLERHCPGMIVQLSTGGRSGAGQARGAMLPLCPDMASLSVGSNNFTRVYENPPDLVDWLAAEMLKYDIKPEIEAFDLSHILQAKRMAGDGRLAGTPYVQFVMGVRNAMPADRDVFDYYIHTGEDAPWCAAGIGPSQIVLNEWAISSGGHARTGLEDNVRLDRDRLAPSNAALVGRAVELCEKYERPVATWRQARQILGLRMV,BKACE14
85,BKACE15,Paracoccus denitrificans (strain Pd 1222),0.106,0.126,0.105,0.154,0.106,0.126,0.106,0.126,++,++,++,++,++,++,++,++,GKVIITCAVTGAIHTPSMSPYLPVSASEITDAAIGAAEAGAAVIHLHARHEGDGSPDQSVEAFNPILGVIKQASDAVLNITTGGAPTMSIAERIQPAQHYRPELASLNMGTMNFMLNRYESQLKHQWERNYLGNKDIIFRNTFGDVEHVMTTLGAGGTRFEFECYDTSHLYNLKHFYDRGLVKGPLFIQTVFGLMGGIGAHPDDVLHMKRTAGQDYRWSVLGAGRNQLNIAAMSAAMGGHVRVGLEDNLWAGKGRLAETNAQQVRAARQIVEGLGLEVATPAEARELLALKGGDQVNF,BKACE15
86,BKACE16,Paracoccus denitrificans (strain Pd 1222),0.1,0.107,0.094,0.137,0.1,0.107,0.1,0.107,+,+,+,+,+,+,+,+,PPVVITCAITGAIHTPTMSDALPYTPEDIAAQAIAASEAGAAILHLHARRPQDGGVTIDPEAFAAFLPRIRQSTDAVVNISTGGSLTNSIDERIAPALRFSPEMCSLNMGSMNFLARRYDTWKFDWERDYVARSDGNIFRNTFADIENAANQLAPHAIKFEHECYDVGHLYNLRFCMDIGLFKAPVFIQFIFGILGGIGPEVDNLVFMKRTAGDDYRWSVLGAGGAQMPLATTASQMGGNVRVGLEDSLLIARGKLAESNAQQVAKIRRIIEDLGSEVATPGQAREILGLKGADRVGF,BKACE16
87,BKACE17,Paracoccus denitrificans (strain Pd 1222),0.107,0.107,0.098,0.116,0.107,0.107,0.107,0.107,-,++,++,-,-,++,-,++,PPVVITCAITGAIHTPTMSDALPYTPEDIAAQAIAASEAGAAILHLHARRPQDGGVTIDPEAFAAFLPRIRQSTDAVVNISTGGSLTNSIDERIAPALRFSPEMCSLNMGSMNFLARRYDTWKFDWERDYVARSDGNIFRNTFADIENAANQLAPHAIKFEHECYDVGHLYNLRFCMDIGLFKAPVFIQFIFGILGGIGPEVDNLVFMKRTAGDDYRWSVLGAGGAQMPLATTASQMGGNVRVGLEDSLLIARGKLAESNAQQVAKIRRIIEDLGSEVATPGQAREILGLKGADRVGF,BKACE17
88,BKACE18,Paracoccus denitrificans (strain Pd 1222),0.111,0.089,0.115,0.11,0.111,0.089,0.111,0.089,++,++,++,++,++,++,++,++,RDVFITCAVTGSGQSHKKSDLVPVTPKQIAEACIEAANAGAAIAHVHVRDPQTGAPSRDPALYREVVERVRSSGTDVVLNLTAGQSDLIGASERLVHVEELLPEICTLDCGTMNFDYVMTNTPGTLRAMAARIQAAGVRPEIEVFDTGHLWLAKTLVDEGLIDDPVMIQLCMGIPYGAPADPNSLMAMVNNPPGWVYSMFSIGRMQLPYVAQAALAGGNVRVGLEDNIWLDKGVLARNGDLVERAATILNAMGCRILGPQEVRDKLKLTRR,BKACE18
89,BKACE445,Pelobacter carbinolicus (strain DSM 2380 / Gra Bd 1),0.091,0.094,0.101,0.109,0.091,0.094,0.091,0.094,++,++,++,+,++,++,++,++,PKLIINAAITGMIPGRKDSPYVPLSPEEIVDDAVRCLRAGASIVHLHARDENGEPTYRKDLYERMILGIREHCPAAILCVSTSGRRHNTFECRSEVLELTGKAKPDMASLTLGSLNFEQASVNTPEMIESLAIKMRNSGIVPEVEVFDPGMVHAVKVLLRRGVLTSPLYMNILLGSLYSTPATLFDLSCMVKNPRAVHWAAAGIGRFQLKMNTASILSGGHIRVGLEDNLYYDHARQQLATNEQLIRRIVHLSSELGREVAEPSEARAMLGLPDK,BKACE445
90,BKACE221,Petrotoga mobilis (strain DSM 10674 / SJ95),0.043,0.059,0.047,0.045,0.043,0.059,0.043,0.059,-,-,-,-,-,-,-,-,KLIITAALTGAEVTREQQPALPMSPQEIAQAAYDCYLAGASIVHVHARDQKGNPTQSIYVYKEIKEEIESRCNIIFQPSTGGAVYHTFEERRQPLELNPEMATLSAGTTNFKDIFLNTEEYIEKFAHEMKQRKIKPEIEVFERGHINNALRIEKKGLIDRPIHFDFVMGVPGAIPGEIDDLIYLVSHPPNSTWTVAGIGKYELSLAVHAILMGGHVRVGFEDNIYFKKGELAKSNAQLVERIAKISIELGREVAGPEEARKILNIGGEG,BKACE221
91,BKACE236,Phaeobacter gallaeciensis BS107,0.14,0.217,0.167,0.165,0.14,0.217,0.14,0.217,++,++,++,++,++,++,++,++,KNVFITCAVTGSGSTQDRSPHVPRSPKAIAESAIAAAKAGAAIVHCHVRDPETGAPSRDLTLYREVTDRIRESDTDVVLNLTAGGTDMIGATARMAHVAECLPEICTLDCGTMNFDYVMTNTPGMLRAMGQMMTDLGVKPEIEAFDTGHLWFAKELVKEGVLNSPALVQLCMGVPWGAPNDLNTFMAMVNNPSDWDWSAFSLGRDQMAYVAASVLAGGNVRVGLEDNLWLGKGQLAENWQLVERAGTIIENMGAKLMGPDEVRAQLGLVKRAPVAK,BKACE236
92,BKACE238,Phaeobacter gallaeciensis BS107,0.152,0.182,0.159,0.183,0.152,0.182,0.152,0.182,++,++,++,++,++,++,++,++,NPCIICVAITGSVPRKAHNPAVPISIEEQIESTHEAYEAGASIAHCHVRLEDETPTSDPDRFARLMGGIRHHCPDMIIQLSTGGRSGAGRERGGMLSLRPDMASLSVGSNNFTRVYENPPDLVDWLAAQMLAYDVKPEIEAFDLSHIHQAVAMSRDGRLKAPLYVQFVLGVKNAMPVDRNVFDYYVKTAPDAQWCAAGIGAGQLEVNEWAIAAGGHTRTGLEDNLRLDRQTLAPSNAALVRRAADLCDRYDRPVATCDEARAILGLRPANG,BKACE238
93,BKACE313,Porphyromonas gingivalis (strain ATCC 33277 / DSM 20709 / JCM 12257),0.094,0.083,0.11,0.102,0.094,0.083,0.094,0.083,-,-,-,-,-,-,-,-,MIITAAICGAEVLKEHNPAVPYTVEECVREAKSAYDAGASIIHLHVRYDDGTPTQDKNRFKEVMEAIKAVCPDVIIQPSTGGAVGMTNDERLQPTELFPEMATLDCGTLNFDEVFTNTENTIKYFGEKMIERGIKPELEVFDKSMIDMALRLHRKGYIQSPMHFDFVMGVNGGISGEMRDFVFLRESPADATYTVAGVGRYEFPLAALAIIDGGHVRVGFEDNVYISKGVLARSNGELVEKVVRMAKEMGREIATPAEARRILGLSK,BKACE313
94,BKACE632,Pseudomonas aeruginosa (strain PA7),0.082,0.084,0.087,0.099,0.082,0.084,0.082,0.084,+,+,++,++,+,+,+,+,KTLILGCASTGAKFTPRNHATIRTAPGELLDEARQLYEMGCRYYHYHARNPLTQEQTTDNDIYQAVSRALQNRFPDLMLSFGASRNGSEVQENIRRFGEWERVSHCAIPLHLGGAHFVTIQAAIELQVICELEKQRRKLDLDYASSPAFLTDLRDYQPSTALEKAELQLFHEVEWVQHVRSYLGGSGQLNVILLFGFPETYQQFRAVIRKVPQHAQHFRLLDVGPRAGTPLCAQADSQVDVLRVGMEDTPYAVDGRVTLSDNCRLLRQALDELRANGAEAELDGEAREFV,BKACE632
95,BKACE511,Pseudomonas putida (strain KT2440),0.088,0.104,0.113,0.117,0.088,0.104,0.088,0.104,++,++,++,++,++,++,++,++,HDVIITCALTGAGDTASKSHLVPVTPKQIAESAVEAAKAGATVVHCHVRDPQTGRFSRDVALYREVMERIREADVDIIVNLTAGGTDLIGPLERLAHVEALLPEICTLDCGTLNFNSIYVSTPAQLRAGAKRITELGVKAELEIFDTGHLWFAKQMMKEGLLEDPLFQLCLGIPWGAPADTTTMKAMVDNPANVTWAGFGIGRMQMPMAAQAVLLGGNVRVGLEDNLYLDRGVLASNGQLVERASEIITRMGGRVLSPAEGREKMNLKRR,BKACE511
96,BKACE475,Pseudomonas syringae pv. syringae (strain B728a),0.167,0.123,0.131,0.112,0.167,0.123,0.167,0.123,++,++,++,++,++,++,++,++,HDVIITCALTGAGDTTARSPHVPVTPKQIAAAAVEAAKAGATVVHCHVRDPHTGKFSRDVALYREVMERIREADIDIIVNLTAGNTDLVGPLTRLAHVEELLPEICTLDCGTLNFDAIYVSTPSQLRAGAKRIQALGVKAELEIFDTGHLWFAKQMIKEGLLDNPLFQLCLGIPWGAPADTTTMKAMVDNPADAVWAGFGIGRMQMPMAAQAVLLGGNVRVGLEDNLWLDKGVLATNGQLVERASEILSRLGARVMSPAEGRTKMGLTKRG,BKACE475
97,BKACE476,Pseudomonas syringae pv. syringae (strain B728a),0.156,0.149,0.146,0.157,0.156,0.149,0.156,0.149,++,++,++,++,++,++,++,++,RPVIITCAVTGAIHTPSMSPHLPITPQEIADAAIGAAEAGASIVHLHARDPQDGRPSQDVDLFRQFLPQIKAKSDVVINITTGGAPTMGVEERLQPVAQLKPELASLNMGSMNFMLDRYSEFKHDWERPYLAESDDRIFRNTFRDIAHILNTCAENRTRFEIECYDIGHLYTAAHFLQRGLLKAPIFIQSVFGLRGGIGGHPEDLAHMRRTAGDAYQWSILGAGRNQIPLGTMGLSMGSHVRVGLEDSLWDGPGKLAASNADQVKRIRTVIEALGGQVATPDEAREMLDLKGQDKVDF,BKACE476
98,BKACE376,Ralstonia eutropha (strain ATCC 17699 / H16 / DSM 428 / Stanier 337),0.088,0.09,0.11,0.099,0.088,0.09,0.088,0.09,++,++,++,++,++,++,++,++,QPLIITAAPYAPGWIPSDFPEDIPVTIADQIQKAVDCYEAGARVLHLHVREEDGKGSKRLSKFNELIAGVRKACPEMVIQVGGSISFAPEEGQGAKWLSDDTRHMLAELDPKPDQVTVTVNTSQMNVTEHAGVDDFKGLSRGFAHLYDTYKDMVVPSNPSWFEEHVRRLTAAGIQSEFQCYNINSFETIERMIRRGVYKGPLVMNWVAISGGMDQANIYNLANILRAVPDGAVVTVESSVLNVLPINMIGMALGLHVRCGIEDVLWNQTRTGKMSTVEQIKQLVRIAGEFGRPIATAQQTREILQLGVFYDTVEETLQK,BKACE376
99,BKACE379,Ralstonia eutropha (strain ATCC 17699 / H16 / DSM 428 / Stanier 337),0.085,0.105,0.159,0.153,0.085,0.105,0.085,0.105,++,++,++,++,++,++,++,++,AKAIITCAPTGAIHTPSMSPHLPVSADEIATAAIDAARAGAAILHLHARDPKDGHPSQDPELFRPFLARISAETDAVINITTGGSPHMTVEERMLPATTFKPELASLNMGSMNFMLDRFKEFQHDWEREHLENSRNLIFKNTYQDIENILRIGNANGTRFEFECYDISHLYNLRHFLDRGLVSGPVFIQSVFGILGGIGPDPEDLMHMHRTAGDQFRWSILGAGRGQLPLATIGAAMGASVRVGLEDSLWIGPGQLAASSAEQVTRIRTVLEALNIDVATPDEARDILDLKGAAGTAF,BKACE379
100,BKACE375,Ralstonia eutropha (strain ATCC 17699 / H16 / DSM 428 / Stanier 337) (Cupriavidus necator (strain ATCC 17699 / H16 / DSM 428 / Stanier 337)),0.104,0.101,0.123,0.141,0.104,0.101,0.104,0.101,++,++,++,++,++,++,++,++,DKVVITVAPYGPEWMPEDFPEDIPVTMEAQIQKAVDCYEAGASVLHLHVREPDGKGSKRLSMFNELIAGVRKAVPDMIIQVGGSISFAPEDDGQAAKWLSDDTRHALAELDPKPDQVTVALNTIQMNIMELIYPEFYEGTSLANPATYDAYREMIVPAGPTWAEEHLRRLQNAGIQPHFQLVGMHALETLDRMVRKGVYKGPLNLTCIGIGGGHHGPHPYNLFDFIQRAPDGCTVTAESLFKNVLPWNTMALAMGMHVRCGIEDTLIDQHGKRFTSVQQVQQLVRIAKELGREIADGKEAREIYRIGTWYDDVDETLAG,BKACE375
101,BKACE378,Ralstonia eutropha (strain ATCC 17699 / H16 / DSM 428 / Stanier 337) (Cupriavidus necator (strain ATCC 17699 / H16 / DSM 428 / Stanier 337)),0.121,0.111,0.156,0.177,0.121,0.111,0.121,0.111,++,++,++,++,++,++,++,++,QPCIISVAITGSLPRKRDNPAVPITVSEQVESTQAAFEAGATLVHLHVRNDDETPSSEPDRFARVLEGIRKHAPGIITQVSTGGRSGAGRERGGMLSLRPDMASLATGSVNFTRVYDNPPDLVDWLAAEMKAYAIKPEIEAFDLSMIFQAVAMQQAGKIDGALHIQFVMGIKNAMPVDREVLAFYVHTAPDATWTGAGIGRDQLTMARWSLELGGHCRTGLEDNVRLDKQTLAPSNAALVSQVAALCEEYGRPVATVAQARALLGLPSMEIDGRSPW,BKACE378
102,BKACE407,Ralstonia metallidurans (strain CH34 / ATCC 43123 / DSM 2839),0.091,0.104,0.122,0.116,0.091,0.104,0.091,0.104,++,++,+,+,++,++,++,++,SKVIVTCAVTGSIHTPTMSPYLPITAREIEDEAVAAAEAGAAIVHLHARNPENGQPSQDPALFRAFLPRIAARSDVVINLTTGGAPNMSVEERLQPALQLKPEVASLNMGSMNFMLARHATFKHDWERPYLEGSEDRVFRNTFKEIRYILESCADNGTRFEIECYDTSHLYTAAHFIDRGILKPPFFIQSVFGLLGGIGTHADDVMHMRRTAGKDYYWSVLGAGRSQMPIASMAAAMGGNVRVGLEDSLWEDRGKLSTSNADQVKRVVGILRSLNLDVASPDEARDMLQLKGRDAVAF,BKACE407
103,BKACE409,Ralstonia metallidurans (strain CH34 / ATCC 43123 / DSM 2839),0.122,0.133,0.158,0.144,0.122,0.133,0.122,0.133,++,++,++,++,++,++,++,++,QKLVITAAPYGPEWIPSDFPEDIPVTMEQQIQKAVDCYNAGATVLHVHVREADGKGSKRLSKFNELLAGIRARVPDMILQVGGSISFAPESEGDVAKWLSDDTRHMLAELKPTPDQVTIAINTNQMNVVEQMCAADVAGTSLAEPANYRAYREMTIPAGPEWVEEHIRRLSINGIQTHFQLANIAQLETVERMMRRGSCNVPLILTWVAIGGGFEAPNLYNLANFVRACPNGSVLTLETSMLNVLPLNMMAIAMGLHVRCGIEDNLWTQRRDRKMGTVEQIEQLVRISREFGRDVANAKEAREIYKIGTFYDSANETLAE,BKACE409
104,BKACE410,Ralstonia metallidurans (strain CH34 / ATCC 43123 / DSM 2839),0.088,0.094,0.123,0.117,0.088,0.094,0.088,0.094,++,++,++,++,++,++,++,++,QPLIITAAPYAPSWVPSDFPEEIPVTMEEQIQKAVDCYNAGATVLHLHVRELDGKGSKRLSKFNELIAGVRARVPEMIIQVGGSISFAPETEGAAAKWLSDDTRHMLAELDPKPDQVTVTVNTSQMNVLEQFDHRDIVGSSMEDPAVFNAYKEMTVPAQPGWVEEHVRRLTAAGIQSAFQCYNVNSFESVERLMRRGIYKGPLVMNWVAIGGGMDSPTVYSLANFMRGVPDGAVVTVESSVLNVLPVNTIGIAMGLHVRCGTEDNLWNQTRTKKIGTAAQIEQLVRISRELSRPIATAKEAREMCKIGVFYDTVEESLEA,BKACE410
105,BKACE411,Ralstonia metallidurans (strain CH34 / ATCC 43123 / DSM 2839),0.062,0.067,0.09,0.087,0.062,0.067,0.062,0.067,+,+,++,++,+,+,+,+,PPLIITAAPYAPGWLPEDFPEEIPVSMEAQIQKAVDCYNAGATVLHLHVRELDGKGSKRLSKFNELIAGVRKAVPEMIIQVGGSISFAPEDEGQAAKWLSDDTRHMLADLEPTPDQVTVTVNTSQMNVTDQAEDADFKGTSRERAAIFNAYKEMTVPAQPGWVEEHVRRLTAKGIQSAFQCYNLNSFESVERLMRRGFYKGPLVMNWVAIAGGMDTPSVYSLANFIRAVPDGAVVTVESNVRNVLPVNMMGISMGLHVRCGTEDCLWNQSRTEKMSTVKQIEQLVRISREFGREIATAKQARQISRIGEFYDTVEESLQA,BKACE411
106,BKACE412,Ralstonia metallidurans (strain CH34 / ATCC 43123 / DSM 2839),0.104,0.101,0.153,0.137,0.104,0.101,0.104,0.101,+,+,++,++,+,+,+,+,RKTIITCAVTGNIVKPDQHPGLPITPEQIANAALEAADAGAAVAHIHVRDPETGKPSMRLDYYADVIDRIRARNRALIINLTTGGTTLLHPLKRVEHIAALRPDVCSLDLNTMNSADVVINTPGNVRKMAEVIRAAGVMPELEIFDSGDLNMALDFMRDGVLEGPGLWTFVLGVKYGFAPTPETIFYARNMPPGAHWSAFGIGRAEFPIVAQAWLAGGHVRVGLEDNIYLEKGVLAPSNAALVAKARDIVKSLGGDIASSADARRTLGLREV,BKACE412
107,BKACE413,Ralstonia metallidurans (strain CH34 / ATCC 43123 / DSM 2839),0.163,0.159,0.22,0.173,0.163,0.159,0.163,0.159,++,++,++,++,++,++,++,++,DKVVITVAPYGPEWMPEDFPEDIPVTMEEQIQKAVDCYNAGATVLHLHVRELDGKGSKRLSKFNELIAGVRAAVPDMIIQVGGSISFAPENEGQAATWLSDDTRHMLADLDPKPDQVTVAINTTQMNIMELLYPEYLEGTSLSNPAYIQAYREMTVPAGPGWVEEHLRRLSASGIQPHFQLTGIHAMETLERMVRAGAYKGPLNLTWIGIGGGFDGPNPFNFFNFIHRAPDGCTLTAESLLKNVLPFNMMAMAMGMHPRCGIEDTIIDQHGNRMTSVQQIEQCVRVAKELGREVASGKEAREIYRIGTWYDSVDETLAA,BKACE413
108,BKACE414,Ralstonia metallidurans (strain CH34 / ATCC 43123 / DSM 2839),0.168,0.117,0.168,0.135,0.168,0.117,0.168,0.117,++,++,++,++,++,++,++,++,RPFALAVAPNGARKTHADHACLPITPDELAQCARECVDAGAAMIHLHVRKADATHSLEVVDYEPAIAAVRKAVGNALVLQLTTEAVGIYQPAQQIATVRALRPEAASVAIRELVPNALPAAAEFFQWMHHEHVVAQYILYDADDVRRYAALRESGAIPAGRHWVLFVLGRYAGQKSSPADLLPFLAAWQSGVEWAVCAFGKQEADCAATAVMLGGHARIGFENNMTLPDGAMAPDNAALLQAVRTPLLALGYVSMTADVLRERFAD,BKACE414
109,BKACE317,Ralstonia pickettii (strain 12J),0.069,0.085,0.091,0.083,0.069,0.085,0.069,0.085,++,++,++,++,++,++,++,++,RPIAIAVAPNGARKTHADHPALPITPDELAACARQCVDAGAAMLHLHVRRADGTHSLEPDDYRPAIAAVQRAVGDALVIQITTEAVGIYTPEQQMASVRALQPEAISAALRELAPDHDAQAARFFGELAAAHTAIQYILYSADDVMRYRDLRTRGVLPDTPHWVLFVLGRYAGQRSDPTDLLPFLQAWTANVPWAMCAFGPREAECALSAALLGGHARLGFENNMALPDGSTAPDNAALVRNLRRHLDALHLPLASAAELRNWFGR,BKACE317
110,BKACE437,Rhizobium etli (strain CFN 42 / ATCC 51251),0.11,0.144,0.134,0.134,0.11,0.144,0.11,0.144,++,++,++,++,++,++,++,++,RDVFITCAVTGAGDTVSRSSHVPITPKQIADSAIDAAKAGAAVVHCHVRDPETGAASRRNDLYREVTDRIRSADIDVVLNLTAGGTDMAGASERVSHIAECLPEICTLDCGTMNFDYVMTNTPAMLRAMAKKMTDLGVRPEIEAFDTGHLWFAKQLAEEGLIEDPVLIQLCMGIPWGAPDDLNTFMAMVNNPQSWTFSAFSIGRNAMAYPAAAVLAGGNVRVGLEDNLFIGKGQLATNAQLVEKAVQVVEGMGARIIGPEDVRKKLKLTKR,BKACE437
111,BKACE528,Rhizobium loti,0.095,0.08,0.108,0.081,0.095,0.08,0.095,0.08,+,+,+,+,+,+,+,+,RKVIITCAVTGSVHTPSMSPYLPVTPDQIASDAIAAAEAGASILHLHARDPKDGRPTADPDVFMQFLPRIKQATDAVINITTGGSSLMTLDQRLAAPLRAEPEMCSLNMGSMNFMLDKPREWQHEWEPKLLEATRDTIFKNTFADMEGVLERLGKGCGTRFEFECYDVGHLYSLAHFRDRGLVSGPLFIQFVLGILGGIGADPDNLVHMKRIAGDSYQFSVLAAGRQQMPLISIAAAMGGNVRVGLEDSLYDGRQLAKSNADQVRRIRGILDGLSLEVATPAEAREMLALKGGDRVAF,BKACE528
112,BKACE520,Rhizobium meliloti,0.112,0.088,0.112,0.122,0.112,0.088,0.112,0.088,++,++,++,++,++,++,++,++,REVFITCAVTGAGDTVSKSSHVPVTPKQIAESAIEAAKAGAAVVHCHVRDPETGAPARRLDLYREVTDRIRSADIDVVLNLTAGGTDMAGATERVAHVAECLPEICTLDCGTMNFDYVMTNTPSMLREMARQMTALGVRPEIEAFDTGHLWFAKQLAEEGLIEDPVLIQLCMGIPWGAPDDLNTFMAMVNNPSNWTFSAFSIGRNAMAYPAAAVLAGGNVRVGLEDNLYVGKGQLATNAQLVEKAVSVVESMGAKIIGPEEVRRKLKLTKR,BKACE520
113,BKACE521,Rhizobium meliloti,0.058,0.07,0.097,0.118,0.058,0.07,0.058,0.07,-,-,-,-,-,-,-,-,QGISIAVAPNGGRRTKADHPAIPLTPEELALTARDCLDAGAAMIHVHVRKGDGSHLLDADAYRAATAAIRAAVGDRMVIQITSEALGIYSPGEQIAVVKAVRPEAVSLALRELVPDHEAAFADLLSWAAREKVTPQIILYDPEEAVRLDGMRRRGLLSRDDIPVLYVLGRYPGQRSLPRDLLPFLAPDPAFTHWSVCAFGRHEAACVTVAALLGGHVRVGFENNLWLPEGTAAGSNADLVRTVTAALLPLSVPLLQGPALAEMFARIGSAGMPED,BKACE521
114,BKACE522,Rhizobium meliloti,0.086,0.117,0.109,0.137,0.086,0.117,0.086,0.117,++,++,++,++,++,++,++,++,MIVQACLNGARPSDYHPRLPLTADAIALDGAACISAGAAELHIHPRGPDGRESLLAVDEAIYAVRRACPGSLVGVSTGAWIERDEKQTRDCISAWRQLPDYASVNISERDAPAVIALLHRMGVGVEAGLATVADAERFVTLPDCHRAFRILIEIDLGKADAIADGIAQVLELRPVLLHGLDATAWHFVNRAHQRRWSTRVGLEDGCQLTNGEIAGGNADLVADALQIFRS,BKACE522
115,BKACE449,Rhodobacter sphaeroides (strain ATCC 17023 / 2.4.1 / NCIB 8253 / DSM 158),0.105,0.108,0.117,0.136,0.105,0.108,0.105,0.108,++,++,++,++,++,++,++,++,VLPRIMLAPTGARLTKADHPALPVTIPEIVAAARAGRAAGADGLHAHVRDAEGRHVLDAGLYAELLAELDRAAPGFPVQVTTEAVGRYTPAEQRALVERLRPASVSIAFREISADPRLTRRFFAFCAEAGCHVQHILYDLTDVAGLAAAVADGTVPEARLAVLIVLGRYAGQRSAPEDLEAPVQRLLPEADWAICAFGPHETECLVAASRKGGKMRIGFENNLLQADGTPAADNAARVAELVAALEAAGQGAGTPV,BKACE449
116,BKACE450,Rhodobacter sphaeroides (strain ATCC 17023 / 2.4.1 / NCIB 8253 / DSM 158),0.102,0.12,0.121,0.129,0.102,0.12,0.102,0.12,+,+,++,+,+,+,+,+,KKTIISCAVTGSIHTPSMSPHLPVTAEQIAESAIGAAEAGAAILHLHARVPDTGAPSQEPAHYAAFLSRLRTATDAIVNITTGGGLGMSMDARIAPALKYAPELASLNMGSFNFAEKGCHDPQPWEVDYLRGTRDLIMSNTFSQIETVLTRLSAQGTRFEFECYDTGHLYNLAHFADRGLVKPPFFVQAIFGVTGAQGTDPENLMHMRATAGSDHLLSVLGAGRSQFPLVTMGAILGGHVRVGLEDNLYIARGQLAESNARMVAKVRRILEELGHEIATPDEARRMLGTKGAGEVAF,BKACE450
117,BKACE699,Rhodococcus erythropolis (strain PR4 / NBRC 100887),0.157,0.166,0.17,0.212,0.157,0.166,0.157,0.166,++,++,++,++,++,++,++,++,DKLVITVAPYGPEWEPDDFAEDLPLSMDEHVQQAVDCFNAGATVLHIHVRELDGKGSKRLSKFNELLGRLREAVPEMILQVGGSISFAPEGEGADAKWLSDDVRHMLAELEPAPDQVTIAINTSQMNIMELMTDDDIAGTSMQRPELADTYREMTVPAGPEWVAEHLRRLQAAGIQPHFQLSSIPQLETVERLIRRGIYTGPVNLTWVAIGGGFDGPNPYNMMNFVQRVPDGACLTLETLMRSVLPVNTMAIAMGLHARCGNEDTIWGRKGEKMTSVQQIEQLVRIAGELGREVATAKEARDIYRIGETYADTDETLAK,BKACE699
118,BKACE700,Rhodococcus erythropolis (strain PR4 / NBRC 100887),0.09,0.081,0.092,0.093,0.09,0.081,0.09,0.081,+,+,-,-,+,+,+,+,DKVIVTVAPTGGFLTVADNPFIPTQPEQIAADVARCHSAGASVAALHARRPDDQATCDAAIYRRMNTLVRQSCDIVINNSTGGGVNVDWDARLQGLHGGADTCTLDAITAYVTSPVGEVLMDTPPSRAAELAASMRELGIKPEWEAFSPSHLLQEIRTLTEEQPGPHLVNLVLGLDNAMPYSPQILQQMVEHPEKSVFSVSISGPDQLRGLTHALVLGGHVRVGIEDYPFLANGEPAENVRLVENIVDIVQRLGMQPATPGEARAILGLEGSDE,BKACE700
119,BKACE701,Rhodococcus erythropolis (strain PR4 / NBRC 100887),0.089,0.11,0.11,0.123,0.089,0.11,0.089,0.11,++,++,++,++,++,++,++,++,EKPVIIGVHVNENTMRAPNPHIPWTPSEIADTARACEDAGASLMHFHGRAVDGGVDHSAATYGEIVERVRAVSNLLLAPSMANVPGYTIDERLSNLAPNQSDPKRRSDFLVVDMGCAAMATTGLFATDSRVFVNDTRTQIELLSRAGELGLVPYQTSFNVSWTRAIFAHARVRNPSSPLVIAFILFPAAHPATAAGLRAQLDLLPTDPVEWIVSAYRGNVLAAAEESIKRGGHVAIGAGDYHYEELGYPSTPDLVAEVVSIARRYGREPASPDQARRILGVDVHASS,BKACE701
120,BKACE427,Rhodoferax ferrireducens (strain DSM 15236 / ATCC BAA-621 / T118),0.142,0.085,0.135,0.095,0.142,0.085,0.142,0.085,+,+,+,+,+,+,+,+,DKAILTCALTGVLTNPKQHPVPVTPAQMAAEARDAFNAGACIMHVHVRSQEEGMGHMPSWEPDVVETVVNAIRAACPGVIINLTTGVVGKDVSGPLACIRRVKPEIAACNAGSLNYDDGQWAWPPMVFDNPVAKVQQFLDVMQECNVHPEFECFDVGIVRSVGMYLKAGMLKGRAEYNLVMGVASGMPCDADLLALIPRWAPDSIWQTTLIGRSEIPVHQKTADLGGMLRTGLEDTFYLPNGERASGNGELITALAACAGKAGRSVASPAEARLLLGLAH,BKACE427
121,BKACE831,Rhodomicrobium vannielii ATCC 17100,0.092,0.107,0.11,0.068,0.092,0.107,0.092,0.107,-,-,-,-,-,-,-,-,DKAILTCALNGVLTDPRQHPMIPVTPEQMAASAREAYDAGAAIVHIHFRAQGDGVGHLPSWEPDVAAAAVEAIRAACPGIVINQTTGTVGPDISGPAACIKRTRPEIAACNAGSLNYSDGRWAWPPLLFDNPVSKVQGFLDAMAEAGSRPEFECFDVGIVRSVGLYVENGMAKTAQYNFVMGVASGMPVDADLLALLLRYRDGALWQTTLIGRTEIPVHQRAAELGGMLRTGLEDTFYLPGGEKAKSNGALIEALAACARNAGREIASPDETRIIMNLGGSHHGE,BKACE831
122,BKACE112,Robiginitalea biformata (strain ATCC BAA-864 / HTCC2501 / KCTC 12146),0.076,0.086,0.096,0.112,0.076,0.086,0.076,0.086,+,-,-,-,+,-,+,-,KPLIINFTPTGMIPTKEMTPHVPVQVNEIVEDVHEAWETGISMVHLHARDAQTGTPTYLREIYADIIGGIRKFAPGLVVCVSLSGRNFGEFEQRADPLFLEGDLKPDMGSLTLSSLNFRTASVNAPQMIQDLARTMLERGILPELEAFDIGMINYAKYLERKGLLKPPHYFNLLLGNIACAQANLMQAGLMINEPANSHWSLAGIGEAQLHMNSVAIAMEGGVRVGLEDNIWFDKGRTKLATNGQLLRRIHALAEANERTLMSAVNLRKLLDLQAGNGKYGRA,BKACE112
123,BKACE190,Roseiflexus castenholzii (strain DSM 13941 / HLO8),0.052,0.048,0.043,0.066,0.052,0.048,0.052,0.048,-,-,-,-,-,-,-,-,NKVIITAALTGAVTVPTQTPYLPYTIEQLAEDAEQCARAGAAIIHIHARNPANGAPSSDMELFGEILQAIKARTDAVICTTTGGGVGMTPSDRVRVVPMWQPELATCNMGSMNFAARRFSDSDYKFPWEKQWLLGSEDFIFPNTFASIKHFLIEMKKTNTRPEFEIYDVGHLYNLDFMVREGLVEKPIWLQFVMGVLGGIRATLYDLTHLLDTAGPEYHWSVIGVGYPQQFHMCTAALMLGGHARVGLEDNIFVSRGKLGRNHELVEKIVRIAAEFDREPATPDEVRAFLNLKGKDQVGF,BKACE190
124,BKACE394,Roseobacter denitrificans (strain ATCC 33942 / OCh 114),0.057,0.069,0.076,0.082,0.057,0.069,0.057,0.069,+,+,+,+,+,+,+,+,SPCILCVAITGSVPIKAVNPAVPITVSEQIESTHAAFEAGASICHAHVRNADETPSSDPEKFAALKEGIEKHCPGMIIQFSTGGRSGAGRERGGMLKLRPDMASLSVGSNNFTRVYENPPDLVAWLAGEMQRYEVTPEIEAFDLSHILQAMAMHRAGKLFGRLYVQFVMGVKNAMPADKRVFDFYVETAPDGAWCAAGIGAAQIEVNEWAIAAGGHTRAGLEDNVRLDRNTLAPSNAALIKRAAELCEKYERPVATCAEARAILGLRPTRV,BKACE394
125,BKACE395,Roseobacter denitrificans (strain ATCC 33942 / OCh 114),0.093,0.108,0.163,0.131,0.093,0.108,0.093,0.108,++,++,++,++,++,++,++,++,KDVFITCAVTGSGATQDRSPKVPRSPQSIAESAIAAAKAGAAIVHCHVRDPETGAPSRDLDYYREVTDRIRDAEVDVILNLTAGGTDMIGATERVAHVAACLPEICTLDCGTMNFDYVMTNTPGMLTAMGGMMTELGVKPEIEAFDTGHLWYAKQLVADGVLDSPALVQLCMGVPWGAPDDLNTFMAMVNNPSDWTFSAFALGRHQMAYVAAAVLAGGNVRVGLEDNLWLEKGVLAENWQLVERAQNIIENMGARVIGPAEVRAKLGLEKRAPRG,BKACE395
126,BKACE393,Roseobacter denitrificans (strain ATCC 33942 / OCh 114) (Erythrobacter sp. (strain OCh 114)) (Roseobacter denitrificans),0.109,0.11,0.121,0.124,0.109,0.11,0.109,0.11,++,++,++,++,++,++,++,++,GKVIITCAVTGAIHTPSMTPYLPITPDQIASEAIAAAEAGAAILHLHARNPETGQPDQSVEGFAEFLPRIKQASDAVVNITTGGSPYMSVAERAAPAAHYQPEVASLNMGSMNFMLKRFKTFKFDWEKAHLEGSKDLVFRNSFQDIEYVLETCYGNGTRFEFECYDTSHLYNLAHFADRGLVKAPFFVQTVFGLLGGIGTHPEDVMHMKRTAGDDFRWSVLGAGASQLRVAAQSAALGGNIRVGLEDSIWAGKGELATSNAVQVTKVRQIVEGLGLTVATPAEAREILSLKGGDLVNF,BKACE393
127,BKACE239,Roseobacter litoralis Och 149,0.056,0.068,0.084,0.062,0.056,0.068,0.056,0.068,-,-,-,-,-,-,-,-,NPCILCVAITGSVPTKAANPAVPVTISEQIESTHAAYEAGASICHAHVRNADETPSSNPEKFAALKEGVQKHCPDMIIQFSTGGRSGAGQERGGMLKLRPDMASLSVGSNNFTRVYENPPDLVSWLAGEMRANEVVPEIEAFDLSHILQAIQMHKAGALYGRLYVQFVMGVKNAMPADKEVFDFYVQTAPDAAWCAAGIGAAQIEVNEWAIAAGGHTRAGLEDNVRLDRTTLAPSNAALIQRAAQLCEKYERPVASCADARSILGLRPTTD,BKACE239
128,BKACE240,Roseobacter litoralis Och 149,0.091,0.096,0.103,0.103,0.091,0.096,0.091,0.096,-,-,-,-,-,-,-,-,RKVIVTAALTGAIHTPGMSPHLPVTPEQIIAEGRRAAQAGAAILHVHARHPKTGQPDQSIAGFGRILPALKETGAVINVTTGGSPFMQVAERVAPAAHFRPELASLNMGSMNFMQARFPDLPQEWENAHLEGSRDLVFRNTFADVEHVLGACSPNGTRFEFECYDTAHLRNLRHMIDRGLVTGTPFVQTVFGLLGGIGADPEDVTLMRAVAGDEYAWSVLGAGAAQLRIAAMSAAMGGHVRVGLEDSLWAGPGVLAQSAAEQIAAVGKVLDGLGLSMASPDEARGILGLKGAEDVNF,BKACE240
129,BKACE241,Roseobacter litoralis Och 149,0.117,0.091,0.138,0.109,0.117,0.091,0.117,0.091,-,-,-,-,-,-,-,-,MSPHLPVTSEAIVSSAVEASQAGAAILHLHARDDETGKPDQSVEGFERIVPAIARQTNAVLNLTTGGSPYMDVEERVRPAAHFAPQLASLNMGSMNMMLKRHEDITGWERDHLEGSRDLVFRNSYIDITYVLETCRENGTRFEFECYDTAHLYNLAHFADQGAIEPPFFVQTVFGLLGGIGAHPDDISHMRRTAGDDLVWSALGAGAHQMRVAAMVAASGGHVRVGLEDSLWSAPGTLACSNADQVRVAISIIEGAGARAATPDEAREILMLRPLKEQT,BKACE241
130,BKACE242,Roseobacter litoralis Och 149,0.102,0.125,0.108,0.129,0.102,0.125,0.102,0.125,++,++,++,++,++,++,++,++,KDVFITCAVTGSGATQDRSAKVPRSPQSIAESAIDAAKAGAAIVHCHVRDPETGAPSRDLAYYREVTDRIRDAEVDVILNLTAGGTDMIGATERVAHVAACLPEICTLDCGTMNFDYVMTNTPGMLTAMGRMMTEMGVKPEIEAFDTGHLWYAKQLVADGVLDSPALVQLCMGVPWGAPDDLNTFMAMANNPPDWTFSAFGLGRNQMAYVAAAVLAGGNVRVGLEDNLWLEKGVLAENWQLVERAHSIIENMGARVIGPADVRAQLGLEKRAPRG,BKACE242
131,BKACE243,Roseobacter litoralis Och 149,0.099,0.144,0.13,0.099,0.099,0.144,0.099,0.144,-,-,-,-,-,-,-,-,SRIIISCAVTGSIHTPTMSDALPYRPEDIADQAVGAAEAGASILHLHARDPENGHPSAQAAHFMAFLPDIKARCDAVVNLTTGGSAIMTLDQRLEAPLAAEPEMCSLNMGTMNFMAARYETWKFDWEKPFLENSDDLVFKNTPRDIEAVLTRMGDERGARFEFECYDTGHLTMLKHFVDRGLVKTPIFLQFVFGVLGGMAATAENLTHMKRLAGDDYQFSVLAAGRAQMPLAVMAAGMGGHVRVGLEDNLYIAKGVLAKSNAEQVAKIRSLVEGVGRTVANPAQTRELLGLKGVAHVRF,BKACE243
132,BKACE80,Roseovarius nubinhibens ISM,0.118,0.107,0.142,0.116,0.118,0.107,0.118,0.107,++,++,+,+,++,++,++,++,NPVIITCAPTGGIHTPTMSEHLPITPSEIAEASIGAAEAGASIIHLHARNPETGQPDADPELFMQFLPRIKQATGAVMNVSTGGGLGMSREDRLRAALRASPEMASMNMGSMNFMKAKYSDWKHDWEPEFLDMTRDFIFRNTFADIEYAMRELGDGHGTKFEFECYDLSHLYNLAWVIDQGWVKPPFFIQMVFGILGGVGADLDNLVHMHGVAGDSYEWSVLAAGRHQMRFATQAALLGGNVRVGLEDSLYIGPGQLARSNADQVTKIRGIIESLGLDIATPEQARARLGLKGGDQVSF,BKACE80
133,BKACE82,Roseovarius nubinhibens ISM,0.113,0.177,0.129,0.114,0.113,0.177,0.113,0.177,++,++,++,++,++,++,++,++,RDVFITCAVTGSGGTQDRSPHVPRSPEQIADSAIAAAKAGAAVVHCHVRDPETGAPSRDKGLFREVTDRIRDAEVDVVLNLTAGGTDMAGATERVAHVAECRPEICTLDCGTMNFDYVMTNTPGMLTAMGAMMTELGVKPEIEAFDTGHLWYAKQLVKDGVLESPALVQLCMGVPWGAPNDLNTFMAMVNNPEDWAWSAFSLGRDQMAYVAASVLAGGNVRVGLEDNLMLDRGVLATNEQLVTRAREIIERLGARVIGPQEVRDKLGLTKRAPV,BKACE82
134,BKACE51,Sagittula stellata E-37,0.153,0.172,0.112,0.122,0.153,0.172,0.153,0.172,++,++,++,++,++,++,++,++,KPCIICVAITGSVPKKKDNPAVPISIEEQVESTQAAFEAGASIMHAHVRNDDESTTSDPEKFARLVEGIQKHCPGMIIQLSTGGRSGAGQTRGGMLPLRPDMASLSVGSNNFSRVYENPPDLVDWLASEMKTYGIKPEIEAFDLSHIFKAAEMNRDGRIPGKLYVQFVMGVKNAMPCDREVFDYYIKTAPDAEWCAAGIGRHQVEVNEWCIAAGGHTRTGLEDNVRWDRDTLAPSNAALVERAVKLCEKYERPVATYAQAREMLGLRAA,BKACE51
135,BKACE52,Sagittula stellata E-37,0.129,0.147,0.114,0.103,0.129,0.147,0.129,0.147,++,++,++,++,++,++,++,++,RKPFITAAITGAGATQDKSRHVPRSPKEIAEAAIEAAKAGAAVVHCHVRDPETGAPCRDVALFREVTDRIRSSEVDVVLNLTAGNTDMAGATERMAHIRDCLPEICTLDCGSMNFTYVMTNTTEMLRAMGAMMTELGVKPEIEAFDTGHLWFAKQLVKEGVLDDPALVQLCMGIPWGAPGDMNTFMAMVNNPAGWTWSAFSLGRDEMPYVAAAALAGGNVRVGLEDNLYLERGVMATNAQLVEKAANILANMGAALMGPQEVRDQLGLVKRDMPVPA,BKACE52
136,BKACE54,Sagittula stellata E-37,0.136,0.097,0.131,0.093,0.136,0.097,0.136,0.097,-,-,-,-,-,-,-,-,MSPYLPVTADQIAESAIAAAEAGAAVLHLHARVPETGAPSQDPAHYAAFLPRIHAATDAIVNITTGGGLGMSMEARIAPAVQAAPELASLNMGSFNFAEKGCRDPQPWEVGYLRGTRDLIMSNTFTQIETVLARLSETGTRFEFECYDTGHLYNLAHFADRGLVKPPFFVQAIFGVTGAQGTDPENLMHMRATAGDDHLLSVLGAGRSQFPLVTMGAILGGHVRVGLEDNLYIAKGQLAESNAQMVTKMRRILEDLGHEIATPDEARAILGTKGRDKVCF,BKACE54
137,BKACE55,Sagittula stellata E-37,0.08,0.109,0.102,0.12,0.08,0.109,0.08,0.109,++,++,+,+,++,++,++,++,DPVIITCAVTGGIHTPTMSEHLPITPDEIVADALGAAEAGASILHLHARNPEDGRPDQSIEGFMRFLPRLKQATDAVINLTSGGSPHMKLEERVRPAAELGPEVASLNMGSINFLADKYPEFKFAWEKEHLEATRDVVFRNTFKDIEYILSKGYANDTRFEFECYDIAHLYNLAHFVDRGLVKPPYFVQSVFGILGGIGTHPEDVSHMKRTAGDDYRWSVLGAGSSQLRIVAQAAAMGGNVRVGLEDSLWAGRGRMAKSSAEQVQMARKVIEGLGLTVATPEEARQMLGLKGGSRVGF,BKACE55
138,BKACE56,Sagittula stellata E-37,0.113,0.106,0.12,0.109,0.113,0.106,0.113,0.106,-,+,+,+,-,+,-,+,NKIIISCAVTGAIHTPSMSPHLPVTPQEIITDSLAAAEAGATILHLHARDPETGKPTQDPDAFRAFLPQLKQASGAVLNLTTGGSPHMTVAERMRPAAELKPEVASLNMGSMNFMLNRFTEFKHEWERQHLENSRDLVFKNTFADIQHILEVGNANGTRFEFECYDTSHLYNLAHFVDRGLVKAPFLVQTVFGLLGGIGAHPEDVAHMKRTAGDDYVWSVLGAGRNQMNVAAQAAAQGGNVRVGLEDSLWISKGKLAESNADQVRKARLLLEGLGLEVATPEEARGMLDLKGADNVAF,BKACE56
139,BKACE502,Sagittula stellata PE=4 SV=1,0.118,0.13,0.138,0.134,0.118,0.13,0.118,0.13,++,++,++,++,++,++,++,++,KPCIICVAITGSVPKKKDNPAVPISIEEQVESTQAAFEAGASIMHAHVRNDDESTTSDPEKFARLVEGIQKHCPGMIIQLSTGGRSGAGQTRGGMLPLRPDMASLSVGSNNFSRVYENPPDLVDWLASEMKTYGIKPEIEAFDLSHIFKAAEMNRDGRIPGKLYVQFVMGVKNAMPCDREVFDYYIKTAPDAEWCAAGIGRHQVEVNEWCIAAGGHTRTGLEDNVRWDRDTLAPSNAALVERVKLCEKYERPVATYAQAREMLGLRAA,BKACE502
140,BKACE133,Salinispora tropica (strain ATCC BAA-916 / DSM 44818 / CNB-440),0.052,0.056,0.042,0.083,0.052,0.056,0.052,0.056,-,-,-,-,-,-,-,-,TGTLITVAPTGAESAKAEVPALPVTLDELLLTAKECEALGASVVHVHVRDGEAQPTLDQGRLRETVAALRESTDLVVQLSSGGAVSDPEADRLAVLDAAPDMASCTMGTVNFADVFLNRWEFIVELHTRMQERGIVPEYEIFDLGHLTALQRLLGTYGLPAGHVHVDFVMGVPGGMPGTPAALVAAEQMPAGTTFSATGVGRSTIPVLLASLSAGGHLRVGMEDTVTYAKGQPVESNMQLVARAVAFAQLAQRLPLTTTEARELLGLPALRR,BKACE133
141,BKACE478,Silicibacter pomeroyi,0.123,0.101,0.126,0.084,0.123,0.101,0.123,0.101,++,++,++,++,++,++,++,++,KPCIICVAITGSVPTKADNPAVPITVSEQVESTQEAFEAGAAIAHCHVRNDDGTPSSDPDRFARLTEGLHTHCPGMIVQFSTGGRSGAGQARGGMLPLKPDMASLSVGSNNFSRVYENPPDLVDWLAAQMRSYRVTPEIEAFDLSHILRAIDMHGRGLLYGKLYVQFVMGVKNAMPADREVFDFYVRMAPQAEWCAAGIGANQLTVNEWAIAAGGHTRTGLEDNIRLDRQTLAPSNAALVRRSVELCDKYQRPVASWQQAREILGLPAAARN,BKACE478
142,BKACE479,Silicibacter pomeroyi,0.118,0.103,0.121,0.117,0.118,0.103,0.118,0.103,++,++,++,+,++,++,++,++,NEVVLTCAVTGAGDTTGKSPHVPVTPKAIAEAAIEAARAGAAIVHLHARDPETGQGSRDPKLFKEIVDRVRDSGTDVVINLTAGGTDMIGPEARLAHVEECRPDICSLDCGTLNFDMIYISTPPTLRRMAALVQEWGVKPELEVFDLGHIRFAKAMIAEGLIDAPPMFQLCLGIPWGADQDVETMVAMKSQPEGASWASFGIGRGQMPMAAAAVALGGNVRVGLEDNIYLDRGVLATNGQLVTRAREIIERMGARLLTPKEARAKLNLRGAEG,BKACE479
143,BKACE480,Silicibacter pomeroyi,0.141,0.122,0.116,0.135,0.141,0.122,0.141,0.122,++,++,++,++,++,++,++,++,SRILITCAITGSIHTPSMSPYLPVTADEITQQAVDAADAGAAILHLHARDPETGRPSAEIGHFMGFLPRIKQSCEAVLNLSTGGSAVMTLDQRLAAPKQAAPEMCSLNMGTMNFAADRISDWKHDWEEPFLRGSDDLVFKNTPRDMALILGEMGTKRGARFEFEVYDVGHLYMLRHFVDRGLVQGPLFIQFVFGVLGGIGPDPENLMHMKTVAGQDYLFSVLAAGRHQIPLVTMAAAMGGHVRVGLEDSLMISRGVLARSNAEQVRKIRRIVEDLGREVASPGEARAMLGLKGADRTAF,BKACE480
144,BKACE481,Silicibacter pomeroyi,0.13,0.094,0.121,0.128,0.13,0.094,0.13,0.094,++,++,++,++,++,++,++,++,REVFITCAVTGSGGTQDRSPHVPRSPKQIAESAIAAAKAGAAVVHCHVRDPETGAPSRRLDLYREVTERIRDAEVDVVLNLTAGGTDMVGASERVAHVAECLPEICTLDCGTMNFDYVMTNTPGMLTAMGRMMTELGVKPEIEAFDTGHLWYAKQLVKDGVLEGPALVQLCMGVPWGAPDDLNTFMAMVNNPDDWTFSAFALGRNQMAYAAASVLAGGNVRVGLEDNLWLDKGVLAENWQLVERAAGIVSNMGARVIGPQEVREKLGLVKRAPVAK,BKACE481
145,BKACE482,Silicibacter pomeroyi,0.118,0.103,0.156,0.147,0.118,0.103,0.118,0.103,++,++,++,++,++,++,++,++,TAPLIMVAPNGARRGKADHARLPITLDEMLAEASACRAAGADALHLHVRNADGTHSLDAGRYREALDELARAVPDMAVQITTEAAGVYSPAEQYACLDALRPPWASVSLREIARDPDLAPRLYALAADQGIRLQHIAYDRADLELLARSRAAGIIRAEQDEVICVLGAYPPRAGRPEDLDALAPALVLRLGLCAFGAQEQDCLLDGARAGAEILRVGFENNLLSPDGTPWPDNAAAVASLGHHLERKAA,BKACE482
146,BKACE498,Silicibacter pomeroyi PE=1 SV=1,0.091,0.08,0.116,0.081,0.091,0.08,0.091,0.08,-,-,-,-,-,-,-,-,KPCIICVAITGSVPTKADNPAVPITVSEQVESTQEAFEAGAAIAHCHVRNDDGTPSSDPDRFARLTEGLHTHCPGMIVQFSTGGRSGAGQARGGMLPLKPDMASLSVGSNNFSRVYENPPDLVDWLAAQMRSYRVTPEIEAFDLSHILRAIDMHGRGLLYGKLYVQFVMGVKNAMPADREVFDFYVRMAPQAEWCAAGIGANQLTVNVMGHRAGGHTRT,BKACE498
147,BKACE154,Sphingomonas wittichii (strain RW1 / DSM 6014 / JCM 10273),0.076,0.078,0.084,0.112,0.076,0.078,0.076,0.078,+,-,-,-,+,-,+,-,RKVIVTVAPTGGMALKSQNPALPTQPQEIADDVYRCYNAGASVVAVHARRPEDDGATCNPAIYRDINERIRSHCNIVLNNSTGGGVHILWEERIKGIEAGAEMCTLDPTTIVASFDGKEILMNTSPSRCRELAIKMQEKGIKPEWEVFSPTHLLQDVVACIKEGLDKAPYFINVVLGVNGALPYSPKILQQMVDIPEGSLFNVSAVGPAQLNAGVLSLLLGGHVRVGLEDNLYYERGQLATNVQQVDRIVRIIRELGLEPATPDEAREIMGLPLLG,BKACE154
148,BKACE155,Sphingomonas wittichii (strain RW1 / DSM 6014 / JCM 10273),0.106,0.121,0.117,0.123,0.106,0.121,0.106,0.121,-,-,-,-,-,-,-,-,NKVIITCAITGGIHTPTLSDALPYTPADLARQAIEAAEAGAAILHIHARDPETGAPTGSPDVYRQFLPVIKQGTDAVINLTTGGSPDMTPEDRLAGALAFSPEMCSLNMGSINFMGRKVENWKFPWENQYILDSEKFIFRNTFADIRRNYELLADHGTRFEHECYDVGHLYNLAYFLDRGLVKPPFFVQMIFGILGGIGADLENLVFMKGTAGRDYQWSVLAAGRYQMPFITQAALLGGNVRVGLEDSLFIERGKLAVSNAQQVQKAKRILAEMGLEPATPDEAREMLGLKGGDGVNF,BKACE155
149,BKACE515,Staphylococcus epidermidis (strain ATCC 12228),0.087,0.105,0.117,0.133,0.087,0.105,0.087,0.105,++,++,++,++,++,++,++,++,QKVVLTAAITGAGDTIQKNENVPVTPQELADSAIKCARAGATVAHIHVRDPETGGVSHDPELYAETVRLIREADEDIVINVTSGGTWIQTPEERFKPIGDLLPEMCTLDCGSVNMDAIYLSPASWLRKQAQMVKDAGVKPELECFDTGHVSFAKQMIEEGLIDGDPMFQFCLGIPWGAENDPETIEYLKSRPENAHWSAFGIGKMQLPTVREVAQRGGNVRVGLEDNIYLRKGVKATNEALVEEAKRILAELDIEPLTPAEAREKFNLRNPHGKGDK,BKACE515
150,BKACE471,Staphylococcus saprophyticus subsp. saprophyticus (strain ATCC 15305 / DSM 20229),0.104,0.09,0.087,0.098,0.104,0.09,0.104,0.09,++,++,++,++,++,++,++,++,KKVMLTAALTGAGDTTAKNKCVPVTPQEIAESAIKCARAGATVAHIHARDPETGGISHDVEFFKEAVRLIRAADEDIIINITSGGSDIQTPEERHEPIGSLLPEMCTLDCGSVNMDTVYLSPTDWLRKQAQLVKEAGVKPELECFDSGHISFAKQLISEGLIDGEPMFQFCLGIPWGAENDPETIEYFKTRPEHAHWSAFGIGRMQFPTVEEAAKRGGNVRVGLEDNLYLAKGVKATNEQLVEKAVEILNGLDIEPMTPAEARKKYQLRDPQGGA,BKACE471
151,BKACE517,Thermoanaerobacter tengcongensis,0.059,0.07,0.064,0.058,0.059,0.07,0.059,0.07,-,-,-,-,-,-,-,-,KLIITAAICGAEVTKKHNPNVPYTVEEMVREALSAYNAGASIIHLHVRYDDGTPTQDKERFREVIEAIKAKCPDVIIQPSTGGAVGMTAEERLQPVYLKPEMASLDCGTMNFDEIFVNTENMIIEFATKMNELGVKPELEVFDKGMIDTAIRLHKKGYIKAPMHFNFVMGVNGGISAEMRDFVFLKESPPGSTFTATGIGRYEFPVATMSILAGGHVRVGFEDNVYLEKGVLAKSNGELVEKVVRIARELGREIATPDEARKILGLEVKP,BKACE517
152,BKACE681,Thermomicrobium roseum (strain ATCC 27502 / DSM 5159 / P-2),0.117,0.117,0.116,0.132,0.117,0.117,0.117,0.117,+,+,+,+,+,+,+,+,KVIVSVATTGSWTTREQTPYVPITEEEIAAEAIRCWREGAAIVHIHVRDEQGRVTSDPARYARVRDLIRSQGCDIILNFSTGGGAGIVPDEERIAPVRLRPEIASFDAGSLNFDRVFVNSPAFLEALAHEMQAHGVKPEIECFESGFIETAKRFIERGLIQPPYWFQMVLGVRGGAPATVDQLVHMVRQPAGSLWSVCAIGRHQLPMNVAALVMGGHVRTGLEDNIYYSYRVLAEGNAPLVARIVRIARELGREPASPSEARTLLGLPPFQ,BKACE681
153,BKACE19,Thermosinus carboxydivorans Nor1,0.126,0.134,0.105,0.104,0.126,0.134,0.126,0.134,++,++,++,++,++,++,++,++,KLIVTVAPTGNVPTKAMTPFVPVTPEEIAEDIAACYEKGAAVAHIHARNEEGRPTHEIKFFAEILRRLDEKGCPIIRQISTGARAGKTAQDRAEALALNPASASLATGSSNFTSANVNDPALIEYLAKIMLERNIKPELEIFDTAMINNAVQLHKAGLLKEPLLFNLVLGVKGSLPATPKNLFFLVESPPNSVWSVSVIGPQHVPLSMIAMALGGHVRVGVEDNIYYSKGVLATNVTLVERIVNIAKAMGREIATPDDVKRIWGVN,BKACE19
154,BKACE173,Thermosipho melanesiensis (strain BI429 / DSM 12029),0.03,0.046,0.032,0.037,0.03,0.046,0.03,0.046,-,-,-,-,-,-,-,-,KLIITVAVTGAEVTREKQPNLPITPDEIADAVYECYLAGASIAHIHARKEDGTPTQSYEIYIEIKEKIEKKCNIIFQPSTGGATWHTFEERMQPLLTNPEMATLSAGTCNFNDVFLNPMEYIEKFAIEMKKRKIKPEIEVFERGMIETALKLVKKGLLEAPLHFDFVMGVPGAIPGTIDDLVYLVSKPEGSTWSVAGIGRYELPLAVHAILMGGHVRIGFEDNIYYKKGELAKSNAQLVERIVRIAKEVGREIATPDEARKILGIRKE,BKACE173
155,BKACE196,Thermotoga lettingae (strain ATCC BAA-301 / DSM 14385 / TMO),0.038,0.033,0.028,0.04,0.038,0.033,0.038,0.033,-,-,-,-,-,-,-,-,KLIITVAVCGAEVTKQHTPYIPVTPEEIVQQSYEAFLEGASIVHLHVRDENGNPTQNAEIFKKVVTMIREKCRGMIVQVSTGGAVWMTAEERLQSLESDPDMATLTTGTVNFNDVFMNSIPMIERFAEEMKKRNIMPEFECFDMGHITNALNLVKKGLVHGHLHFDFVMGVPGGIAANGRNLIAMVDNPAGATWSVAGIGRHEFPMAAMAIAMGGHVRVGLEDNIYVKKGELAKSNAELVKKVVKIAREIGRDIASCQEARQILNLKEVRK,BKACE196
156,BKACE741,Variovorax paradoxus (strain S110),0.096,0.083,0.099,0.103,0.096,0.083,0.096,0.083,+,+,-,-,+,+,+,+,RKVIVTIAPTGGMAHKSQNPHLPTQPDEIAADVLRCWNAGASVAAIHARRPDDGATCSADVYRDINSRIRNAGCDIVINNSTGGGVHIAWKERIKGMDAGAEMCTLDATTLNLSFEGRQILMDTPITRGRELAAGMKARGIKPEWEVFSPTHILQDTTTLIEEGHDDEPYFINLVMNVHNAMPYSPRFLQMMVDTPRGSIFGVSGIGPSQLEANVAALLLGGHARVGLEDNLYFRHGELATNVQLTERIVRVIHELDMDVATPAEARQMMGLPRRGGPRPEFAPR,BKACE741
157,BKACE742,Variovorax paradoxus (strain S110),0.079,0.079,0.088,0.085,0.079,0.079,0.079,0.079,++,++,+,++,++,++,++,++,AKTLITCAVTGNLVKPEQTPHLPITPVRIADECLAAAEAGAAQVHIHVRHPETGKPSMEVELYREVVDRIRRGNRELVINLTTGGTTLLPPEKRVEHIALIRPDVCSLDLNTMNSPDVVMNTPKNVRRMARVIREAGVKPELEIFDSGDINLALDLIADGTLDGPAMWTFVLGVKYGFAPTPETLLYARNMPRGAFWSAFGIGRMEFPIVAQAWLLGGHVRVGMEDNIYLEKGVLAESNAQLVAKARDILLSLGGEIANPREARAMLGLPGGGS,BKACE742
158,BKACE30,Verminephrobacter eiseniae (strain EF02),0.036,0.06,0.046,0.047,0.036,0.06,0.036,0.06,-,-,-,-,-,-,-,-,NPLIVTVAPNGAYKQPRDHAALPITADALAATARACLDAGAAMLHMHIRDAQGRHSLDLQGYRAAIHRVRQAVGQALVLQITSEAAGIYRAAAQIALVEALRPEAVSVGLREFDQPGEAGLQRFFTGLARQRTLTQIILYDLADLRRWQDLRARAVVPQAPWSLLFVLGRYAGQTSSPRDLLPFVTAHEGPEPWAVCAFGATENSCIAAAAALGGHARVGFENNLLCKDGSIAPDNAALVRQAVQVAQALGRPLATADDIRQWR,BKACE30
159,BKACE31,Verminephrobacter eiseniae (strain EF02),0.104,0.081,0.085,0.078,0.104,0.081,0.104,0.081,+,+,-,-,+,+,+,+,DKAIITCAITGVLTDPGQHPVPVSPGQLAREARRACDAGATVVHVHFRQQAPGKGHLPSWEPQVALDCVQAMRAACPGLIINQSTGVVGPHCQGPIACLRATRPEMAACNAGSLNYSNGSWAWPPMLFDNPPAKVKDFIDVMAETGTLPEFECFDLGIVRCVQMYVQTGIYTGRPAYNFVMGVESGMPADPDLLPILLRLIAGAPWQATVIGRAEVPVHQRVAELGGHLRSGLEDLFYLPDGTRVDSNGPLIEQLARCARNAGREVATAQEARAMLGLPGA,BKACE31
160,BKACE33,Verminephrobacter eiseniae (strain EF02),0.116,0.114,0.151,0.104,0.116,0.114,0.116,0.114,-,-,-,-,-,-,-,-,NKVIITCAVTGAIHTPSMSPHLPITGPEIAEAAIGAAEAGAAIVHLHARKLEDGSPSQDPELFKAFLPQIKAASDVVINITTGGAPTMLVTERLVPVHTFKPEVASLNMGSMNFMLGRFKDFKYDWERPYLANSDDRVFKNTFKDIAHILESCASNGTRFEIECYDIGHLYTAAHFIDRGLIEPPFLIQSVFGLLGGIGPHPEDVLHMKRTAGDDYVWSVLGAGRNQMPIASQSLAMGGNVRVGLEDSLWDGPGRLAKSNADQVKRARSLVEGLSLEVATPQQARQMLGLKGRDNVNF,BKACE33
161,BKACE510,Vibrio parahaemolyticus,0.18,0.171,0.178,0.194,0.18,0.171,0.18,0.171,++,++,++,++,++,++,++,++,EPIAIIVAPNGARKTKHDHANLPMTKDELVAEAIACQTAGAAMIHLHARDANGRHSLDIDDNMAIYHAVKEAVGETMMVQLTTEAVGLYSPPQQRALVKAVKPEAASFALRELIPDSEKEGHAFFHWLAENSIVSQIILYDTTDIERYFQLRDAGVLPKTYQHALVVLGRYQAQQSSPWYLRGLNLAREEEIRCAICAFGAREQDCLASAMLLGFDVRVGFENNHFDVAGELAISNADQVEALRDVAHRFAIPLHSAQSLRSVL,BKACE510
162,BKACE162,Vibrio parahaemolyticus AQ3810,0.157,0.151,0.169,0.191,0.157,0.151,0.157,0.151,++,++,++,++,++,++,++,++,EPIAIIVAPNGARKTKHDHANLPMTKDELVAEAIACQTAGAAMIHLHARDANGRHSLDIDDNMEIYHAVKEAVGETMMVQLTTEAVGLYSPPQQRALVKAVKPEAASFALRELIPDSEKEGHVFFHWLAENSIVSQIILYDATDIERYFQLHDAGVLPKTHQHALVVLGRYQAQQSSPWDLRGLNLVREEEIRCAICAFGVREQDCLASAMLLGFDVRVGFENNHFDVAGEVAISNADQVEALRDVAHCFAIPLHSAQSLRSVL,BKACE162
