,fdh_id,Protein_titer(mg/L),uniparc_id,uniprot_updated,sequence,domain,phylum,class,order,family,genus,species,level_1_sn_number,level_1_sn_id,level_2_sn_number,level_2_sn_id,active
0,RebH,-1,UPI00000BF0B6,Q8KHZ8,MSGKIDKILIVGGGTAGWMAASYLGKALQGTADITLLQAPDIPTLGVGEATIPNLQTAFFDFLGIPEDEWMRECNASYKVAIKFINWRTAGEGTSEARELDGGPDHFYHSFGLLKYHEQIPLSHYWFDRSYRGKTVEPFDYACYKEPVILDANRSPRRLDGSKVTNYAWHFDAHLVADFLRRFATEKLGVRHVEDRVEHVQRDANGNIESVRTATGRVFDADLFVDCSGFRGLLINKAMEEPFLDMSDHLLNDSAVATQVPHDDDANGVEPFTSAIAMKSGWTWKIPMLGRFGTGYVYSSRFATEDEAVREFCEMWHLDPETQPLNRIRFRVGRNRRAWVGNCVSIGTSSCFVEPLESTGIYFVYAALYQLVKHFPDKSLNPVLTARFNREIETMFDDTRDFIQAHFYFSPRTDTPFWRANKELRLADGMQEKIDMYRAGMAINAPASDDAQLYYGNFEEEFRNFWNNSNYYCVLAGLGLVPDAPSPRLAHMPQATESVDEVFGAVKDRQRNLLETLPSLHEFLRQQHGR,Bacteria,Actinobacteria,Actinobacteria (high G+C Gram-positive bacteria),Pseudonocardiales,Pseudonocardiaceae,Lechevalieria,Lechevalieria aerocolonigenes (Nocardia aerocolonigenes) (Saccharothrix aerocolonigenes),1,SN1: Indole halogenases,3,"Lvl 2, SN3: Tryptophan 6- and 7-halogenases",1
1,2-A04,1,UPI0002527C60,K0EPS6,MSTDYDVLILGSGLSGSTLSLCLQASGLRTCMVDPKTHPRFAIGESTIPNTSKLYKLMSIKYGVPELAALSSFDNLIGSVGTCGMKNNFGFIYHEPGTTARRAHQFPLSEIVETESHLFRADVDHWLALRARDYGAVLLEGVGARRLDITEAGVFFEGDEGTRISADYVVDAGGRGSPVAAALGLRTTEGLRTTSKSVFTHMTGVTPFDEITAVHGPREWHTGTLHHVFDGGWMWVIPFDNNEKSSNPLCSVGVVWRIDDGDEAPLPNPEQAFADFLATYPEIGKQFEHAQNARSWISAGRLQYSATRTVGDRWCLTSNAAGFIDPLFSRGMQNTAVVVDRLAERLIARFRGGFTPETFDDIEQMQSSLIEENDFLVGNAFRSFTDYELWNAWFRVWQVNQVTGTMRTENRLRHVTALAAARAAGKEPSQQADAAPGTGLDGFIDAFYRKSDQIMTAYWSRETSRDTAVSEFRKLFAAVDFVPPSFGLTDMSQPYFDIDMDKVASAVAWARRARPGIRELYLGGLPASPELGADESD,Bacteria,Actinobacteria,Actinobacteria (high G+C Gram-positive bacteria),Corynebacteriales,Nocardiaceae,Nocardia,Nocardia brasiliensis,3,SN3: Variant A pyrrole halogenases,158,Singleton or small SN,0
2,1-E12,3,UPI0006EF6A97,A0A0P1IV03,MTKSDPTHLVIVGGGTAGWLAAHLFKTESERQGIPMRITLVESSKVPTIGVGEGTTSVFGGVLQSLGFDEEDFLAHTDATIKYGIRHRDWRRLGHVYDGPIDDAYALTDRIPGAGSWIDTFCVAAGRSVSAPHIFAKLMETGKAPVAEMGGRRVPVSRFHHAYHFDQAKVGAYLRRKATDISKIDALVESAERDGKSGCVTKLRLDTGETIAGDFFIDCTGFRRTLIQGTMGASWVSYSDALPVNRAMPFWLDLAEDEEIPTFTHAWAQASGWMWQIPTQGRIGCGYVYSDRHSSPDIALAEIEGVLGRKIEPRADIPVDAGRISEVWRGNVLALGLASSFLEPLEATSIHGTIVAVLLFCRRHLLQISAPLQKNQQRYNAAIAKQVDDFRDFINLHYVSERDDSPFWRDVATDFILPQVRQKLINWQERMPGPEDFTNDLDGLPHVEELLHYPVLDGLGLLNRSVARERMAQDRKLRDFARATVDHLEKQAGNVASHAISHRAWLSSLSSNAIA,Bacteria,Proteobacteria,Alphaproteobacteria,Rhodobacterales,Rhodobacteraceae,Thalassobius,Thalassobius activus,1,SN1: Indole halogenases,31,"Lvl 2, SN31: Not annotated",0
3,1-D09,3,UPI0007160E46,A0A0Q6T2I0,MSAMSQKFDRIVVVGGGSAGWMTAAALVTGLKGRAIVEVVESEEIGIVGVGEATFPSIRDYNQLIGIDERDFLRATNGAYKLGARFRDWLEPGKDYFHTFGEFGNLTGAQTLWAQHRRMGQTEPLGLQCLPTVMAMNGRFGLQEDGREEFKYAYHFDAIQYGALLRKLAMQRGARHTQGRIVEVLRRPDGGVAALQLDDGRRIEGDLFVDCSGFRSLLLGGALSEPFVDFSHWLPVDRAWACPCERTGEELTPYTQATALEGGWAWRIPLQNRTGHGHVFSSRFIDEDRAREQLLARLDGKPLVEPRLLRFTTGHHERFWVHNVVAIGLSAGFLEPLESTSIFLIQDGIFRLMSSLTAGRPLDASDPARFNELVMRRFTRVRDFIILHYHLTRRRDSELWRYVAAMELPETLTFRMDLWRRFGVLHEYDEDPFYAPSWLAIYAGMDYWPERHDPVCEEIPGERAGRALRSRQQAIAASVERMPLHHLTLQKMLG,Bacteria,Proteobacteria,Betaproteobacteria,Burkholderiales,Comamonadaceae,Pelomonas,Pelomonas sp. Root1217,1,SN1: Indole halogenases,21,"Lvl 2, SN21: Not annotated",1
4,1-H10,4,UPI0002BDFDBA,M5U9C7,MRTSSQLGTIFPEQDEPHDCHIVIVGGGTAGWMSAATLKRRVGCRVTVVESDRVPPIGVGEATIPAMVDWIENMGIDEDEFIRRTGATYKLAIRFDDWIEPSHRYWHPFGICGCSIEGVDLIHAWQRGVREGWLPNDSQYTDYSFQKELCDHGCGPRQPGMPSIAENYAFHLDAGKLAVFLREVALAEGVQHRVGDVEDAPLDEHGNIACLCLADGSPLQGNLYVDCTGFASVMIENAMNSPWEDWSEQLICDRAITFRIAGNTSQQDDGAVDVGRRALAPYTISTGMNAGWSWQIPLAENTGCGYVFSSKHISDEAAKSELCALVGADPDMVSAKTVPMRIGMRPRQWIGNCVSIGLSAGFVEPLESTGIFLVQRALDELFECLPPATPLAFHAGHFDHATFNGRMTEVYRQVRDFVLMHYVVSRRRDTPFWIDAATVDQPESLRGLLDEYVSTGRVRLPQRDPTFAEANHHFILSPAGVRAGTHEFGHPGESPAIPGVPAGQYQPVHPSVIFDSIRASHRELCAALPAHDALIQSIHGVKTTCDDRDDATHFPPKLYPPTANLLS,Bacteria,Planctomycetes,Planctomycetia,Planctomycetales,Planctomycetaceae,Rhodopirellula,Rhodopirellula sallentina,1,SN1: Indole halogenases,91,Singleton or small SN,0
5,1-C07,4,UPI0003ED8143,W7QJC1,MLLLTFDYGPGVVMQLKNQKILIVGGGTSGWMAASLLAKKWPNCQIKLIESQNIGTVGVGEGSTPYIKQFFNALEIEESDWMPFCNATYKNGIEFINWSTQPGYNRYFHAFLSDLDEQHTPLFEQATLNRRQGQAVKAHPDGYFFLQTLAQQHRQPTLEVQSNNNAAPHNIYAYHFDSGKLAEYLKQYCLNLGVEHQFVDIETVELAGNGEIAAVIAKDKCRFEADLYLDCTGFSSLLIEKTLKERFISFDENLYNDRAVTVASKAQMHYQPQTTSTALTNGWAWQIPLTSRTGNGYVYSSKYISDEQATQELIEFVGRDNLIGEPRVIPMKVGRVERAWVKNCVAIGLSQGFIEPLEATGLHFIQTSIESFILLYELGEGSAEYRQVYNREIEHVFERVRDYIVSHYLTNSRNDTEYWRVCRDKINISDTLDGLMRQWCSGKDFKAALKKAELDHIYPSASWHMLLAGMGFLPPIDGAHRLSDSEKRTLAQIAEVHQQHINVYGKT,Bacteria,Proteobacteria,Gammaproteobacteria,Alteromonadales,Alteromonadaceae,Catenovulum,Catenovulum agarivorans,1,SN1: Indole halogenases,126,Singleton or small SN,1
6,1-C09,5,UPI0000389DA2,Q2G7X9,MDEGEVRRIVIVGGGTAGWLSACFLAAELRSRRVDVSITLIEAPDIPTIGVGEGTWPTMRGTLRAIGIAEDNFLAACDASFKQGSVFSGWVTGEPGDRYQHPFTPPPAGALDDIVAAWAGRGDQPFASAMTAQAAVIDRDLAPRQPNMPFYAGALNYAYHLDAGKFAALLSSRATGHLGVTHVRDRVRNTVADDRGHLLAVELASGDRVEGDLFIDCSGHAALLIGGACGVPFIDRSDVLLNDRALAAQVSVQPGTPVASATVATAHRAGWLWDIGLPGRRGIGCVYSSRFLSDDDALAVLRAYVSANVPGADPAAVEPRRIAFPTGHRERFWHGNCIAIGLSAGFLEPLEASAIVMIELSLRALAENFPRQRQAMPFLAGRFNDLFRYRWDRVIEFLKLHYLLSKRQEPYWQAQRDPAAVPQRLAELVALWRHQPPSAWDFPQVDEIFSAESHAYILYGMGFPPPASTARDPLAARALDDVAQRTRALCAALPTNRSYLSSLMPAQGAAALP,Bacteria,Proteobacteria,Alphaproteobacteria,Sphingomonadales,Sphingomonadaceae,Novosphingobium,Novosphingobium aromaticivorans (Sphingomonas aromaticivorans),1,SN1: Indole halogenases,2,"Lvl 2, SN2: 2PYX Subnetwork",1
7,2-H01,7,UPI0003C3F403,V4RDD0,MSDADTDVFYGNLTSPAAYDFNLSLGVSEPDLILDSDTTFSYGTHFTNWGARRLDWVQAFHLPLPVLEGATFQHYLTQQGQAALEPFLVSAVAARRGVFAHPPEDPGHPLSRAEYGYQFDASAYGSLFERAATRSGVRKIAADISAIDAADGVINAIHLSDGQTLTADLWIDATGAQATLLSHIAGERHSARRLHAYLTRTETETPGQAVTTISGMPYGWQAKTALRSSNLMLTITSPDSDTEVQAAFATGPERSAIVDIGWRDMAWVGNCVGIGHAACVAEPVTIAPMLLLQRDIERLLPLLPVSDDLSVERREYNRQALADYVHADLFTRALFETQPVDGAPYWGAALTPADERLIRKIEQFESRGLHVAYDLEPFGPEDWLILHYGMGRRPLRYDRIVDGADNARIRQYLEALRNNIDSAIRSMPPHGAYLNGLTKYLRQQKGEA,Bacteria,Proteobacteria,Alphaproteobacteria,Caulobacterales,Caulobacteraceae,Asticcacaulis,Asticcacaulis sp. AC460,19,Singleton or small SN,63,Singleton or small SN,0
8,1-D12,8,UPI0001A8C551,C5BT78,MNTKIKHFAIVGGGTAGWSAAAMLARRFAGQSIAITLVESPEHATIGVGEATVPAITQVHKQLGIDEQAMLVATDATFKLGIEFRDWRVPGEKFFHPFSDFGVPIEGKAFYHAWLCMQQEAKLESHTGNPLEHYSLCASLAQAGKFSLPNNHASTPLAWYGYAYHFDGAKYANFLRDYAQQLGVAYTKGTVSAFVKNPTSGNIDCLVLSDGAQLKADFFIDCTGFKSRLLAQEYGEPFCDWSHWLPCNKAVVVQTAANPTPPPYTISTALDSGWAWSIPLKSRTGNGYVFSDNHITEDQAASQLLRHVTGKPINDPRVITFRAGMRENFWVKNCAAVGLASGFIEPLESTSISMIHTAIGKIIEHLPNGCLDPKATEHANHLNRLEYERIRDFILLHYWLSDRTGSNFWKQFNELSLPDTLQYKIDQWLTNAQLVILEQESFQAQSWLAMYSGFKRYPLSYAIDAPMSTTVRDVSAKMRAAIVKGVSHAPYHHEFLSTLYETDAATQ,Bacteria,Proteobacteria,Gammaproteobacteria,Cellvibrionales,Cellvibrionaceae,Teredinibacter,Teredinibacter turnerae,1,SN1: Indole halogenases,1,"Lvl 2, SN1: Putative indole halogenases",1
9,1-B08,8,UPI0005B249B5,A0A0C5AIN6,MKIYIIGGGSSGWMTATTMLTKFPDADITVVESPSKPPVGVGESTTQYFRIWADYVGLKDEDWMVACDATYKISVRFSNFHDVDDTPWQYPFGAPNINLAHPDVWFWNQYKRGWSNDKFARDYWIAAECAEHNLLPIKDPNFKIKKNTGFHFDAVKFAEWLRDNKCQSVKRIIGTVDDFERVGDDIKYLWIDEKQHEADLYFDCTGFTSLLNKSEWLDYSDWLPNDTAWVTRLEYKDKQEELKSYTQCTALSSGWVWTVPTFARIGTGYVFSSKYQDHQSALKEFASFLKYDTEEFRKIHFKTGRKKEIWCGNVVSIGLSAGFIEPLESNGLLSVHEFLLKFCRMWKPRTTQMMRDTYNKAVAFAFDGFASFVALHYALTQRQDSDYWKAVSQIRYPDESMIEAAKITMMEESHNFASKLDWRNAAGDSLFCVMAGHGWNPFTDVIESEILFHGGIPEDSHLNSWTHKWNHARLGVNPLDYYNRTLYAV,Viruses,0,0,Caudovirales,Myoviridae (phages with contractile tails),0,Cyanophage P-TIM40,1,SN1: Indole halogenases,0,Singleton or small SN,1
10,1-B12,13,UPI0003C62433,V6KS34,MSDNRIRKILVLGGGTTGWMSAAYLAKALGSSAEVTVLEAPSVPRIGVGEATIPNLQKVFFDFLGLSEEEWMPECNASFKLGIRYINWRTPGSGEALGREHQGGKDHFDHVFGVLPSHENLPLSHYWTHKKLTGQTDEPFDQACYTQPQIFDRNLSPRYLDGTRWASYAWHFDAQKVADFLGRFSVEKLGVQHIQDKFVGADVDQRGHIVAVKTEEGRRLEADLFIDCSGFRSLLMNGVMKEPFLDMSDHLLNDRAVATQIPHDDENNGVEPFTSAIAMSAGWTWKIPMLGRFGTGYVYSSRFTSQDEATQEFCRMWGIDPETHPLNHVKFRVGRNRRAWVKNCIGLGLANQFVEPLESTGIYFVYAALYQLVKHFPDKSFDPVLVNRFNHEVEEMFDDTRDFIQGHFSFAPRNDTPYWRACKELELAPRFVEKVKEYKSGLGVNLPVTDEAGYYGNFEAEFRNFWSNANYYCILAGLGELPDNPMPLLAHQPESIASAEAVFEEIKKRREELLATLPSTHEYLLKLHGKA,Bacteria,Actinobacteria,Actinobacteria (high G+C Gram-positive bacteria),Streptomycetales,Streptomycetaceae,Streptomyces,Streptomyces roseochromogenus,1,SN1: Indole halogenases,3,"Lvl 2, SN3: Tryptophan 6- and 7-halogenases",1
11,1-G11,14,UPI0007372BC3,A0A0W1EIP6,MSGAVQRVVVHGGGIAAPMAALAIARAYARLGVEVAWADTGEAPAPHSALVAPSDLATFHRLLGIDDKALTANAAATLNMGQQFAGWSGGDSAFLHAYGDAGSAYADLPFVQHWSRARAAGLRVALEDFSLAAAAAKEGRTGAPDKPATRQAVKAGWHLDAAGYAALLRTGCESSGVRIVAAASATPQIANGRIAALDIDGETLSADLFVDTDGKLVDALDPSAVTPGRPWRDRLLRASAPPFGPLPLYSRVAAHAAGWLTLVPLADRTALEFHYDSRHLADADAPAMLAALTGQKLEAVLEPVAATARARLWTGNAIALGRAAGSAPPLDSAELLLLQLSIAQLVLLWPLAAADMPEADIYNEEVGGTWSRVRDFTAQHFRLNTRSEPFWADARAAPVSPELAAKIDLFAARGLFAHFNHEAHVEDGWALVMAGHGIVPRGFDPQALRVEDQALMAEFQRQLRAVATDVRAMESHADALGRLRA,Bacteria,Proteobacteria,Alphaproteobacteria,Sphingomonadales,Sphingomonadaceae,Sphingopyxis,Sphingopyxis sp. HIX,1,SN1: Indole halogenases,64,Singleton or small SN,0
12,1-E08,15,UPI0001B008EB,C6XS27,MNQDNNSHHIVIVGGGTAGWLSAAFLSSQLKNRFQKNVNITLVEASDIATIGVGEATIPSLRQTLNACGIDEREFLKACDATFKHGIEFIQWRETPAKAPAESYFHPFGELVSVEGHNPAHQWSKLGKDQREDFADLFSVQPEIAKLGRAPKHSNDRAYDGALAYAYHLDAGKLVEFLKAKFRDVSVAQIIGKVVGASSSENGNFSSVQLDDGRSIEGDFFIDCTGFAARLINADQENEFIDKSSILFVNRAVTTRIPVEDKRDITGYTKCTAQTAGWIWDIALQTRRGIGHVFSTRHMNDEDAVQCLANYTGKPIEDLDVRFLDMKTGYHARQWRKNCVAVGLSSGFLEPLESTGIYLIEMANWALLDMLPRFFSGAQPQERYNEAMRLHYENIVDFLKLHYCLSNRDDSDFWTENRGPQTVPETLKQKLHQWQNSVPSVYDFDRRIQCFSENNYQFVLYGMGWSGHDCVQPLNNDIQQMLDALAVRRERLRQFVLRDTQANLDFY,Bacteria,Proteobacteria,Alphaproteobacteria,Rhodobacterales,Hyphomonadaceae,Hirschia,Hirschia baltica,1,SN1: Indole halogenases,0,Singleton or small SN,1
13,1-E02,15,UPI00000BFD22,Q8GHB4,MSENQEYDVIVIGGGPGGSMVSSLLADGGKKVLVLEVAKFPRYHIGESLLLGTVDLLDKIGVREKLEAGDYIKKYGVEWVWGEQREPWKVDFRNAVSVTHDYTYQVERGPFDKMLLDNAREHGVDVREQHRVTNFSIDDNGRSTVNYRRTDTGETGTATARWLVDASGQGGLVTKRLHTQEWDPYLKNMAVWSYWKGVKRSEGEDAGNIFLPTFDDGWWWCIPLRDDITSIGAVVDRESLNALKSTRVRQYYLDSIEKTPELASRTENAELVDDMHVQRDWSYIYDRFCGDGYIAIGDAACFIDPLFSTGVHLAMLSGFLAATVVNTILDKPELDTARMLQFYEGAYRKEFARLRDQVYFLYAGNKGSKESYFWHARSHFGVPSIEPEKAFVSLIAGAFAHRAWYNHYAKHLDVSADLKKSVESMFNGAGIDLDTPLIASACGSVVNDFAVDGRYLREARSLVHTNGASIAYTPAVRAAVEHADGKRTGREIIEIITDRGIDSEDRARSIVHEVISYGFVEPKA,Bacteria,Actinobacteria,Actinobacteria (high G+C Gram-positive bacteria),Streptomycetales,Streptomycetaceae,Streptomyces,Streptomyces roseochromogenus,2,SN2: Phenol halogenases,88,Singleton or small SN,0
14,3-H01,16,UPI0004D8EE50,A0A084DG57,MNRAFDMLVTGAGPAGLCAALRLNHLGHRVLLVERSPLWPRPQIGEALTPGVRNIIGYLDADEALESVPILAGKPTRVRWTSESIETVAHDGAVVERAAFDAALLRLAVARGVEVLRPANLVQVDGAPGAWRVQIATPDGLRNVDAHVLLDARGRQSRREPQRLHARRLSTVWAEAAMETPAAHADAATRVDALDDGWMWGAALPGGRYRVMFTFDPAARDDALEREPESVLRNACTQSALFKDMAGLPWCDPPRMCASTPYVDALSWQDGRIRLGDAAFALDPISSSGVEKAMRFSLQAAIAINTWCRASDASERELAQRFYESRLIESAGRHLAWTAGYYRQAWCAESPFWRLRSTPALTSDTVATSSLGDETAARLELMTRALQDEWARVPSDQPQSSEPAPPFPLDSPIRFARNTGIVVVPCATGDRVTAHPALQHPSLDRPVAFWNGVALLPLLDMLTRATHPLELIAVLGRSMEAARAQQLLEWLWSKQMVEAVVFGAGGGDLAHA,Bacteria,Proteobacteria,Betaproteobacteria,Burkholderiales,Burkholderiaceae,Burkholderia,Burkholderia sp. MSh2,10,SN10: Not annotated,16,Singleton or small SN,0
15,1-H08,17,UPI0000EA941C,A0Z0U5,MGTTEHVVIVGGGTAGWLTAARLGAMANRQFDITLVESPSVPTVGVGEGTWPSMKATLQAIGLSERVLISECDASLKQGTLFHGWRTGAADDSYLHPFSLPPEYASKNIAEYWRRDGLRYPFHEVVTPQALIATTHKAPKTADTPDYAFALNYGYHVDAVKFAALLRQHSVSRFGVRHIEGHVAGVSSDSAGFLTSLELEGGDRLSGDFFVDCSGQKALLIGDHFKVPFESARHVLPNNRAVVAQVPYNEPNDEIHSCTQSSAQDCGWIWDIGLQSRRGVGYVHNADFISEAEATQTLRNYAEQSVGAKVAQDLACRTLNFEPGYRGTPWTHNCVAVGLSAGFIEPLEASALAMIEQAASFLVESFPVNRDLMGPASRAFNRKMESNWASIQEFLKLHYVLSDRDDTPYWQQACDETSISEGLSDKLALWQIRAPWHPDTPRIDELFPAASYQYVWLGMNGHLNGVIGSAGQGGKDHASSSADLDPILFKVRERALQLSRAMPGNRQLLNALRMNNPSATVTA,Bacteria,Proteobacteria,Gammaproteobacteria,Cellvibrionales,Halieaceae,0,marine gamma proteobacterium HTCC2080,1,SN1: Indole halogenases,0,Singleton or small SN,0
16,1-H11,18,UPI00051015DE,A0A095AL37,MSDRKPVQRVVIAGGGTAGWMMAAAIARTMGHTVDLTLVESEAIGTIGVGESTIPPLVNFNRILGIAETEFMRAAQATFKLGILFDNWKHDGDSYFHSFGLSGKDHWSAGFQHFWLNARERGHEQPYADYCLELVAGMQGKFAHLPEERMNYAYHVDATLYGRYLRKLAEADGCKRVEGKIARVELDGTSGDIAALHLDGERRIEGDMFVDCTGFRGLLIEGALHAGFEDWGHWLPNDSAIAVQAKHLGPPMPYTQAIAHDAGWQWRIPLQHRMGAGIVYASGYLSRDAAYERLMSSVGEPLIEPFDIKFRGGVRRKQWFRNCVAVGLAGGFVEPLEATTVHLIQRAVLRFIRLMPNGRVSERDAMEFNDQQRLDIEQIRDFVVLHYKATNRRDSPFWRHVAAMPIPDSLQQKIELFRETGRVFRKNEELFAENSWVQVMMGQGIEPQTYHPIAAKLRDDEVERLFQTLRDNIEQTVATLPEHHSYVARYCGAEEPKAA,Bacteria,Proteobacteria,Alphaproteobacteria,Sphingomonadales,Sphingomonadaceae,Sphingopyxis,Sphingopyxis sp. LC363,1,SN1: Indole halogenases,1,"Lvl 2, SN1: Putative indole halogenases",1
17,1-D08,18,UPI00066050EF,A0A0J8GR53,MENPDHINSYVILGGGTAGWMSAAILARALEHTDAQITVIESPHVPSVGVGEATIPSIIDLLNYLNISQIDFVSQTDATFKLAIRFVDWLKQGTEYWHPFGKIGSQIDGIPFYQHWLKQQKIDPSFEFTDFSPAVALSKQNKFFIPDPKNPTNLSSTSHALHFDASKVAQYLQKYCLNKNVNIITDHLVETDLSIEGNIKTLHLESGRQLDADFFIDCSGQKALLIGKALRVGYDSWQDFLPVDSAVAMQTEKLDIIPPYTLSTAAEHGWRWQIPLQNRTGNGYVYASDYCNNEEAIESLIKHACTNSKAITDPKVIKFVTGKRKKMWHRNCLSVGLSTGFLEPLESTSIYLIMRAMLNFVQVLPSKSICEPSIKEYNRLIDDEYNSIRDFIVLHYCVTQRKDTKFWRMWQNLSIPDSLSEKLALFKSHGRLYKNPSDLFSQDSWYAVLEGMKVRPTSYDPLVDRSNFNLIKQSFIQTKQALWFNASETLNHEDYLKRIKRARMVN,Bacteria,Proteobacteria,Gammaproteobacteria,Alteromonadales,Alteromonadaceae,Catenovulum,Catenovulum maritimum,1,SN1: Indole halogenases,1,"Lvl 2, SN1: Putative indole halogenases",1
18,1-C10,18,UPI0002ACD8CB,L8D8M3,MTEISTIAIVGGGTAGWMSAAYLATHLPKTISITLIESHNVGTVGVGEATIPTIRRFYQSLGLSDEHVFKHTDATFKYGIEFIDWYREGHSFIHPFGLFGQGTPEVDFHHYWLRAKKAGSVEPLAQFSLGVQLAQHSKVLIADTPAQNQLDTFDWALHFDAAKFANLMQQVGIERGVKHLVGDVKSFTLEHSGAIDHLVTNDGNVINADLFIDCSGFQSLLLQKTLQVDYVDWSSFLLCDSAFAVQTGKSQTMLARTQARAKSAGWQWTIPLTTRTGNGYVYSSQFQSHEDALQEFVSSLAGKPTSQLRTFRFTPGRLKEAWHSNAVAIGLSSGFLEPLESTSIALIETAIVKLTQLISTGHFSEDTRTKFNYATACEYERVRDFIILHYILSKRSERGFWHAVKSIELPSSLRDKIEQFKKQGQIETLPWEIFGKDSWLAIFDGFEYYPERYQSRADNMPLEYLNQHLAFMQQQISNLMQSAHDHTVILERMSYGR,Bacteria,Proteobacteria,Gammaproteobacteria,Alteromonadales,Pseudoalteromonadaceae,Pseudoalteromonas,Pseudoalteromonas luteoviolacea,1,SN1: Indole halogenases,1,"Lvl 2, SN1: Putative indole halogenases",1
19,2-E01,19,UPI00028EA158,K6X3X9,MLPIPQNITIVGLNVHGLLTALLLRKTYKPAVTGITLVGLKEEDSPPKAYIAGKALNTLLEHFGYSEANWMRQTQATFKLSNRYVGFSEQEFSVANASEVDILHQPLMLELSKLKRQAYQLDLSLDDFFFAAALAKRNLSPKAQDFPFETDYQYQVDANCLFTLLQKIAAEHSITTLPSTLETLQLDQHGTLKHIECEDHILSGDYFFDCTQSAQLLIGNMPGFRQETLPEVRINDRVLTYTLAAECCASEVVTTALDCGFVLQYTLQDAVHFQYHYSSKFIQDPQAVQLLERHIAQQGYKKVLQRHLSASQAYLVSQPWIHNCLAVGPACGLTQGSEDHELSHTFAMLEQFVSSIQSPDDAKDVIKNYNHRIKSRFVYAHSYHSTLQLLNSRRNSPYWQTPQDANALTPIGRSLFSQWLSGEDLSVEPILDINGLTAWYALFSGLGHYPTGELKPHPKARAIQDNIQDMCRKLAGCCLNFQTHDNLIAEGKHHANVTAV,Bacteria,Proteobacteria,Gammaproteobacteria,Alteromonadales,Alteromonadaceae,Paraglaciecola,Paraglaciecola agarilytica,60,Singleton or small SN,99,Singleton or small SN,0
20,3-D01,19,UPI0004E6CF10,A0A0C1ZIG6,MPHDLVILGGGLAGLTLALQLHRRLPRHDIVVLDRQLSPLPRHAHKVGESTVVGGADYLHHVLGMHDYLAHEQVHKLGLRFFMGDPRADFSTRPELGRSIFRPEINEWQFDRGALEDELRDRVRAAGISLREGHKLLDIELASGRAPHHLRVDDGETVRELEAQWVVDATGRRRFVQRKLGVHEPLDSDCSSSWFRVPTRVDVSDWVPATQRDWHARVPGGYRVNSTQHIVGPGYWVWIIPLPGPATSIGIVTRESDHAFSSFNTLALAKAWLREHEPRVFEALEHEQAFGFGVMRRYTGFVPTQVVSLDRWACTGEAACVVDPLYSGAINGIATINSMIVELVELDAAGALEQAHCDHVNAEFCGWAKWVVPAFQRTYAYFGNTLITTCKVLWDFSYVAALGSPNLLNRVFRPGFLTDATLRDAPVEAGLPRYRALYETMLELFDAWAAASTRDATQTYAWIDYLELPFLGEILLASHARCDDLVGLWRRHGAIVEEVAQALFLLMVEDLHPEALPALVEAGWLDAWSISADPSDWAAGGPLFTPETAPLDAADRPLAWRDIRAQLRSCFKFSTDAAIT,Bacteria,Proteobacteria,Deltaproteobacteria,Myxococcales (fruiting gliding bacteria),0,Enhygromyxa,Enhygromyxa salina,8,SN8: Histidine halogenases,0,Singleton or small SN,0
21,1-G07,20,UPI00051A3DCE,A0A099K9Z7,MSVISSQPKKIIIIGGGSAGWMAASLIHKAWAKKGTKILLIESDVISKIGVGEGSTPSLRLFFNHLGISEQEWMPQCNATYKCGISFPGWTNTDDPAFADYPAYIHPFYSQADWKTGNAFMHNARLRREGVDVPAHPDNYWLQSYLAKSFKAPIARQQLSDEMDYGYHFDSALVGDFLKKRLLNMGLNHLTDTVDGVELDDSGQISSVITKRNAAQSADLFIDCTGFAARLIRQALNVDFVDYSDCLFNDRAIAIQSPIDCSRDIPSQTTSTALSAGWAWQIPLSNRYGNGYVYSSKYISDEEAEKELRKHIGPSCLGEKARMIKMRLGRLSQHWHKNVLAVGLSQGFIEPLEATALMLIQHTVESFISSYEDMQLSKRDILAQQDIYNSQLNEVFESIKDYIVAHYRLNSRTDSKYWCDNRENKNNSARLKALLSAWSTPGGDFEAELHRHNAELTYFAPSWYCLFSGKGHFPTSLNKPSANTKVAPTTEIIKYCHQVSKQFYNHNEQLEKVYGERLDIL,Bacteria,Proteobacteria,Gammaproteobacteria,Alteromonadales,Colwelliaceae,Colwellia,Colwellia psychrerythraea (Vibrio psychroerythus),1,SN1: Indole halogenases,9,"Lvl 2, SN9: 1-F11 subnetwork",0
22,1-E07,24,UPI0002601579,I3ICT0,MLKSHSKKIIVLGGGTAGWVTGAILSKKWETHGYQIVVVDTAEIPTIGVGEASIPTIYDLLNYIEISDQDLVKHCQATFKYGIQFENWSRPGERYMHGFGNMGHNLGQAEFFKIWLSTARYFKNPDLTPFIPSAVAAYSDKFSRGSKAPENTNGLLYPLSNLLYALHFDASLLARLLREKALHNGATHISKHIVKVETDENGISALIAEDGETLSADLYVDCSGMHGALNKQALKANFDNWQAYLPCDTAIAVQTTLDKTPRLYTRSIAHAAGWRWEIQLQNRTGNGIVYCSKHMDYDTAKQHLLEGVEGELLTTPRKIEFTTGRLSSPWMLNSVAIGLSAGFLEPLESTSIHLICAYARKLRDSIDNNELNAVGRDKFNQSWRAETEGVRDFLMVHYLCNQRDEDSFWQERKSGPRPESLAQLLDELSKTGWISPPEASIFGTDSWLEVLIGQKFFLNYEKFSMPADKAPHYIQFLQNVSYAIKNEVNKIPDSHQSILGTLRAEI,Bacteria,Proteobacteria,Gammaproteobacteria,Cellvibrionales,Cellvibrionaceae,Cellvibrio,Cellvibrio sp. BR,1,SN1: Indole halogenases,0,Singleton or small SN,1
23,2-E03,23,UPI0001766DBB,B3PCT8,MNKQHQVIILGSGIGGTVMAAILARHGISVLILDKQAHPKFAIGESTVGHTSSMIQLIADRYDVPEIHNLVSFSRVRKHVCSSSGVKRGIGFVYHRNDGTQREDEANQFIIPPHLHGLENHLFRQDIDAYIFQVAVGYGADFKVDVNINDVDFTEEGVTVHTNKGNFKADYVVDATGYRSVIADKLGLRPKQNTMETNTRSAFTHMCHVAPYDDCIPANYHNMPIPWFQTTVHHIFEGGWIWVIPFNNTRTGTNPLCSVGYTLDINKFPDSGQSAEDEFLSIIQRFPSVKKQFEFSKPAREWVKTGRLQYNCENSVGDRYVLLGHATGFVDPLFSRGLAITMDCIFHLGNRLIQAVRTQKFDARDFAYVDQVTRGGVSYNDQLVSSAYRSWKDYRVWNAWQRVWAIGEAGLDQLRLIKQHELFLETGDENDLLKLECVTHPGHLCPDSPEFATLFSEGKKLVDAFDRNEISAEEASSRIFQLIHDHELISPKLRVFDPKVRNFGHKQIANLLSVLWGKTKSKQHIRRYYEIPVRHMLKLFFKHGHEFFNPEFNIARRSDHFVSAKVAAQTNAKSLEPSVSTNPVA,Bacteria,Proteobacteria,Gammaproteobacteria,Cellvibrionales,Cellvibrionaceae,Cellvibrio,Cellvibrio japonicus (Pseudomonas fluorescens subsp. cellulosa),3,SN3: Variant A pyrrole halogenases,0,Singleton or small SN,1
24,1-F07,24,UPI0002600CF0,I3IAI0,MNDGIKKIVIVGRDLDAWITAFFLKSVLDKSRDSYEVTLVELGTLLTEHDIFAVLPSYKMLHKTLGANEDKLRQTAKARPFFGQRFTGWNPELPEFFHAYDRLGINFNGVDFFQYWMKAVSNGLKLPLEDFSLGVAAAKHGRFVASTGQADFSHLAYGYHLSAIEYVNAIARAAMEVGVKRENGNIITINRNNDVIHSLSLDDGMVLKADFFIDASGADALLINSLTDNNFESWEHWFLCDRIITASSAPLSPAPAFSQVTAFSSGWCGLYPLNNRTAIQTLYSSRHTDFSGVVAEMKMRVGVDISQGVERPIKCGMLSRPWIGNCLAVGTAAASMEPLDALQEHSLVISMVMLKQLFPNSNEYQNERDVYNKKMHSFIENLRDFQIVHYALNSRDELFWTACKNLKLPHILKEKIDIFKCCGYASVREDETFQEENWISVFNGHGLAPEFYSPLVDNMSDDEMIQNFQKILRMIKERINSSPLV,Bacteria,Proteobacteria,Gammaproteobacteria,Cellvibrionales,Cellvibrionaceae,Cellvibrio,Cellvibrio sp. BR,1,SN1: Indole halogenases,0,Singleton or small SN,0
25,1-E11,24,UPI0006F986D7,A0A0Q4Q4B5,MPKPATVSTTDALVRQVVIVGGGTAGWMAAAALSRALGPVGRHITLIESDAIGTVGVGEATIPPIRAFNAMLDIAEDRFLRETMGSYKLGIEFVDWGRIGQRYFHPFGAAGQDFHGVPFHQLWLRHRARGGDTGLTDYSMCTVTAREGRFGIPPAGDRTPLAHIAHAYHFDATLYAALLRRVAEEQGVVRHEGRVVQVDRDGGTGDVTAVRLDDGRTIAGDLFVDCSGFAGLLIEGTLATGYHDWRHWLPMDRALAMPTTRLDPLPPYTRATAHAAGWQWRIPLQHRTGNGHVYSSGFTTAEDAERLLRDHAPGEPCGDVRSLSFTTGMRRKAWSHNVVALGLAAGFVEPLESTSIHLIQHGIQRLIALFPGAAVHPAERDAYNADMARAFEAVRDFVVLHYKATTRNDSDFWRTMRAMTVPDSLSHRIELWRAQGRLIPQAGDIFAVPSWAAVLTGQELWPAAYEPGVDRLSADSVEAALRDMHAAYRRAARSLPMHAAALPR,Bacteria,Proteobacteria,Alphaproteobacteria,Sphingomonadales,Sphingomonadaceae,Sphingomonas,Sphingomonas sp. Leaf67,1,SN1: Indole halogenases,1,"Lvl 2, SN1: Putative indole halogenases",0
26,1-F04,26,UPI0001D9BC8D,A8N696,MIVTSIPPKHSSVLVIGGGPAGAYAAAALAREGIDVTLLEASKFPRYHIGESLIPSIRHYLRFIGAEEKLASMGFVRKPGSAIKFNQYKREGYTDFVALGHQNNAWNVVRSEFDLMLLNHARSCGVSVYEQTRVESVEFSAIEPDRPVSVSWTHTPPPRPPSPPASPRRSPFSRFCSSSSESPRPDTEGLQRIKGSTSFTHLIDATGRAGLLSTRYLKNRHYNASLKNIAVWGYWSDVDTYGRNTDREGAPWFEALTDESGWAWFIPLHNGTTSVGVVMNEKQYSARTKRPSEPTTLNSDPTANDGPASLESRYLSSLSLAPGVVNLITQSGTLQKGSVKSASDFSYSANSYAGPGYRIIGDAGAFIDPFFSSGVHLAMTSALSAAATICASLRCHCTETEAALWHTRRVSTSYTRFQIVVLSAYKQIRSQSEGILSDIDEDNYDRAFALLRPGTNDSRVRPKPVCTDKAHSVIQGASDMGARLSESELQKSLDFCVNLFNPTSPEQHRQIAEKAELEHTLLDVSKPLVHPAVLEHAIKSTQRRHNAKVVTTTIATIDSDLPNDSGEEEDSDTERTAETKMVLNKINARRVLHSEYYINNLEVEPLEGSVVILERGKLGLKKTTH,Eukaryota,Basidiomycota,Agaricomycetes,Agaricales,Psathyrellaceae,Coprinopsis,Coprinopsis cinerea (Inky cap fungus) (Hormographiella aspergillata),2,SN2: Phenol halogenases,4,"Lvl 2, SN4: Variant A phenol halogenases",1
27,2-A02,27,UPI00022962FE,G2HTN5,MNQNKKILILGAGIAGCSTAIGLKKLGFDVIVIYKKRPFTAYEGFSEKTKEGLVSQGCINASELLEKQSLRNSNWASKADKVNYEYVVNRVNLDEKLLTDLKQKNIKIIEAKVVGSIDSLSEKPKIVYKIDEERFEISADFIVDARGRFTPYKDEYICGPKSFSILQELELENMKENKTSIDSVKDGWIWQAYVGDKKGYIQFSCDEELANKINDFSDLLKVLETQDIKLWSLNKFKAVGKLVKRDSFCKIHKEIINSKMILIGDSASSVDPLSGNGAFQAMSMSSIAPFVINTILNKDEIEQKVAIDFYKSRVEFIFDKFTKVGKEFYLLEKRFDSDFWQKRQSWPEEKNNDASINLPKIEKRAVVKDGFINSSEVVITKDNPLGACYFGNVEIIQLAKYCLENSFEESLDYFDIFCKEKTISMKLYNSLKRWFISQEILL,Bacteria,Proteobacteria,Epsilonproteobacteria,Campylobacterales,Campylobacteraceae,0,Arcobacter sp. L,27,Singleton or small SN,40,Singleton or small SN,0
28,2-F03,28,UPI00020EB350,F9ZVQ9,MNTTERYYDVAIIGTGIGGSTLASILARQGLSVIVFEGATHPRFTIGESMILETSEAMRALAEFYDVPELAYFSSENYYNLIGTSHGVKRHFSFLHHSPGESQNTRKSLQAVIPKLPYGHELHIHRQDSDYLLTSIAISYGAEVLQGTPVRDINIKSNGVEIQTDSQVYRAEYIVDAGGMKSLLAEKCGLRHRNLQAHTRALYTHMVNVPCFNDVGPGRAQYGHPFRVSEGTLHHIFKGGWLWVIPFNNHSRATNPLCSVGLQLDPRIYPLNADFTPEQEFYAFIDQFPDIRKQFKQARPVRAWMRTERLQYSSHHVVGDRFALLAHAMGFIDPLYSKGMYVTHMSVMIVADLILKAKQTGDYSASAFAPLEQITLRYMGMHDRLVANSFKSWHHHELWSVYAILWLLGAYLEYLKLTVTRLSARDRTDYLAQLAGLKLAGGGFAPFFELQEKVDTLIEQVNIEDKADVDRIVLKIRNLYAAYPWMPSAFRDLLDGKTFLPNNKLRVNLLNSSDGFLGEGVYRQHFFADTTLSKLIPKALYEQFRYGVFNLNWRKHA,Bacteria,Proteobacteria,Gammaproteobacteria,Methylococcales,Methylococcaceae,Methylomonas,Methylomonas methanica,3,SN3: Variant A pyrrole halogenases,90,Singleton or small SN,0
29,2-G02,28,UPI00026C905D,U1L2H8.1,MSDMPNGHIMAQPIIQIGIIGGGPAGSATALALAKELTLSNKRVKIILICAPQATAPSIGETIPPAASFYLRELDAEHILTSNKHLVCPGSKSRWADEVTGYNDFFISPVGKGFHLDRKHFDADLIALCKTRGITVFENTKVSTIDSSKKGYVLHCDNHTISIACDFLIDATGQHQVAAKSLNISNNVFDSVISACAFFELEHTSASTTHTLVASDPNGWWYGAILPNNRAIISLCTDATELKTQKLTCYENWLNCLKANNWFFQQCTTFLQDKTKTPVKLYAKAAPSAILSNVIGHNWLAVGDAASSYDSISSAGITKSLKHAGVAAKAVKKWLEAPQKDSLEDYQSLVFNDFNAFISLHQQQYQQGANKYPNAKFWQRRLVPN,Bacteria,0,0,0,0,0,0,57,Singleton or small SN,74,Singleton or small SN,0
30,2-B01,28,UPI0001F328BE,E6V1C4,MTDTALDSFDAVIMGGGLAGLTLAIQLKQRFGDLKVLVLERRTHPVPHAAHKVGESSVEIGAHYFDTVLGLKAHMDEAQLRKFGFRFFFSEGRSDIDNVTEIGASRYLAVPSYQIDRGIFENFLAEEAVRHGVRFVDSALVRRIDLAADPATPHRIEWTRGEETHATEARWLIDACGRAGMLKRKLGLAEPNAHDVNAVWFRIGERIAVDDWSDNAEWRERCNPQARWLSTNHFVGAGYWAWLIPLASGSHSVGIVADPALHPLDTIDTFEKAMAWFATYQPRLYEALDGKRHLLQDFAFLRHFSHGCKQVFSGERWAMTGEAGLFLDPFYSPGSDFIAIANTYITDLIAQDRAGRPLEARAQLYDQIYHSFYESTLALYQDQYPLFGDPEVLPVKVIWDYAYYWGVLAQIFFQRRLTDLPALGSLKDELQHCQRLNVAVQRLMRDWSASSNKSNPAAMLDQAAMPWFAELNRSLKDTLDDAGFKDRIRASTVMLRQLAGEILGRARTADPDVEAGALLALLEENRGKTPATTARDAMLFAAPPVDTHA,Bacteria,Proteobacteria,Betaproteobacteria,Burkholderiales,Comamonadaceae,Variovorax,Variovorax paradoxus,8,SN8: Histidine halogenases,11,Singleton or small SN,1
31,1-H01,28,UPI000712F4BB,A0A0R2NYR5,MKIAVMGMGVAGSYLMARLKDSEHDVTGYERNIEEKHDSICAWGTIKSELAVMCKKTGRDFDNFLIHDGKQMHVKMNDDVKFDIGLKGLCTYNKLGLIKDFIKDSKVMYGKAPKLEELEKEYDMIVDCTGFNRMYLPKMKEDFFLPTYEYKVEYEDKVPFDDFYIEPFPGMSGYFWYFPLGGKFAHIGAGDYNKDHIKATDRFLKKHGGKIVQTKGRPIRLATPNKCKPYYSGKVVGVGESIGTVYALLGEGIIPSMQCVDIFLENMHDFKAYEKAVEKHYKVYAKVFNFVHAKIQKNFSFLKALPDFIAIFLYMKKNEDRFGMHIKVADLLKVAKA,Archaea,Thaumarchaeota,0,Nitrosopumilales,Nitrosopumilaceae,Nitrosopumilus,Nitrosopumilus sp. BACL13 MAG-120910-bin56,14,SN14: Geranylgeranyl reductases,18,Singleton or small SN,0
32,1-E09,28,UPI0006F9F2DA,A0A0Q7BW10,MSDIQSIVIVGGGTAGWLAACYLQRTLDAVSQRALPITLIEPSQVSSIGADMATVPTLRNTMQALGLPESTLFTAADATLTNGIRFKGWHRGGDAAHGDAYDHPFDMPLPFSGFAATAHWLNLMQRGLTRQPMAEACTVQTALFDGHRSPKLMDSPDYQAPVSYGYQLDAVKLAMLLQQTAQQRGVKHVRGQVVRVHRGDSGIESVELADGSRHAASFFIDCSGSQSLLLQQGLGVPWMSYADDLPCDRVATMPLAYAEPHEALRSYTTATAQAAGWTWEMDLQSRRGTGHVYASRFCSDDEAVHMLQALSGGQRPLAEPRLQRLRIGHAARAWEANCLALGTAAGCIEPLQSTSLYLVEWMLQLFVDHVAPSGNSDGCRGRVNRVFNDLYEELRDFIVAHYALSQRRDTPFWRVCTEEATLPPRLAELLALWDSKVPTPTDLDRRLSLFGVANWSYLLAGLHRLPSGGIGLAAHIAPEISLQAMAHVRGIRQQASQQSPTMRDYLRSLAAAAQPACAH,Bacteria,Proteobacteria,Betaproteobacteria,Burkholderiales,Comamonadaceae,Pelomonas,Pelomonas sp. Root662,1,SN1: Indole halogenases,54,Singleton or small SN,1
33,1-B07,28,UPI000286EAD3,K0D6R7,MNKLPQEIVIVGGGTAGWMTTCYLARTAELMASNSNVPACASKITLLESAVISTVGVGEGSTPYLRHFFEFLGISESEWMLKCSATYKMGISFERWTATAESKTTRPAFTDSDRYFHPFFSSLDIPTADMYFSAVNEYRQGASQDINPSHYFTAAHMVEKGITPDAICSSANIDYAYHFDAGLLGDFLKEYALNKGVSHQIGTVANVECHKHTITALKLDDGNTLSADFFIDCSGFRGLLGKQALSRRFTSYADTLFNDAAVAIASDATASPDTALQTRSVALSYGWQWHIPLTSRTGNGYVYSSQFCTEAQAEEGLRLALEPDQPHQQARHLKMTVGRLEEHWKGNCLCIGLSQGFIEPLEATALMLVQYALHHFIDCWQSNNPQRVERYNSEINRMFDGIRDYIAAHYYLNTRDDSAYWVACREDLKVPDTLSFLLNAWDKGASFEQALNEVDNKLVYLRPSWYCIFAGMKRFSNNSTPLAQPNILALRTMQQSVDGAYRAR,Bacteria,Proteobacteria,Gammaproteobacteria,Alteromonadales,Alteromonadaceae,Alteromonas,Alteromonas macleodii (Pseudoalteromonas macleodii),1,SN1: Indole halogenases,86,Singleton or small SN,1
34,1-F12,28,UPI0003925C14,T1W9P7,MLRERLGHVLVAGGGMTGWCAAAALKRRAPFLDVTILSCAPSPHALADRIACTLPSLIGFQEDLGIGAADGIVRAGSGYRLGTLFTGWANGVPDYVHAYGRYGAAFGATAFHHHWVRAAQDGSAVPFDRHSPAAAMARSGRFAAPKPGTPFADHEFGLTIDIARHASMMRAFALHVGVREIPGEIGGVTLDADGAIATIDLTDGTALGADLFIDATGPEARLRGAFGDDRDDWSAWLPCDRVLIAETNDEPMVLTTITAHEAGWRWASGVQSGFAYASTAISDGKAARVLRNTTGTTPDEPIRVRAGTRPQPWRGNCIAIGDAATEIEPLEWCNLHLALSAIDRLIAMLPGRVPVPVEVVEFNRQTLAEAERVRDFLAMHYHTARRDDPLWRATAATEAPASLAHTLAQFAERGRLPFFEEETFARDSWAAVLIGQGFLPRRVDPLVSAVPVAATRAAMARQVAAIAAALPHVPTHAAYRADQKRHLTR,Bacteria,0,0,0,0,0,uncultured organism,1,SN1: Indole halogenases,43,Singleton or small SN,0
35,1-H07,30,UPI000717B593,A0A0S2JD48,MSSTDKINNIVIVGGGSAGWMTAAMLSKQLECNAKGSKVNITLVESDNIGTVGVGEATIPPIKTFNRMLGIDENDFLKHCNGSIKLGISFENWPKKNHQYFHPFGRFAVDFDYIPFSYFWNKHRASGDNKPLHDYASAWHLAKNNKFSPPSPDKKSLFSGFDYAYHFDASLYANYLRSYSEKRGVKRQEGKITKVDTHESNGFISSVTLASGQNIAGDFFIDCSGTTALLINKTLGIKFIDWSENLLCNRAIAVQTCHTKVISPYTRSITKQSGWQWRIPLQTRMGNGSVHCSEFIDEQSAMDELISDIDGEILSEPRVIHFNVGRREKFWHKNCVAIGLSAGFLEPLESTSLHLIQRAVMRLIAHFPNKKCDEVNTKQFNNLTVTEYEHIRNFIILHYKATKRDDSEFWRYCQHMDIPDSLQHQIDLFSSHGHLNVDANDLFKQDNWLAVLTGQNIHPTTVAPIMAYKQKIDLPRTMNSFYDIMTKTVQKLPNHEDYLKEKCPFLIK,Bacteria,Proteobacteria,Gammaproteobacteria,Alteromonadales,Colwelliaceae,Colwellia,Colwellia sp. MT41,1,SN1: Indole halogenases,1,"Lvl 2, SN1: Putative indole halogenases",0
36,3-B01,31,UPI0002706D8A,J3BJE6,MPIVEMERRQVVIIGAGPSGAIAAALLKRKGHDVLVIERQHFPRFSIGESLLSHCLDFVEEAGMLEAVNAAGFQLKTGAAFAWGEQYSAFDFGDTFSNGKPTTFQVQRADFDKLLADQAALQGAEIRYGEAIVSVDVEREIPLLGVQREDGSEYHVEADFMLDASGYGRVLPRLLDLEAPSNFPVRQAVFTHVEDHIDHPGFDRTKILVTTHPTERDVWFWTIPFSNGRCSVGVVAAAEHFAGRAYNLDDCLRGFIAETPSLSSVLNNAVWDTPVRTIGGYSANVKTLHGPGFALLGNAAEFLDPVFSSGVTIAMRSASMAAGVLHRQLQGERVDWQTEFATPLKRGVDTFRCYVEGWYAGTFQDVIFHPDSSPDIRRMISSILAGYAWDERNPFVAEPKRRLRMLSELCARDAT,Bacteria,Proteobacteria,Gammaproteobacteria,Pseudomonadales,Pseudomonadaceae,Pseudomonas,Pseudomonas sp. GM60,4,SN4: Not annotated,12,Singleton or small SN,1
37,1-E10,31,UPI0003919C05,A0A290TUK5,MKTIQSLTILGGGTAGWMCAAYLAKHQPNLSITVIESSSIGRIGVGEGSTPHLQLFMQSLGVKERDWMPACQASYKTGIYFDNWNGDNGSYFHPFFSEMDAKTAEVYFVNANARRRGSEYIDKPEHYFLAAVLADKQQAPLPQRPLPRALEYGYHFDAQKLADWLRAFSLARGVMHIQSTVSSVQHHAKEIIALTLESGAQVKSDFYVDASGFNALLIEKTLEVPFISFADQLLNDSAVAIAGDKINPLPSSTSAIAMPCGWRWQIPLQGRTGHGYVYSSAHTTTEEAEAQLRQAAQLDKGQAKHLTMKVGMMTRSVEGNVFAIGLAQNFIEPLEATALMVTGYSIELLNRLLSQQLEVQAINQQLSDLVLGIKEYVLAHYATSKRADTQYWHDAKVAALSLSELDELLTHWRSGGDFDAWLNQHRMYSPYIRPSWYCLLGGMDHRDSTCQMPFDQAPQHIEQAAKAYLTKLSDEHFTAHTTALEQIQRAQAFRA,Bacteria,0,0,0,0,0,0,1,SN1: Indole halogenases,33,"Lvl 2, SN33: Not annotated",0
38,1-A03,31,UPI0002C4E358,M4WVI6,MSELPILILGAGPAGAAVALGLRRLGHPVIVISEWRRFAAVEGVSQRVLEGLRNSGLNHALECAAPPSQRRVHWNGVESAQNIECILDRPRFDAGLREDLKAAGVELIEARVLAVVDEGTGWRAKLEGGREVQGAFLVEARGRQAPLNQKGSKARRGPETLSLLNRWQGASGPLATAVESLADGWAWMARLEDGRCYWQWTLDVASSRLPPREQLLDYCRERRAASKLVRQFFGEIEERELDLHARSSTAILCLEACGDTWIRVGDAAMAVDPLSGNGIFQSLSSALQAPLVINTLLRAPERAELAKRFHQRRVEQLFLRFARVGRDFYASEERWLDQPFWQARRAWPDKQPSHAPADFASLRIERAPVLKGEFVDEAEVVVSVDQPLGIWHLDGLELAPWLRRIREEPEAQVLADLPPERRRAFQGWLLAQGYRPQS,Bacteria,Proteobacteria,Gammaproteobacteria,Pseudomonadales,Pseudomonadaceae,Pseudomonas,Pseudomonas sp. ATCC 13867,5,SN5: Peptidyl tryptophan monooxygenases,7,Singleton or small SN,0
39,2-C02,32,UPI0006FD37FF,A0A0Q4LKP3,MNRRTPPATIAVVGGGQVALLAACALARTLPVARVRLLPTPVPPHAMADRAHGALPSLARLHDRIGIDEAGLLARAGASHRLATRHDGGWRSDGRDWWIGHGAVADPAAHGWTGRDTTGATGPSGPAVALALAERFAPAADDPASPLSDIDHGLRWAPEAYRRHLASLARHLGVVIEAPGDTVPDAVDADLVIDATGRRGDDWIDWSAELPIDRVAIAHADPALSLADHVTLDDTALHLISPGRDVTRRVTMRHGGEGTEIASGRRRNPWTGRIVALGDAAALLPPLGHTNLALAAQAIDLLVELLPGRDIHPLERAEYNRRAGQAADAARDFVAAHLVALPEGHPLRSRPSPLLALRLREFARRARLPHVEEDFLPRDLWTQLLTGIGIPPGTPAHLAAADPAVTAAARTAQAQRSTQAVALAEPYPLWLARTLGERG,Bacteria,Proteobacteria,Alphaproteobacteria,Sphingomonadales,Sphingomonadaceae,Sphingomonas,Sphingomonas sp. Leaf42,80,Singleton or small SN,145,Singleton or small SN,0
40,1-D11,32,UPI0006F8B0E6,A0A0Q4K4P6,MDTPPKTRVIIAGGGTAGWLAAALLTRQLGALIDVTLIESDEIGTVGVGEATIPTVQAFHALLGLDERAFMAATGATFKLGIAFEGWARPDDRYVHSFGDVGRSTWMGDFQHFWLEARANGLAGDFGDYCLELQAAEARRFTIGQQGPQLNYAYHFDAGRYARFLRERCETAGLTRIEGRIAGIDRSAETGHIDAVVLADGSRVAGNLFLDCSGFRGLLIGDALGVGYEDWSHWLPANRALAVQTTSVEPARPYTRAIAHAAGWQWRIPLQHRVGNGIVYSSEYLSDDAARDRLLASVQGRPLTEPRLLRFTTGRRLRAWEGNCIALSLAGGFVEPLESTSIHLVMTALTRLLRAFPFDGISSAVVAQFNAQTRREIEGVRDFVILHYHLNQRSEPFWKACAAMPIPDTLAKRIALFSDAAQAYQSPDDLFRVSSWTQVMLGQRLEPRDWHRLARMMPPERLGSSLAELKAGIAQQVDRLPAHQAFVDRYCAQDAPGVAA,Bacteria,Proteobacteria,Alphaproteobacteria,Sphingomonadales,Sphingomonadaceae,Sphingomonas,Sphingomonas sp. Leaf30,1,SN1: Indole halogenases,1,"Lvl 2, SN1: Putative indole halogenases",1
41,1-A09,32,UPI0006FE710D,A0A0Q7XHB8,MDKDRWIGKVVILGGGTAGWMTAAALSHTFGHAVEIVLVESDAIGTVGVGEATIPPIRAFHQLIGIDEAEFIRATGATFKLGIEFRGWRSESSTYFHPFGAYGVERDIGYFFQYWLRLKEKGQVSDFSEFSLCTLAARHNVFAPASERPGDPLQHLQSAYHFDAGRYATYLKGVCLARGVAHKIGDMLTAERNPENGYITGLKLKSGELVPGDLFIDCSGVRAMLLGQALGVEYEDWSRWLPMNRACAVPCEQKLALTPYTISTARPFGWQWRIPLQHRVGNGVVYSSEFATDEAAERCLLDGLEGEPLAPINRIKFTAGRRRTPWTRNVVAIGLASGFLEPLESTSIHFIQSSIQRLIRYFPDAGLSPVCAQAFNKEASREVENVRDFLILHYHATERDDSALWRYVKAMQIPDSLQERIALFRERGQLNLAAEELFQSTSWHAVLLGQGIRPRTYMPTMVLQDDAMLANAYGNLERNFKKIVSRLPDHAAYIKEHKLTSTMENR,Bacteria,Proteobacteria,Betaproteobacteria,Burkholderiales,Oxalobacteraceae,Massilia,Massilia sp. Root1485,1,SN1: Indole halogenases,161,Singleton or small SN,1
42,1-A07,32,UPI00062C1973,A0A0F7KRZ8,MDKVENIVIVGGGTAGWLTAGVIASRHQGRRPHGFSVTLVESPNVPTIGVGEGTWPTLRTTLRKMGVSETEFFRECDAAFKQGARFNRWTTGEADEGYYHPLMLPQGFARLNLVPHWLEDGEDSFCDAVTPQGRLCDRGLAPKTIATPEFESVANYAYHLDAGKFSDFLRRHCCEKLGVRHVLADVTEIETGPNGDVTRLKTEQGPSISGDLFVDCTGFRALLIGGAMQVPFRECSDVLFCDTALAVQVPYQDPADPVASHTISTAQSAGWIWDIGLPTRRGVGHVFSSAHIDADEAERELRAYIGPAADDLTVRRIPIRSGHRETFWKGNVVAVGLSAGFLEPLEASAIVLIELSAKMIAEQLPPNRAVMDVIARRYNDTTAYRWGRIIDFLKLHYSLTKRTDTDFWRDNTRPETIPDRLRGLMELWKYQAPWLHDEFDRAEEVFPAASYQYVLYGMGYRTALPRGAHDAERELAQRALRENRAHTARLMDGLPPHRDLLDKITEHAMMPV,Bacteria,Proteobacteria,Alphaproteobacteria,Sphingomonadales,Erythrobacteraceae,Altererythrobacter,Altererythrobacter atlanticus,1,SN1: Indole halogenases,2,"Lvl 2, SN2: 2PYX Subnetwork",0
43,1-F05,34,UPI0005F5AEE0,A0A0D2NP24,MNDIPSHTTVLVIGGGPGGAYTSTVLARENVQVTLLEAAQFPRYHIGESMLPSINHFYEYIGAEEKLRGFGFAKKVGAAAKFKQNKREAYTNFIEHNPRNAAVNVVRSDLDELLLRHAQESGATVFEQTRVTEILFDEKAPRDDPKPIGANYVRGGRTGHITFDYLVDASGTKGLMSTKYLKNRDMNQTLHNIACWGYWLGADMYMPGTDRHNAPWFESLTDESGWVWFIPLHDGTVSVGFVMDMSISINKKAALREKNPEEYCLRVHYLDQLQYAPGTRKLLKDAILKSDDGEIGIKSASDFSYSADYYAGDHYRLVGDAAAFIDPFFSSGVHLAHIGGLSAAVSVCASIKKQCTEKEAAKYHDMRVSRSYTRFMMVVLSAYKQIRSQTGDYLSTPEEDNYDRAFDFYRPIILGTADVGAKITQDELEKALDFCAGVLFPNDPELRDSIGTRIGFDLLKASGPMTGYESHLAKINSGTEGIDEDDEKRLALTSALDAIAKDDIDGFTPNLTRGSLGLTKHAAAM,Eukaryota,Basidiomycota,Agaricomycetes,Agaricales,Strophariaceae,Hypholoma,Hypholoma sublateritium,2,SN2: Phenol halogenases,4,"Lvl 2, SN4: Variant A phenol halogenases",1
44,2-H04,34,UPI00018F5885,A0A2P2HQK5,MTNVPEKCQVLVIGGGPAGSYSASALAREGIDVVLLEAEKFPRYHIGESMLPSMRHFLKFIDAYDKWDAHGFNVKNGGAFRLNWSRPETYTDFIAAGGPGGYAWNVIRSEADELLFKHAAECGVKTFDDTKVASIEFAPSEDANPLGRPVSATWTRKDGTSGTLAMDYIVDASGRNGLISTKYLKNRTFNKGLRNVASWGYWKGGGVHGVGTHKEGAPYFEALKGTTQLGVSYCLQRGNHANSSLHNSTDASGWVWFIPLHNGTHSVGVVQNQEMATEKKRKMAEPSSKGFYLESLEFVPGIKELLSNAELISEVKSASDWSYSASNYAFPGVRIAGDAGSFIDPFFSSGVHLALSGGLSAATTIAAAIRGDCDETVAASWHDKKTSESYTRFLLVVSSALKQIRSQDEPVISDFDEQSFERAFDLFRPIIQGQADADAKGKLTQAEMSKTVEFCFRAFAHVSFEEKEALVQKLKSLGHDADANDEANRKALDELEKHLTPEEQAILKTLKGRRMVRPEDSLNIDNFTLDSIDGLAPRLERGNLGLSPAKKAEVKYTTHDALSFLNGEARAAKKTLSNGESQTNGNHLCKDHDQTNGHTAINGHIENNSQGDTNGHTEANGHSQTNGHSNGHAHTNGSHTTNAHDELNGHNNVEVRSVKSCMADLIAAEKISSQTSIEEGTRHRLISSLHQSAEDLETPFDTVVRLVDAGRQTAMVCIGGDLGIFKSLVESKRPLSAEELAKATMADPLLVARIMRYMVASRLVGETGPDQYVASKKTYVFADPRIEHPIRFFHAFSNPAFHALPEFLKETGYQNEPKGSAFQKALNTDLEPYPWLKQHPDVLKNFQAAMRLTRDANGVDMMPLDQSVSIGHDGAMFVDIGGNTGHQAAEVLSKYPELAGRVIVQDRGEVIKCAPDIKGIQWMEHDFFQTQPVKGAKYYYLRAILHNWDDKNTVQILSNIVPAMSADSLVAIDEVVVPEENAHVWPAGLDLQMYSLFSTTERTASQWDAILDKAGLRAVAVKKYAPVMQSSVIFAAAK,Eukaryota,Ascomycota,Eurotiomycetes,Eurotiales (green and blue molds),Aspergillaceae,Aspergillus,Aspergillus flavus,2,SN2: Phenol halogenases,4,"Lvl 2, SN4: Variant A phenol halogenases",1
45,1-G09,35,UPI0005875B8B,A0A0F7LR25,MTAAYLSKAFAQNVDITVLESKRVKKIGVGEATFSTVRHYFDYLGLDESEWLAKCAGSYKLGIRFENWDGQDNHFYHPFERWETVKGFPISEWWLRKSTTNQGFDYATFLTPHLCEAKRSPRRLDGSLFAQSSDKSLGQSTLAEQRAQFPYAYHFDADEVANFLKRYAMNRGVSHIEDDVTHVEIDENGNIGHLETKIRGKLKADLYIDCTGFKGLLINQALNEPFVSFSDVLKNNRAVALRVSREDTRDIEPYTTARTMSNGWRWTIPLYKRNGYGYVYCDEYQSPEEAEAELRRSIPYENADCAANHIRMRIGRSNRSWVKNCVAIGLSSAFVEPLESTGIFFIQHGIEQLVRFFPRSSSNELLIEEYNTRVNRVVDGVKEFLLLHFSLAQRNDTLYWKEWKNIELPKELLKKIMLAKDHLLDKETIYPFYHGFEEYSWNTMILGLSSGSLTSKPALSLMIPDKADEILLQHHVKAKKMVSGLPTCHEYLQYLHNSEDRN,Bacteria,Proteobacteria,Gammaproteobacteria,Enterobacterales,Morganellaceae,Photorhabdus,Photorhabdus thracensis,1,SN1: Indole halogenases,10,"Lvl 2, SN10: Tryptophan 5- and 6-halogenases",1
46,1-F08,35,UPI000458CB28,A0A059FP76,MVKSIVVVGGGSAGWITANLLNAHCRRAGRQTQITLVESPDIPTIGVGEATVPSIRRTLSDIGLPEQELLISAEATFKTLIRYKNWNLGDSYDHPFDRRRRPLTDGAVRRWTAQNNLPFDRSFSALSQLADNHISPKSPRQPQYQGAFPYAYHLDAIKLANRLASFGRERGIQHKLCKVTDVKVSPEGLISAVHTDQGEALTADLYVDCTGFRAALLGGGLGVKMKSFAKHLLCNRAVTMRIPYEVYKPERIVTYTQAIARDHGWQWDINLQTRRGIGYVYSSDFLSEDAAETALRQNEGPHSDGLEARHIRFTSGKRLVSWKGNCVAVGLADGFLEPLESSGLYLVEFAGRAIATMLDDFATAPQATARYYNRIVDELYDEILGFLNLHYVTSKRRDTPFWQAVTADDAILDDLRDRLELWKRRSPTEFDFPGADRLFAQDSYEFILHGMKYVDGPVSGAPAVPDMSALISKSRSELPDHEAILALVQRAAAARA,Bacteria,Proteobacteria,Alphaproteobacteria,Rhodobacterales,Hyphomonadaceae,Hyphomonas,Hyphomonas johnsonii,1,SN1: Indole halogenases,125,Singleton or small SN,1
47,1-C08,35,UPI00062E5E85,A0A0G9MRG1,MSEPMPPHVVVLGGGSAGWITACLLHKAWGEHGGKVTVVESPEIGIIGVGEGSTPQLKAMFDHLGIAEADWMAACDATYKLGIRFTGWSERPGFESYFHPFPCAVDLHSEPDFTQNCTLARRGFDVPAHPDDWFLASILADAGSGPQPADTFPFPPTYGYHFDAYKLGAFLRDWAVERGVDHRALKAEKVELSGHTDVAALLCEGGERIEGDIFVDCSGFRAMIAGDALGGEFLPFAENLFADRAVVVPTEKVAQFKPQTGAIAMSSGWRWHIPLTTRTGNGYVYSSRYISDEDAAAELLHAVGLKDDETEPRFLRMKVGRMAKSWRGNCLAAGLAQGFIEPLEATALHIVIATALDFAAAYEAGGFSPEHRDHFNRQTALRYEAIRDYIVGHYRLNQRSDAAFWRDNAANQNLSDELKAMITAWFTHKDIAATNAERYSVQAYSAASWHCLFAGYGTFPAPAKMQPLPANLKAADHGAITSMLAACARNFSPVDWS,Bacteria,Proteobacteria,Alphaproteobacteria,Sphingomonadales,Erythrobacteraceae,Erythrobacter,Erythrobacter gangjinensis,1,SN1: Indole halogenases,9,"Lvl 2, SN9: 1-F11 subnetwork",1
48,1-A11,35,UPI00006DE5F4,Q21LS3,MYKIKKIMIVGGGTSGWMTAAALAKFLIPHGIDIELIESSAISSVGVGEATIPHIRVFNDMLGIDENEFIRETGATYKLAIRFDGWGEKNSSYFHPFGVSGFPINGIDFHHYWLRLKQEAEVSEYGAYSFAAVAANLKRFGYPASNPNSPAHDFSYAFHIDASKYASFLKSRALAAGVTYIDGKVTEVTRDKEGAINAVQLDSGEFFVADFFIDCSGFRSLLLGESLGVEFESWAKWLPCDSAYAVPSEALSSPPSYTLSSAQLSGWQWRIPLQHRTGNGLVFSSSHQTNESALSTLLGNVSEPITADPKLLRFEAGKRKQSWEKNCVAIGLSAGFLEPLESTSLYLVQVAVQKFLELFSCEAAIGTTEMNAFNYLINIEYERIRDFLVLHYYANNRKDSDFWADCREVAIPSSLEEKLEIFRCGAGVVEYRHGLFMPASWLAVYLGQGVVPVTYDPRLKKMPLGKMKAFLAQVEWDVQRAVERYESHSLFVLRANSKASGAYPPASMSLYGAPR,Bacteria,Proteobacteria,Gammaproteobacteria,Cellvibrionales,Cellvibrionaceae,Saccharophagus,Saccharophagus degradans,1,SN1: Indole halogenases,1,"Lvl 2, SN1: Putative indole halogenases",1
49,1-D02,37,UPI0001E3CC89,E0X6N2,MTHSILVIGGGPAGSAAATFLVRQGFNVTLVERARFPREHIGESLLPASIPILDTLGVLPQIEAAGFTRKLGATMVWGRDPDPWSWRFAETNPRNPHAYQVERATFDHILLQNAAVEGVSVRENTRATQVHFDGDGRAVAATVQSGDAAPETISADWIVDASGQTGLIGRQLALREHDDLFRNLAVYSYFEGGQRLPEPDNGNIFIEAYEHGWSWAIPLPRDVMSVGVVVDAQWAAEQLAGQSPGDFYERQLKQTSRTAAMLSTGRMLDAPRIIRDWSYTSQRLVGDGYILVGDAACFIDPLFSSGVHLALSSAVLAAAYVSSALRQPDLREPAAEVYTQLYMQQYHQFREMAALFYASNRTSDSYFWQARRIVRQPDDVAPREAFIAAVAGQPPQGYERVVLERGEAPPDFVEGVAAVEQERARRTQAASGLIDNAWPSRSPLLDLTPVLAVGVSLARKPVIGDGQFEWGAVISSPSRPQGVQVSTAVAALAHRIDGQRSVRALLEELLDGVPDPQRQQLLPGLLTALRILYIDGIVEHLR,Bacteria,0,0,0,0,0,uncultured microorganism,2,SN2: Phenol halogenases,55,Singleton or small SN,0
50,1-A08,38,UPI0005B245EC,A0A0C5AE39,MQYKSFCIVGGGSSGWMAAATMKKAFPECDVSLIQPKGRDIIGVGESTLGHINRFFRFLGLKDKEWMSYCNATYKTSIAFKNFREGKGERFQYPFGRIDHNDYRSDYMTFFELQVKYPHLYPPEEFARFFNPNTILAEENRLTDGYICSEHNTWNMEQDTAYHMDSEKFGEFLAKRFPDVKTYEGIVGSCSKDATGHITSVNITEGWDEGLMIEADLYIDCTGFKSLILEGMMGSKFISFNDVLFNDTAMTARVDYSDRKNQMDSYTDCVAMSNGWCYNIPLWNRVGAGYVFSKKYIDPDIAHEEFVGYLAKRYSPKVADNADYRLINIRHGKREKAWVKNVVGIGLAYGFLEPLESTGLMTTHENLLYLVDSLKRRKKVTKIDIDSYNYTVDHAIESMKYFIGMHYVLSQRDDTKYWRDATQNTALFSNHDLTQYMNDCLGWHSMLESRREYFQLYEGLRKNFWSPDKFDGLVYIAAGQAFRPINEHSVKEAHYIFPRRKGEVEQVHKDWQRDRQAIYNAVKKLPTQYEYLRGYIYGNDFVEEN,Viruses,0,0,Caudovirales,Myoviridae (phages with contractile tails),0,Cyanophage P-TIM40,1,SN1: Indole halogenases,0,Singleton or small SN,0
51,1-B11,40,UPI0006CDE79C,A0A0N0DAA2,MPSKKSNSKSQEGPKPLHICIVGGGSSGWMMAAYVTNHFKFDGRKLKMTLIESAEVPPTGVGEATIHTMRGYLEDAGISEEKFLNECQGTFKHGIEFVGWSENTPPFFHPFENPPVVFENHAALNFLKADRSEGAMARYDYWAGIQSRLARRGVSPRQKSDVPYHGIVPYGYHLDANAFAHFLKKIATQRGVNHIISHVDKVESTKGKIDRLHLRNGKQIEADIFVDCTGFAARLIKELGGEFISGAEQLLVDSAVTCQVDAKDIEARPFTTATARNAGWTFDIDLQTRGGRGYVYSSKYLSKDEAFKEFSDAYPGQLDESRARHFQLRIGRMDKAWKGNCCAIGLAAGFLEPMESTGLYFVEYTARLFVEVLKSLTDNNMEVHADWFSNIFSELFDEVSAFIEAHYKLSDRRDTQFWRDATSAPHSPRLAQLLSLWESRAPGQFDFTGRSFFGAESWQAILFGLGWRPQKSHRLATVDQKAALAHFKVLKGHADRIAATNPQQADYLGL,Bacteria,Proteobacteria,Alphaproteobacteria,Rhodobacterales,Rhodobacteraceae,Shimia,Shimia sp. SK013,1,SN1: Indole halogenases,0,Singleton or small SN,1
52,1-D10,40,UPI00026CFE58,A0A290TNC6,MNITKIAIVGGGTAGWLAANHLGLALSSNSNVEITVIESLDIPSIGVGEGTVPYIVKSLKKFGISEAELLGSCDATFKQGIRFVSWLDEKVHGAHNFYYHPFEAPYPEGLDITNIWLNLGKKIPFDYVGIQSRVCESGLAPKLKTDGNYQGVLPYAYHFDAAKFAKLLKRNALDRFNVRVLNGTVDESKLDQTGHIESLCMTNGDILHFDFYVDCTGFSAKLISSVSNDSFQDKSEQLLVDTALVQQIERDDPSSLNPYTTATAHKAGWMWEIPLTSRTGTGFVYASKYMSHKEALETYARMLNVDSVNPRKIEMRVGYRNQSWSKNCVALGLAQGFVEPLEATSILLTDFSAEFLSKNFPLSRAEISVFSDHYNDAVNCAWESTIDFIQLHYILSDRVDSDFWVEYRSEVKLSDSLERKLAKFKLRSPQQMDFWSRFELFNEKNFLYVLYGMKFNTHPQTTSQAEFDIGLKLLDKNNEQLRRAKGALLDHGEWLKQLKQYMSS,Bacteria,0,0,0,0,0,0,1,SN1: Indole halogenases,2,"Lvl 2, SN2: 2PYX Subnetwork",1
53,1-H09,42,UPI00004B2921,Q58MD8,MSDSDFIVVGGGNAGCISALLLQCSFPNKKVSIIKSENIGTVGVGESSTEHFAQFCNTCGISILNVLLATKATFKGGVYFENWSDEDFMHVVNLDNVNQPIGHFFPYLQRVVAYNKPNREMNIYGAWDRKVPLKFFNDMNNSPTNQFHFDTLALNKFLIDKCLERNINIIEDELMGAIVHPESGDIVSVNGETDKYSADFFIDCSGFSRLLLEKTLGVKWKSYSEYLPLNSAISFATDEMEEYNMYTKSTARDYGWSWQIPTQGRTGNGYVFSEKFINETQAHEEMEKSYGHEIDVAKTFKFDPGRLEKAWCKNCYAVGLSQSFVEPLEATSIGSVIQQMVAFIHYYPSNSIDECNEIVNGIFDNIFDYVQAHYLVKKEDTPFWREVKNDLKITPSLQNLLDKWKKRFPLVGDVFCRWGMFSEVNYIIILQGLKWFDSEKVMQEYKNIEHIPLIDWKDTSDRCLSMGHKNFIKELVRIHNLNKEN,Viruses,0,0,Caudovirales,Myoviridae (phages with contractile tails),0,Prochlorococcus phage P-SSM2,1,SN1: Indole halogenases,121,Singleton or small SN,0
54,2-E04,44,UPI000003CAA0,P95482,MTQKSPANEHDSNHFDVIILGSGMSGTQMGAILAKQQFRVLIIEESSHPRFTIGESSIPETSLMNRIIADRYGIPELDHITSFYSTQRYVASSTGIKRNFGFVFHKPGQEHDPKEFTQCVIPELPWGPESHYYRQDVDAYLLQAAIKYGCKVHQKTTVTEYHADKDGVAVTTAQGERFTGRYMIDCGGPRAPLATKFKLREEPCRFKTHSRSLYTHMLGVKPFDDIFKVKGQRWRWHEGTLHHMFEGGWLWVIPFNNHPRSTNNLVSVGLQLDPRVYPKTDISAQQEFDEFLARFPSIGAQFRDAVPVRDWVKTDRLQFSSNACVGDRYCLMLHANGFIDPLFSRGLENTAVTIHALAARLIKALRDDDFSPERFEYIERLQQKLLDHNDDFVSCCYTAFSDFRLWDAFHRLWAVGTILGQFRLVQAHARFRASRNEGDLDHLDNDPPYLGYLCADMEEYYQLFNDAKAEVEAVSAGRKPADEAAARIHALIDERDFAKPMFGFGYCITGDKPQLNNSKYSLLPAMRLMYWTQTRAPAEVKKYFDYNPMFALLKAYITTRIGLALKK,Bacteria,Proteobacteria,Gammaproteobacteria,Pseudomonadales,Pseudomonadaceae,Pseudomonas,Pseudomonas fluorescens,3,SN3: Variant A pyrrole halogenases,5,Singleton or small SN,1
55,2-G03,44,UPI0001E5588A,A0A2N6LHZ8,MSYDKSKQFDVIILGSGLAGSILATILAKHNFRVLMIDKGTHPRFAIGEAMTPDTDLMMNILSYQYSVPEIAHLSSFENICKHISPNACGIKRSFNFIYHREREEQTLLETNKVGVPPSSHLFRQDVDHYMAKVAVNYGVKLLENTKLIDLNINKQGVEVKIEDGEQFTAKYLVDGSGHNSLLSQKFNLRENPTRLKSHSRSLFTHMIGVKHYDDCVNLKEESQDKLLWYQGTLHHIFDGGWVWVIPFNNHEKSTNPICSVGLNFDPRRFPKTKISPEQEFQQFISRYPGIAIQFENAQPVRNWISTDRLQYSSHSCMGERYYLLPHAAGFVDPLFSFGLVNTCTIIIPLASRIMKAISENDYSKDNFIDIECLQNKLLDYNDDLVNCSYISFRNYHLWDAWRRVWILGSFMRQMKAGISKRLKIAAGRGEELSKRNNENIIDSLTPSYEGLGEDFFQAATTIIENVEEELLSPEEAVDEIITRIKSIDFLPHNFWNIGDVSLKNVDAASDVYYSEYLRFMSWVKTSEKPEVRKYFDYDEEDFVAASSMLMTANS,Bacteria,Cyanobacteria,0,Nostocales,Hapalosiphonaceae,Fischerella,Fischerella sp. MV11,3,SN3: Variant A pyrrole halogenases,133,Singleton or small SN,0
56,1-B09,44,UPI00074910B5,A0A0X3U7W2,MKEKQTRVINIIGGGSAGWMTAIYLNRYFNRGKKNFSIRLIESPDVGIIGVGEATVHSIRFFFAAMGLDEAELMAETNATVKAGIMFRNWNKPQGSEPHEYFHPFDQQQPGGSVDISSAWFIANRDAWQRYDQAVSLNAHLIEEGRCPKTMSSPPFQAVTPYGYHLDAKLLARYLRKNAVEAGVEHVEASVSDVTVEGDRVLSVTTDRGEFTGDFFVDCSGFRGLLLEKLAEDNWHSFSDALPCDRAVAIQRPLPEGDGPKPYTVATALSNGWAWQIDLVNRQGSGYVYDSDRISPEEAERELREFLGPDSESLKCTHLEMKVGCRDRFWIGNCVAIGLSGGFIEPLESTGLHMIHLGVSLLATHLAAGEVPQALRDAYNEKMRGFYHDLKQFIVLHYCLSDRDDSDFWRGASATVEHCPWLQRQLEIWRHKICEYQDFAGSYSSIFTDSSYRYVLYGMQHKPDLEFVLSEEEQQGLFQRFEDMVRRAKVASMEHKAFLRTLPAEVRPEMIEVG,Bacteria,Proteobacteria,Gammaproteobacteria,Cellvibrionales,Microbulbiferaceae,Microbulbifer,Microbulbifer sp. ZGT114,1,SN1: Indole halogenases,44,Singleton or small SN,1
57,1-A10,44,UPI00026CE80E,U1KT69,MTLKKIIILGGGTAGWLTANHLAKKLNAELGQNVSITVIASDTIPTIGVGEGTVPYIKETLQYFGISEEAIITEAEGTYKQGIKFQNWSEDPIKRGEHAYYHPFEPFPLGQESIIRSWLQEPDKVNFEDYISIQARLAENNLAPKLITHGNYQSFVDYAFHFDAGKFTKLLSNNAITQFGVEAKNAVINRVELNPDGSIHSLVSENEVFEADFFVDCSGFQSDLLSGTLGVGFNDLSDTLLTDKALVTQIPYPQSPEKYDINPYTKAVAQSCGWIWDIQLQTRKGVGLVYSSSHSSIDEAHTLLSDYTGIDKDILNARQIDMKVGYRKQFWKKNCAAIGLSQGFVEPLEATGLLVFDMTASMLSYALAGGGDVLTQSAAKFNRDVETVWLNIVDFIKLHYCISKRRDSEFWIDNCENSKIPDSLSEKLEMWRFRAPNKFDFTSKLNVFTISNYQYVLYGMKHFPEALVNPSPFSNSVYQEMLKSKTMEYEYWADKAQLHSELIDKIIKFGVSKG,Bacteria,Proteobacteria,Gammaproteobacteria,Alteromonadales,Pseudoalteromonadaceae,Pseudoalteromonas,Pseudoalteromonas citrea,1,SN1: Indole halogenases,0,Singleton or small SN,1
58,3-G02,45,UPI0001E7215E,F0SS98,MIQSANPHVIVIGGGPAGATVSTLIAQQGYRVELFEREKFPRYHIGESLIPETYWTLQRLNMIDKMKSSKFVEKYSVQFVSERGRISAPFYFKQHKDCDSSRTWQVMRSEFDKMMLDNAAEHGVNVHEGVRVMDVIFEGDRAVGVSLKDENGEMREVRADVVVDASGQTSMLLNKLKLKVPDKRLNKGSIWTYYKGAERQTGIDEGATVIMQLQGKHGWFWYIPLQDDMVSVGVVGDFDYLFKGRKNHEQTYAEEMAKCPAVQERLANAEQVNKIFATKDFTYRSSQAAGDGWVMIGDAYGFLDPLYSSGVLLALKSGELAADAIVDGLKKGETGKAQLGSWEDEYVIGMNRMRKLVYAYYDNLNFGKFIKQYPQYRGDLTDLLIGDLFEERLDDILGSIDVWQEEMKQEMMEGTSDPAKTMK,Bacteria,Planctomycetes,Planctomycetia,Planctomycetales,Planctomycetaceae,Rubinisphaera,Rubinisphaera brasiliensis,2,SN2: Phenol halogenases,50,Singleton or small SN,0
59,1-C12,46,UPI0001A8C7A2,C5BK76,MNPSQVKRVIIVGGGTSGWMCAAAIARASPPNTSITLIESSDIGVIGVGEATIPTLIEFNRFLGINENDLIRECHGTFKLGIEFSDWQALGKSYFHPFGFYGRDTPDFPFHQLWLRLKHMETQGLAPAEAAGEISDFNLCTAAAYQGRFAPAQGGADTILATMRHAYHLDSRLYGKMLRRYAEAKGVTRIEANIVKASCSPEGGFIESVLLESGESVCGDLFIDCSGFKSLLIEDAMQSEFVDWSHYLLCDRAIALPTELSGSPLPYTRATAGDAGWRWRIPLQTRMGNGHVYSSQFTDDDTALRDLQNAIDGTSLAEPLPLRFKPGHRHEFWVKNCVAIGLAGGFIEPLESTSIHLTQVGIQRLIQFWPAHGVNYAETAHYNSEMTEDYERIRDFIVLHYKATDREDTAFWRAVKNMAVPDSLSNRMELFRSSGRVVDIPQDLFRPHSWLAVMLGQKVQPRNYDAFVDRIPVESLLANMQHLKDAVNKTAASLPGHQDYINRCCAAAESSRV,Bacteria,Proteobacteria,Gammaproteobacteria,Cellvibrionales,Cellvibrionaceae,Teredinibacter,Teredinibacter turnerae,1,SN1: Indole halogenases,1,"Lvl 2, SN1: Putative indole halogenases",1
60,1-C03,47,UPI000331ABE4,R4T0R7,MRATTQILVIGGGPAGSTAAGLLAKEGFEVTLLERDHFPRYHIGESLLPSCRPILERLGVWDKIAAAGFQPKGGAYYFWGPEEWEVRFRPHGRDGSTSAWQVIRADFDKILLDHAREVGVDVTEGIAVKKLDFDGDRPVAAHWAEAKNPANSGRIEFDYLVDASGRGGVMATKYLKNRKFHNVFRNVAAWSYWKDAKQLDRGPSGAITVASVGDGWFWGIPLPDGTMSVGLVTGRDSFNAARNELGGVDPVYHKAIGDCPAIQQLLIEAEQVTEVKVEQDYSYAAERFQGPGFLLAGDAACFLDPLLSTGVHLGTYSALIGTAAISSVIRGEIGEREAWDFYEVVYRRAYERLLVLVSTFYESYRGKEHHFFRAQQLSEKDWEGMDVQAAFDRFVTGIADLEDTEEVYRRIQGHLLGEESGKHNPLDNLNRVHEHKQAPEKPEKAINGLYLSYEPHIGIRRA,Bacteria,Actinobacteria,Actinobacteria (high G+C Gram-positive bacteria),Pseudonocardiales,Pseudonocardiaceae,Amycolatopsis,Amycolatopsis orientalis (Nocardia orientalis),2,SN2: Phenol halogenases,26,"Lvl 2, SN26: XanH (large phenol) Subnetwork",1
61,1-E05,48,UPI0005B0CB78,A0A0D0CTE2,MASTHTSTIPATATVLIIGGGPGGSYAAAVLAREGINVLLLEADKFPRYHVGESQLASLRHFLRFIDLEKEFENHGFTQKHGAAFKLDKHKREGYTDFVFDDPKNYSWNTVRSESDELMLRHAARSGATVIEETRVMEIEWDDARPMAATWKNTQSGQMGQVKFDYLIDASGRAGICSVKYLKNRHYNPDFKNVAFWTYWSGCGEYKPGTSRAGSPYFEALSDESGWAWFIPLHIGTSVGVVVKQELSDEKRATAKTRGLDSSLYGHYMRLLDSAPNIKAMIANAAIIKNNNEIVVRTASDYSYHSDSYAGPHYRIIGDAGAFIDPYLSSGVHLAISSGLSAAASICSSLKGECSEDDAIRFHNAKIDASYTRFVLIIKSVYEHIRSQKATTLSSATEDNFDDAFLMFRPVIQGRIDSSLSLSEEDKTRLVHFYSRHAFEPSMPEERHNLLKEFGDPVKSFNNADDIHSKAILRSMAVRKLLSVDETNHIDNYVADVVEGFRLRLERGNIGIEKCR,Eukaryota,Basidiomycota,Agaricomycetes,Agaricales,Omphalotaceae,Gymnopus,Gymnopus luxurians,2,SN2: Phenol halogenases,130,Singleton or small SN,0
62,1-B04,48,UPI00049D38A3,A0A067MGT9,MSAAVPQKTQVLVIGGGPGGSYAASALVREGHEVVLLESAKFPRYHIGESMLPSMRHFLRFIDLEDEFEAHGFAIKPGAAAKFTAHKKEGYTDFVEKGQTKGTWNVIRSEADEIMLRYAGRQGANIIEETKVTSINFAGDPAESRPISAEWKNVQGQTGTIEFEWLVDASGRDGIMSTKYLKNRRFNEAFKNVAFWGYYTGTGKYEPGTHRENAPFFEALNDESGWAWFIPLHNGTTSVGVVMNQEVYTQKRKSEKATRPSLQEHYEGQLAEWAPTIMRLIGEGKIKTNVEGPTVKMASDYSYNAPSYAGDHYRIAGDAGAFIDPFFSSGVHLAILGALAAATSICAEIRGQCKSADAEKWHTDKINVSYTRWLLVVMSAYKQMRASNEPVLADVDEESFDRAFDFFRPIIQGSSDYGKSLTRDELNKAIDFCGAIFHEFKPEDIDAAVERAGPAVLEGNAIPGAAPAAVDPEDEKAQEVLKLLSASKHVMTKEQDHGLHVFGADAVNGLKVILERGNLGLYRVDSE,Eukaryota,Basidiomycota,Agaricomycetes,Cantharellales,Botryobasidiaceae,Botryobasidium,Botryobasidium botryosum,2,SN2: Phenol halogenases,4,"Lvl 2, SN4: Variant A phenol halogenases",0
63,1-F03,49,UPI0002048F2C,F2R782,MPSTLTGIPTEFDVIVIGGGPAGATTAGLLAKRGHQVLILDRERFPRYHVGESLIPVVMAPMAEMGLTERMEQRGFERKYGGTFVWGSEQAAWDFSFVDGGDYPFAYHTRRADLDAMILDRARELGAFVVEDATVKEPVEEDGRVTGVRFAVRGGKETYEVKAAMVVDASGQARVLTRRYSEIHWHDKLRNVAVWTYFDNCERLPGDQYTNILIEGIENGWFWGIPLDKGTVSVGFVTPSSVAGESDQNLEQLFRDEVEKTTKLKHMLRDARQSAGFRSARDWSYTNQTVFGPGWAAVGDAAAFVDPLISTGVALATTAGSILSRVIDKVLQYPEIEEVALKRYATAYLSFFNEVRSFVERFYDRSLKKEDYHKLAQSIIDPEEKNTPANDFVTLLAGLRGKHLALNITVDDLVPEPEFSATTEN,Bacteria,Actinobacteria,Actinobacteria (high G+C Gram-positive bacteria),Streptomycetales,Streptomycetaceae,Streptomyces,Streptomyces venezuelae,2,SN2: Phenol halogenases,30,"Lvl 2, SN30: NapH2 subnetwork",0
64,1-B03,50,UPI00063EBAD6,A0A0H1A127,MISKTTDVLVIGGGPAGSTVSTILARQGIKTTVLERDVFPRYHIGESLLASLMPMLDAIGASEKMKRHGFVEKPGGYFNWGNEKWSFRFDEIEGAPKHSYQVKRSEFDKLLLDHAAENGAAVHQNVKVSSIHFENGRAVSASYLDRTSETKGDIAFKYLVDCSGRSGVIANEYAKDRHFHNVFKNVATWSYWTGTNLNYDALPAGSTRIISVEAGWIWFIPLNDGTVSVGTVITRDQLRKEREAGRDAEQVYDQLLADNDEARIILKDAKRTDIKMETDYSYTSERFTGPGYFMCGDAACFLDPLLSSGVHLAMVSGLVAGASLASILKGKVDEARAVNFFETSYRQAYLRFLMMVSSFYDLNRGQAGYFWEAQRLTSKDYTDQDMKKAFVSIVSGGADYSEFRDGQYGEIVAKKVAEKIRQGVDMRRNAGQFGDETKRENMQFMDALNGLQFLQANAAIDGLYVVTQPDVMLAQTAA,Bacteria,Proteobacteria,Alphaproteobacteria,Rhizobiales,Phyllobacteriaceae,Mesorhizobium,Mesorhizobium sp. LC103,2,SN2: Phenol halogenases,0,Singleton or small SN,0
65,3-F01,52,UPI0003DDA7B9,V6DWK8,MDIDEYDVVVAGAGTAGCYAAATIANEGLDVVIVERKDAEEAGHIACGDALKGADAFPEAIPKDRLEPAFTNTGVDHGRFEIPQEDTVLEIPVPGELAVIDRWEYGRQIIAAAEEAGVEFHYDTVINDVVQDETGRVTGLRAVRKGDPRTYAADVVIDGAGSLSLLQDKVDFEGTTFDTNVRYSQFCSAYREVVEVPEPVEWDDALVFKATDRAAGYLWYFPRTATEINAGLGFQMNEEPMQLVESLKKDLRDRPEFEGAEVTDKLGAALPTRRPYDSAVAPGYMAVGDAAGHVNPTTGGGIAGAAYAGKYAGEQAVKAVSDGDVSEENLWRYNTRVMDHFGGRYAGLDVYNVLSTAVDVDDLMGLLASLPGEKLAEALYEGSTSMSFGLKVKAAVKSFGYWGTIRNFYQTKSLADELIGHYDEYPTSPAAMANWTRERDGIMDRVYETTGADAKY,Archaea,Euryarchaeota,Halobacteria,Haloferacales,Halorubraceae,Halorubrum,Halorubrum sp. AJ67,6,SN6: Geranylgeranyl reductases,8,Singleton or small SN,0
66,1-B01,59,UPI0003422E2E,R4VVC9,MSGTIDDVLVVGGGDIGLLTALGIQKQLPAVDVRVVDDFGTEVPQVGKSTYLDIQNILHGQLEIEEPEFIDEVKPIWKASVFFRDWCDTDAFHYPFDVSDTFKQPDTRNSSEHLVYYYDNLYDSDDHLTRCEQIVSQGKSPWYHEQNGDLSKYTKCAYHLNTARFNGYLRKLCRQRGVELVNDEITDVETTGSHVDAVHSGSDSYDADLFVDATGFNRILRSEQDEAEFRDFEFPLDSAFNVRIDRSLDDVIPATVVESGDYGWFWHIDTYDNRDLGYVFASEYVDDEDALEEFREYVDEVATADADPDPVGDVDDVDKYEFTSGYYERAWVDNCLAIGNAEGFVEPLQSTALTANASLAMQFAKLLSAHGRIADDDVRMAYNRAAERTWETIYDFIAVHYKYSYDDTEFWREMATREYSPRLDRIAEEFDRYGYDWQVERANEDGLQELSVFTVPDFYAMMRPLGASSVFYDTNDFTVSNDLVRELEQYYRRIRTQVQQQHLTVREFYEGVLNA,Archaea,Euryarchaeota,Halobacteria,Natrialbales,Natrialbaceae,Salinarchaeum,Salinarchaeum sp. Harcht-Bsk1,45,Singleton or small SN,67,Singleton or small SN,0
67,1-C11,61,UPI00053288F8,A0A0A1W7B3,MVEGQARSILIVGGGTAGWLTAAYLARFLGPETRITLLEDPAIGAIGVGEGAFPTMRSTLRFLGIDEAQFVRAAGATFKQGIRFDDWRHAPDGGRRHRYVHPFEPPFQADGVDLVAHWLAQDPAARAPFAEAVTIQHRVAAAGRGPKQAGEGAFDGPLSYAYHFDAHRLVALLADCAMGLGVGHLEGRLTGAVVGADGLIAHVMTDRQGMMTADLYVDCTGQRAELISGALGEPLASVRDQLFTNRALACRLPYDATRGHALPTMTIASAHRAGWTWDIGLAEGRGIGTVYSDAHMDDEAALATLAAYLERDPDRLEPRLLTFEPGYRQRPWIGNCVAIGLAGGFLEPLESTGIVLIEAAVAMLAELFPHRGPIAAPAARFNALMTARYRTIVDFLKLHYCLSSRDEPFWHDNGAAGTISDRLRDLLEQWRYRPPGRFDFTLDVESFAHFNYQYILYGMGFADGDARPTRASGEAERLFRKLQMFGDRAVADLPSHDELVAAMRG,Bacteria,Proteobacteria,Alphaproteobacteria,Sphingomonadales,Sphingomonadaceae,Sphingomonas,Sphingomonas parapaucimobilis,1,SN1: Indole halogenases,2,"Lvl 2, SN2: 2PYX Subnetwork",1
68,1-C01,61,UPI00061ED019,A0A0F2L8Z0,MEHYDVVVVGAGTAGAYTAYNLAKLGFKTALLESKYGEMVGVKTCGDALGKHHVDRMSRYLTPNPNIFVNDIKGVELFSPDLRTKYVIKGEGYMLDRFNWGKWLVREAVNAGAAFYEGTTATAPIIEGGSVVGVRANDARQGTAKEFRAKVVVDASGSVGVVRTKLPDTWPISERLHPEDVSHAYREVFYIDGSVEAPNYIKIYLDQQISPGGYWWAFPYSEGFLNVGLGVWGILKINPRANYVKYLEPRYKIRNKVHMGGGFIPTRRPLKSLVGNGILAVGDAAAAVNPLHGGGIGQALLTGELASKAIKRAFEIGKFDVETLWQYNLDYMREWGYRQAQLDVVRLMLQTLDNDDLNFGLSRKLLTEEDVLDISSHGVTLSVVDKMRLALQFVGRPGLLMKLYNAMQYAKRIGDLYLQYPQSPSGLSRWHEQVMEAYREFREKIGLGPMPA,Archaea,Crenarchaeota,Thermoprotei,Thermoproteales,Thermoproteaceae,Thermoproteus,Thermoproteus sp. AZ2,36,Singleton or small SN,80,Singleton or small SN,0
69,3-C01,62,UPI0004D60CBB,A0A084CEM3,MSEPRILVLGAGPAGAATAIGLRRLGYPVTVVSEWRRFAAVEGVSQRVLEGLRHAGLGGALRQAAMPASRQVRWNGQHLQMNQEFLLDRQRFDRALRDDLLSAGVTVVEGRVREVSQQDGHRVRLDDGQVLAAQFLVEARGRQAPLAADRLRGPETVSLLNTWQGRPGVPASAVESLEDGWAWMARLEDGRCYWQVTLDAAGLPGKAALADSCANRRRHSALVAELFDEQALAPAQVHARSSTAILAGDCAAESWLRVGDAAMAVDPLSGNGIFQSLSSALQAPVVINTLLRRPERAALALQFHRQRVEQLFLRFARIGRDFYAQEQGRAGQPFWDGRQGWPDAQPLHTAADWQAVRVARRPVLRDGLVDEAEVVVTADQPLGVWHLQGVELAPLVRRLQAGQALNAVLAGQPQEQQMWVRRWLVEQGYG,Bacteria,Proteobacteria,Gammaproteobacteria,Pseudomonadales,Pseudomonadaceae,Pseudomonas,Pseudomonas capeferrum,5,SN5: Peptidyl tryptophan monooxygenases,7,Singleton or small SN,0
70,1-E03,64,UPI0006365203,A0A0F9S4C4,MTQNLKTQYDAIVVGGGPGGSTAATLLAKAGKSVLLIEKDKFPRYRIGESLVPGIVPVLEELDVLDKIEAHGFTEKFGITLVWGGQQEKWSVDFDEAGGAGHGKAYQVVRSEFDYILIQNAREKGVVVLEDTAVTDFLFEGARCAGVSFQGADGRDHKAFASVVIDASGQANLLGRRLHDIEVVEGLKNRAVWAYYQGGTVPEGKTAGNIIVENNISDGWLWMIPLHDGTHSIGLVAPQDAFRGRDAGEMFAEKIAESNMISGFLKDATQVTNFRSHKDWSYSCSQLQGEGYYLVGDAAGFVDPLFSTGVFLAMNSASLAVKQILASFAEPQREAENGAVYEANYRQFLDVVTSFVKFFYDTKKRKENYFNHARDLVDPMDMMTARQDFVYLITGLGGLHQSMGLRPTEALANLAKRSKPPVETTQTKQPSLEEV,Bacteria,0,0,0,0,0,marine sediment metagenome,2,SN2: Phenol halogenases,0,Singleton or small SN,0
71,2-F01,74,UPI00057F9508,A0A0B4CH35,MSGSDKVWVVRGGGLAAWAAAALLVKTLPAGHSVLMEEAVSPALGEEPEVVIAEPDGVLVQLSDGADLLALGHGGFFLGSLLQNWREGRDIAIAEQEPLPGIDGVALTDVVLRATRQSPTVPDYAALLAPLQFQARVMAAGRYAHPSPDRQSPRSLLRPRLMLDARVLTARLRDIALRAGVRETPDDVREVEAFMTLDTRANGVFSGDGDWTGRLGYDRCLTLRYVGGDHTPRLDMANLVEGLANRSPLPGGGFASLAYAADRTTADVAKAALAAWLGGVDVAAQSDVALPPGLDTHPWSGRRLALGPAAARFGDGLGLDSILLERQLTQLVASLPGASEQISACAEAYNEAVVRDIAHRADRLHLILLCGSQGQRLAPAGNNLARRIAQFTSRNAGVGLDGDPYDAQHWIMLMASLGLMPRRYDIQADRLDIKSAMASLGRMVMAFDQTLAALPAHSQFIDRLREGG,Bacteria,Proteobacteria,Alphaproteobacteria,Caulobacterales,Caulobacteraceae,Brevundimonas,Brevundimonas nasdae,61,Singleton or small SN,95,Singleton or small SN,0
72,2-G01,80,UPI0000E8BB5D,A0PRG1,MSTSNNHALVIGASIAGLCAARVLSDFFHRVTLIERDELPSVPHGRATVPQDRHLHMLMARGANEFENLFPGLLTDMVAAGPMLENRPDCIYFAAAGHALGTGHTLRKEFTAYVPSRPHLEWQLRRRVLELDNIEIVRGLVIEHRFEPTTQTVSGVLVAPPDDDDGAEPQFLAADLVVDAAGRGTRLPVWLSKWGYQHPAEQSMDIGINYASQQLRIPDGLIQEKVVVAGVAHDRSLGLGMLCYEDGTWVMTTFGVAGAKPPPTFGEMRALAERLLPARFNAALAQSEPIGAPMFHAFPASKWRRYDKLDRFPAGIVPFGDAVASFNPTFGQGMTMTSLQAGHLRRALQSPHGDLATQLNRATAKTTYPVWTMNAIGDISFHHGLTQSPPAWWRPAGALFDQFLGAAETDPVLAEWFLRRFSLLDSLYIVPPPRLIGRTIAHNVGLWLRERRQSASSRGRTLTAPRSP,Bacteria,Actinobacteria,Actinobacteria (high G+C Gram-positive bacteria),Corynebacteriales,Mycobacteriaceae,Mycobacterium,Mycobacterium ulcerans,15,SN15: Not annotated,23,Singleton or small SN,0
73,1-F06,82,UPI000656D209,A0A0H2S825,MANQVPSTTRVLVIGGGPAGSYAACCLAREGVDVVVLEADKFPRYHIGESLLASMRPLLNFVDLYDKFNAHGFIKKVGAAFKLSEKRDAYTDFVAYGGPDNYSWNVVRAESDDLIFKHASVCGAKTFDEHKVTAIQFDESSRPISASWVNKEGTTGSIGFTFVVDASGRKGILSTKYLKNRTFNQGLKNVASWGYWSDVHSQYGKGTPREYSPYLESLTDESGWAWYIPQHNGLHSVGIVQNQEVVNQKKRERVASGNQNASNAKEFYLEELKLAPGICALIGESGNLVPYAPGEAKEGAIQIKSASDYSYQATSYGGPGFRIVGDAGAFIDPYFSSGVHLAMTGALSAAASICASIKGDCSEEKAAKFHSDRIGIAYIRFLVVVLSAYKQIRNQTEPVLSDFDEDNFDRAFSVFRPVIQGTADVTAKPNREELHKTFDFCAHAFDATTSEDRTAVLAKIAPAEGGIKSNEVVKAIAARDENLSNEEQRVLKNIGASFILKETVGIPEFASDVIDGMRMRFISGSLGLEMVEGA,Eukaryota,Basidiomycota,Agaricomycetes,Hymenochaetales,Schizoporaceae,Schizopora,Schizopora paradoxa,2,SN2: Phenol halogenases,4,"Lvl 2, SN4: Variant A phenol halogenases",1
74,1-D06,86,UPI00049BD39D,A0A067NIV5,MSLPRIPQRTTVLVIGGGPAGSYASTLLAREGLDVVLLEALKHPREHVGESMLPSMRQYLRFIDLENEYDIRGFLHKPGAFFKFIHGAPACYADFDILGRDKNTWHVFRAEADELMLRHAAQQGVKVFEEVRVDSIEFAGSDPTTSRPIAANWKSKLGETGALSFDWLIDASGRQGLMATKYLKNRIYREGLRNVAAYGYWEHAAAPVEEGNPRQNATWIECLTDKRGWAWHIPLHNGKTSIGVVMHQETSNQKKAVGPKGLEAHYLDQVKLAPGVLERLGHGASYITGSVRSTADFSYHAKSYSGDHYRIIGDAAAFVDPLFSSGVHIGMTGALSAACTILGSMKEQITEVGACAWHDAKIGISQIRFLLVVLSAYRQMQHQGNYTVLGDFNPQDFGRAFELFRPVYQGQHDVENKLTNEELERMIDFTRNFFLPISQDQHAAVSERLGHFMPINGPVMGPDDLAKVLDDDDSDAKAVLQKINARKVLSTEMGSSGLNSESVNGYTLILEKGRLGMKKEIGVA,Eukaryota,Basidiomycota,Agaricomycetes,Agaricales,Pleurotaceae,Pleurotus,Pleurotus ostreatus (Oyster mushroom) (White-rot fungus),2,SN2: Phenol halogenases,4,"Lvl 2, SN4: Variant A phenol halogenases",0
75,1-H06,88,UPI0006B9A4AB,A0A0N1BR54,MNQPINHLVIAGRDAPLWLTAATLIRALSPSGLRVSVVELPAKAGPGDLHASLPALEALHHQLRLDEKGLLARVRGAYTLGWNFADAPGSVPPFLHPFGALGSPIGGQDFFAHWLRARRHGLSVPLEDFSLTAAAARQGRLFIPDAQSEEYGRSDYGYHLPALPYAAVLKELAIRAGVTVIPARGLSVAREGGVITGLMLEDGQRVEGDFYLDVTGSDAQLIAGPENSLEPWEFPADRVLTARGPRMKTLPPYAEVRGFNQGWIALRPAQSGTYLTAVWRSGSGEADVLRRLPPLCGFAPEDAVGRGSAPGLRARAWDGNCVALGQAAVRLDPLHDLDLLALQQGLVHLLAHFPRHGGFLAAQAEYNRLTRAHFTHLRDFQAMHYHLARHVGPFWDAARDLPLSTDLFHRLSLFRARGELALWDEDDLTPDSWRAFLVGHGLVPDTYPPALDLIPAEELKARLRAMLGFVKAQVLRQPTHDAYLHHGQ,Bacteria,Proteobacteria,Alphaproteobacteria,0,0,0,alpha proteobacterium AAP38,1,SN1: Indole halogenases,0,Singleton or small SN,0
76,1-G08,93,UPI00050506D2,A0A094IJM8,MTDPYHIVILGGGSAGWMTAAALSKVLDRQHYKITLIESKVIGTVSVGEATIPGIREFNQLLEINEDEFLKATHGSFKLAIAFENWQNIGDFYLHPFGPYGITLNGIPFHHYYLRHEREQGANAVPLADVNLEWTVARQHKFTRPIADKRSPLGHIKYAYHFDAQKYAAFLKDFACKRGVMALEDRVLEVKQREKHGAIQALITEQHGEVGGDFFVDCSGFKALLIGEAMGVPYHDWRKWMPCDSAVALPGQHDAEDILPYTRSIAHPEGWRWKIPLQHRTGEGWVYSSRFTDHEKAEQDFRETIGNFDSKANHLRWINGRRDEPWKHNCAAIGLAAGFIEPLESTGLQLTQSAIIRLISLLPGAGEMRQRAKAFNHFCAEEITNIRDFVMCHYKLTNRDDSEFWRYCRDMEIPDSLQERIDLFRENASIFRNSNNELFNEISWFSMFHGQGLRPHNVHPLAEQMSQQELAQHIHTVQRIFKQVTAPLPSHAQFIQQHCKAQ,Bacteria,Proteobacteria,Gammaproteobacteria,Alteromonadales,Idiomarinaceae,Idiomarina,Idiomarina atlantica,1,SN1: Indole halogenases,1,"Lvl 2, SN1: Putative indole halogenases",1
77,1-F10,106,UPI0006D68B17,A0A0Q0FAF2,MKPIKHVVIAGGGTAGWITAALLNKVLGKVIKITLIESSTIGTIGVGEATIPPIIQLNNALGINEQDFINTTHASIKLGIEFENWKNTSHSYMHAFGSFGKDFPFCDFYNFWIKGKITGSENSLWDFSLNYQAAKKHKFAPLNTIPNTQLPGLSYAYHFDATLYAEFLKNLAVARGVEHVDAKIEQVEQCPLSGNIKSLTLDNSQQINGDLFIDATGQRALLIEQTLNTGFVDWAHYLPCDSAVAVQSKGTDELKPYTRSIAHSAGWQWQIPLQSRIGNGLVYCSRYLSDDAATQLLLNNLSAELITAPRVIKFKTGRRLKQWHRNVVSVGLASGFLEPLESTSIHLIQSAVTRLIKLFPHNGISDALVTEFNRQSVTEIEHIRDFIILHYKLTEREDSPFWRQCKQMDIPDSLAHKLELFKETGKVVRENDELFAEVAWQQVFIGQGLIPEDYNSIVDSLSSEQLNDLFSTLNTLITSTVEQLPTHKEFLAKIKKA,Bacteria,Proteobacteria,Gammaproteobacteria,Alteromonadales,Pseudoalteromonadaceae,Pseudoalteromonas,Pseudoalteromonas sp. P1-25,1,SN1: Indole halogenases,1,"Lvl 2, SN1: Putative indole halogenases",1
78,1-E06,117,UPI0006568DEB,A0A0H2S8K1,MTLNIPTSATVLVIGGGPAGSYTATVLAQEGIKTVLLELEHFPRYHVGESMLPSLRHFLQYVGADDKFKNHGFKKKVGAAFQVNHKKRPGFTNFLEIGPEAYSWNVVRSEADEILLRHAQESGVEVFEGIKVESIDFEDEKRPRVAHYVSKDTGEKGQITFDYVVDASGRQGVLSTKYFHNRVYNKGLRNIATWGYWKGCGVYEEGTERAHVPYFEALQDESGWAWFIPLHNDVTSVGLVMTQDSMNAKKRSYPNGAPTSEQFYVDQLNCMTPNILKLIKDGKMQSGEVRVASDFSYSAPTYAGPHYRLVGDAGAFIDPFFSSGVHLALTSGLSAAATICASIRGDCDEATAATWHSDKFAASYTRFLVVVLAAYRQVRNQEVPVISDVDEDNFDKAFGFFKPVIQGVVDVNKGVSKDIIAKTVEFCAEAFNTERVAAHVAPIPTLDGDVNIELSKDISVEEQAMLQGIMLRRQMRPQDTMGIGAFTTDVIGGLHMEMQKGALGLRHKDVKVAAPEGLVKVMDGAAPTPAAEAPAQSVEVSA,Eukaryota,Basidiomycota,Agaricomycetes,Hymenochaetales,Schizoporaceae,Schizopora,Schizopora paradoxa,2,SN2: Phenol halogenases,4,"Lvl 2, SN4: Variant A phenol halogenases",1
79,3-F02,121,UPI00017E7827,B4D801,MPSEFSLAMNMSNQYEVIIIGAGPAGTTTAALLAEKGRRVLVLEKEKFPRYHVGESLMPYCWFTLNRLGLVEEMNHIAYTKKYSVQFVTQDGRQSAPFYFFQHYDHPSSTTWQVERADFDLMLLKNARAKGAEVRELTPVTRLLKDESGKVIGVEARDENGATHEFYAPMTVDCSGREQISIARDGWRVKDAKLNKIAIWTYFRGAKRDPGIDEGNTTVAYVEGRGWFWYIPLKNDTVSVGIVAEKDYLFSESKDPAKIMQREIERNAWIKEHLSMGEQFGEYFVTSEFSYRSKYCAADGLLLAGDAFAFLDPVFSSGVFLALKSGEMAADAVDAALTTGDFSGSQFVEYGETLCRGMENMRKLVYAFYDPNFSFGRMLKAYPEHRGLLTDSLIGHLFDPDFSQLYASMQEFVTLPEPLSHGRAPENAAA,Bacteria,Verrucomicrobia,Spartobacteria,Chthoniobacterales,Chthoniobacteraceae,Chthoniobacter,Chthoniobacter flavus,2,SN2: Phenol halogenases,0,Singleton or small SN,0
80,2-A05,128,UPI0002010A69,F0QUH0,MGNFDVIVVGAGTAGSYASYLLAKAGLNVALIEMKRRDKVFKTTGDAIGIHHIERMSIKPPSDVYAIKYEGAELYSPDLSIKYVVLGKGFGLDMAKWAQWLISEAEKAGVHIFDDHKVQGPIIENGAVSGVRVLKPDGSAEDFRAKVVIDASGVGAVVRSRLPREWWVSEPLLPEDVSNAYREIIQVDYEIEKPEYIKIYLDTNIAPGGYWWLFPKSSNTMNIGLGLWGKLSEENGLNPRHNYDKYLANSQYTRGRKVIHMGGGIVPTRRPLPSLVANGFLAAGDAAVTVNPVHGGGIGPALLSAELASKTVIDAFEKGDFTERGLWRYNIEYLRAYGIKQAMLDVFRLMLQTLTDDQLNKGLRARLLTEDEVLEISERGSLELSFIDKLKIGLRLMRVPDVASKLRLALRYMNEVKSLYEAYPESPSVLSSWYGKLASIYREYTGRLGITLKWLSNT,Archaea,Crenarchaeota,Thermoprotei,Thermoproteales,Thermoproteaceae,Vulcanisaeta,Vulcanisaeta moutnovskia,36,Singleton or small SN,119,Singleton or small SN,0
81,1-G04,129,UPI0001D9D354,A8P2G9,MGKAFKHFAHTKVLVIGGGPGGAYTASVLAREGIQVTLLEATKFPRYHIGESMLPSLKLFLRYIGAEEKVKQYGFCVKPGAAVKLNGRKREGYTDFLRHDPNNGSWNVTRAEFDEILLRHAAESGATVLEQHKVNTIEFVRDADGKPTSRPCAATLSHPSGDGRITFDYLIDASGRNGIMSTKYLHNRRMNSSLKNLACWGYWSGDLKMYKPGTGRENAPWFEALQDESGWAWFIPLTGKVSVGVVMDQEISIKKKAEGRAKNSNFTLKDHYLEQLELAPGVKDLLGNGTLTDEPVRSASDYSYSPDRFSGDHFRLVGDAGAFIDPFFSSGVHLAILSGLTAAITVSASMNGQCSEEMAADFFHIKASTAYTRFLIVVLSVYKQIRAQSLDVMSDVDEDNFDRAFDMLRPVIQGTADVGKKLTDDELQKTLDFCQHVFAAADNDIVDEVASRCQPELLSIAAPIFSAEQLNEMIDPNDADAAAVINRINSSKALASMYVGGPQLIESDPVNGFVATLEKGKLGLVRI,Eukaryota,Basidiomycota,Agaricomycetes,Agaricales,Psathyrellaceae,Coprinopsis,Coprinopsis cinerea (Inky cap fungus) (Hormographiella aspergillata),2,SN2: Phenol halogenases,4,"Lvl 2, SN4: Variant A phenol halogenases",1
82,2-A01,158,UPI00026221FB,I4FT50,MVATNTNEYDVVIMGAGFAGVCQARHLLLNVPNIKIALIDPRPEERTNKDLKIGESMVEIATLFVCKELGLYEYMIENHPPKYALNFHWAKDAYKTDTIDDYYHIWANRQFPLGTFQMNRAKFERDLLKMNKAMGATFYQGRVVDVDLTSKDELKTVIAKVENEQITLKAKPVIDAAGRKFIIGQKTDNLLFGADNLFGLDTGSVWVRVNNIDRTIFHDGYDPYGTTCSHYYATNHWFGHGHWLWMIPTEKDSQEISIGIAYHRSAIADYQINTKEKFYDFLKANHEILYRLVTSGENIDFHYLPRPAHTSKTMFSADNWYVIGDAACIFDPFYSLGSSMISYQIECTTEIIRSKLAGEAIGEKKQAAYNDFILTYTRFNNHLIKHHDQQLGDASIMSWRIYHDYIWWFGVQVPMYTGKWFLDLDFLARYTLGLKEHQTGYCEHLYQQFNEVIKQGKNLGFMDCYRGDQLWGDYHTLQHFDNFVENSKLEPKRSNVFASMKWTNFYTAIWYAKFLWKGFGWRGFLNGKNLYYLAEHFVHMLQAMIGEMFYKHFTKGIPDNSQIEQMRQEFTNYRYRPQLNSWLKEEVKRSPEKMPIGV,Bacteria,Cyanobacteria,0,Chroococcales,Microcystaceae,Microcystis,Microcystis aeruginosa,9,SN9: Phenol halogenases (ChlA),14,Singleton or small SN,0
83,3-D02,178,UPI00054992A9,A0A0A8RTB7,MRFPRPSCSSMPNRLESREFLMGDYDFDVGIIGGGPAGSTMASYLAKAGISCAVFEKELFEREHVGESLVPATTPVLLDIGVMDKIEKANFPRKFGAAWTSADSGPEDKMGFQGLDHDFRAAEILFNERQQEGVDRDFTFHVDRGKFDRILLEHAGSLGAKVFQGVEVADVDFVKPGDVRLNVKLGNQKVGIRTRMVVDASGRHVLLGRRLGLREKDPVFNQFAIHAWFDNFDRRSATRNPDKVDYIFIHFLPLTNTWVWQIPITETITSIGVVTQKQNYTKSGLSYDDFFWEAVKTRENLYDALKASEQVRPFKKEADYSYGMKEVCGDSFVLVGDAARFVDPIFSSGVSVALNSARIASKDIIAAVRNNDFGKASFAEYEGMIRNGIKNWYEFITLYYRLNILFTAFVQDPRYRLDVLQLLQGDVYSGERLKVLDKMHEIVATVESDPDHLWHKYLGDMQVPTAEPAF,Bacteria,Proteobacteria,Gammaproteobacteria,Pseudomonadales,Pseudomonadaceae,Pseudomonas,Pseudomonas aeruginosa,12,SN12: Variant B pyrrole halogenases,17,Singleton or small SN,0
84,3-A01,186,UPI0004E6E3F1,A0A086AVA9,MSKEFVDVLVIGAGPSGCVSSSYLKKNNVNVKVVEKTKFPRLVVGESLIPRVMDHFDEAGLFPALDKMGFEKKLGARFLRGDEVCIFDFSDKFGEGWDWTWQVPRADFDNTLAQEVINKGIDLEFETEVIDIQFNGTDSITTVKTKDGETKEIHSKFVIDSSGYGRVLPRLLDLEKPSKLSPHSAIFAHVEDSNREEGEEGTLISFDIIETEVWLWVIPFSNGNTSVGIVGPTEYIDKLSENGDTAEALRKAISLSDYYVKRFGGVDFLFEPRHLKDYSCSVKQLFGDGYALTGNASEFLDPVFSSGMAFATESGMLAAKLALRQLNGEKIDWQTEYTDYILYGVDVFTTYVKEWYTGNLQELFFHQPENPDVKKKICAVLAGYVWNKDNPFVKKHDTVIKNLANLIKLEKQQQQEQS,Bacteria,Bacteroidetes,Flavobacteriia,Flavobacteriales,Flavobacteriaceae,Chryseobacterium,Chryseobacterium sp. JM1,4,SN4: Not annotated,27,Singleton or small SN,1
85,2-B05,239,UPI00022BCE47,G4RMR6,MSLSYDVVVVGAGTAGAYTAYNLAKRGFRVALLESKSGDKVGVKTCGDALGKHHVDRMAKYLTPNPKILVNDIKGVELFSPDMRTKYVIPGEGYMLDRFNWGKWLVKEAINAGAEFYEGHTATVPILENGQVSGVKANDNRQGTHKEFRGRIVVDASGSVGVVRSRLPDTWPISERLHPEDVSHAYREVFYIDGSVENPQYIKIYLDQTISPGGYWWAFPYSSDFLNVGLGVWGTLKVNPNANYKRYLEPRYRIKNKVHMGGGFIPTRRPLKTLVWNGIVAVGDAAAAVNPLHGGGIGQALLTGELASKAIERAFSAGRYDAATLWSYNVDYMNEWGYRQAQLDVVRLMLQTLDNDDLNFGLSRKLLTEQDVLDISSRGVTLSVVDKLRLALQFVGRPGLLMKLYNAMSYAKRIGDLYLQYPQRPEELDRWYAKVVETYREYRDKIGLGPMPA,Archaea,Crenarchaeota,Thermoprotei,Thermoproteales,Thermoproteaceae,Thermoproteus,Thermoproteus tenax,36,Singleton or small SN,80,Singleton or small SN,0
86,1-F11,273,UPI0006F3247D,A0A0Q4Q3Y7,MSPSFVILGGGTAGWITAHLLERAWPDATITVVESPEIGTIGVGEGSTPSLKRFFEIIGAAEADWMPRCGATYKAGIRFVDWSPAAPWRDYRHPFTTQIDVHTEDAFILNCRNRRLGHDVPVRPDDFLLNGVLSAKGLAPVAPPNFPFRIEYGYHFDAGLLGQYLRELAVTRGVVHRPATVTTVRRAENGDIAALVTDREETIAGDIFVDCSGFNGLLIERTLGVPFHSFKDNLFNDAAVVVPTEMTGRPPVETVATALSNGWCWSIPLRHRVGNGYVYARDCQSPDAAETELRRTLGVSDAVPARHLTFRVGQVARHWERNCVAVGLSQGFIEPLEATALHLVLGTVEQFIRHYRDGGCTDRHRAAFNTVAAERMDGVRDYIVAHYKLNTRTDTDYWRANAANEALSDPLLHILDRWFRRGDIAEELARQGQRSHFGTLSWHCLLAGYGAFPPVSEARRDDMDFYAARRVGAFLEGCSRNFAPA,Bacteria,Proteobacteria,Alphaproteobacteria,Sphingomonadales,Sphingomonadaceae,Sphingomonas,Sphingomonas sp. Leaf67,1,SN1: Indole halogenases,9,"Lvl 2, SN9: 1-F11 subnetwork",1
87,2-C01,580,UPI0000224C25,Q6MN71,MSTLSEHIDNAFDLSYLNFPKCPPTDIKTIGILGGGTAGYLAALALKKYHPEVEVTVIESSKIPVIGVGESTTTEIVPFLHRGLEIDPAEFFREVEPTLKFGIRFDWGCPGDYKFNFSFFAGHQYESYYYENDIKNSNWPSVLMNENKIPVIRNKNGTLTSFLASIPFSYHIDNKNLIRFLNKEVKSRGIDILDAEVHEVKLDERGYVASLESKEGHSLSYDLYIDCSGFRSKILGQALKTEFTPFTDTLVTDRALTFDMPNKDVVDCYTSVITMNNGWCWKIPMRTEDHYGYVFSSKFCDEETALAEARARFGHFEKYKMVEFRSGRHTQAWVKNVFSLGNSYGFIEPLESTAIQTAVHSINVLCRLMPKTLDDQISITGINNEIAVTWDTFRWFVGMHYKFNKKLDTPFWKHCREKTNIGHAQTIVNLFNQRPPLSAGNFGSNSQFTATEALVFNSYSYDTLIFGQKEVYKPLAAPEMSKEEYFGKLKSYQELTSRSLSLFELFKGDHLFEDEILEQLFNDTDTWIMEADV,Bacteria,Proteobacteria,Oligoflexia,Bdellovibrionales,Bdellovibrionaceae,Bdellovibrio,Bdellovibrio bacteriovorus,17,SN17: MibH Subnetwork,159,Singleton or small SN,1
