Ester library,Compound chemical class,Log P (+/- SD),,Smiles code,Preparation or commercial source or preparation,Brand,Ester concentration [mg/ml],Mw [g/mol],concentration [mM],Reaction buffer,Reaction pH,Volume reaction [ml],Additives (solvents),Additives (pH indicator),Reaction T (ºC),Enzyme amount [mg],Reaction time (h),Shaking [rpm],Assay method,Substrate,EH1(72),EH2(71),EH3(69),CalB(68),EH4(67),EH5(67),EH6(66),EH7(64),EH8(63),EH9(61),EH10(58),EH11(53),EH12(51),EH13(49),EH14(48),EH15(42),EH16(42),EH17(39),EH18(38),EH19(37),EH20(37),EH21(36),CalA(36),EH22(35),EH23(34),EH24(34),EH25(33),EH26(32),EH27(32),EH28(31),EH29(31),EH30(30),EH31(29),EH32(29),EH33(29),EH34(29),EH35(29),EH36(28),EH37(28),EH38(28),EH39(28),EH40(27),EH41(27),EH42(27),EH43(27),EH44(25),EH45(24),EH46(23),EH47(23),EH48(23),EH49(23),EH50(22),EH51(22),EH52(21),EH53(21),EH54(21),EH55(21),EH56(21),EH57(21),EH58(21),EH59(21),EH60(21),EH61(20),EH62(20),EH63(20),EH64(20),EH65(20),EH66(19),EH67(18),EH68(18),EH69(18),EH70(18),EH71(18),EH72(18),EH73(17),EH74(17),EH75(16),EH76(16),EH77(16),EH78(15),EH79(14),EH80(14),EH81(14),EH82(14),EH83(14),EH84(13),EH85(13),EH86(13),EH87(13),EH88(13),EH89(13),EH90(13),EH91(13),EH92(12),EH93(12),EH94(12),EH95(11),EH96(11),EH97(11),EH98(11),EH99(11),EH100(11),EH101(11),EH102(10),EH103(10),EH104(10),EH105(10),EH106(9),EH107(9),EH108(9),EH109(9),EH110(8),EH111(8),EH112(8),EH113(8),EH114(8),EH115(8),EH116(7),EH117(6),EH118(6),EH119(6),EH120(5),EH121(5),EH122(5),EH123(4),EH124(4),EH125(4),EH126(4),EH127(4),EH128(4),EH129(3),EH130(2),EH131(2),EH132(2),EH133(2),EH134(2),EH135(2),EH136(2),EH137(2),EH138(2),EH139(2),EH140(1),EH141(1),EH142(1),EH143(1),EH144(1),EH145(1)
1-Napthyl acetate,Aromatic ester (two rings),2.79,0.2,CC(=O)OC1=CC=CC2=CC=CC=C21,http://www.sigmaaldrich.com/catalog/product/sigma/n8130?lang=es&region=ES,Sigma-Aldrich,1.14,181.15,6.27,5 mM N-(2-hydroxyethyl)piperazine-N’-(3-propanesulfonic acid (EPPS),8,44,4.5% Acetonitrile,0.45 mM Phenol Red,30ºC,0.4 mg,Kinetic measurement up to24 h,150 rpm,pH indicator assay (doi: 10.1128/AEM.00240-13),1-Napthyl acetate,865.94,83.97,92.2,10249.91,1.68,8855.73,243.64,15.89,157.91,82.74,0.12,21.32,16.28,162.43,119.48,0.1,23.98,283.01,47.05,0,35.12,75519.92,1321.86,169.77,917.22,43.62,300.05,37.4,77.84,47.39,260.22,11.07,125.91,30.57,376.69,0,18.21,311.41,129.86,119.88,14.62,12.98,199.93,116.11,343.16,45.6,37.26,20.79,196.19,76.33,0.87,159.72,5.51,76.06,5.83,5.52,17.48,17.17,277.02,0,0.15,51.27,9.75,17.37,187.86,7.69,5.73,20.25,25.09,42.01,99.48,16.18,27.25,189.15,470.45,19.71,73.23,1.83,19.5,195.57,9.05,88.92,17.12,8978.87,46.64,123.92,21.6,13.98,2.5,4403.68,5.67,10.55,243.86,7.28,38.14,15.97,47.84,2.14,191.44,3.76,86.37,64.39,3.5,3328.23,68.13,4.49,15.15,11.56,16.33,54.48,17.65,25.35,11.58,0,11,13.15,51.04,10.6,0,17.97,25.83,0.66,13.25,2.77,8.15,21.63,2.27,1.13,4.56,3.84,3.17,5.12,4.16,4.86,1.27,1.2,0,3.29,3.32,0,4.16,1.73,2.55,0.25,1.31,1.8,2.48
1-Naphthyl butyrate,Aromatic ester (two rings),3.85,0.2,CCCC(=O)OC1=CC=CC2=CC=CC=C21,http://www.sigmaaldrich.com/catalog/product/sigma/n9876?lang=es&region=ES,Sigma-Aldrich,1.14,209.2,5.43,5 mM N-(2-hydroxyethyl)piperazine-N’-(3-propanesulfonic acid (EPPS),8,44,4.5% Acetonitrile,0.45 mM Phenol Red,30ºC,0.4 mg,Kinetic measurement up to24 h,150 rpm,pH indicator assay (doi: 10.1128/AEM.00240-13),1-Naphthyl butyrate,614.23,58.57,91.99,2361.28,0.42,5223.53,13.12,5.61,9.03,93.15,0.19,1.3,14.79,24.36,123.58,0,13.38,66.26,15.14,0,0,13480.86,729.37,69.89,46.73,11,181.82,14.03,43.15,29.53,0,7.38,5.69,12.3,81.68,0,5.02,8.49,0.96,71.3,11.23,3.29,481.38,18.67,69.15,7.55,4.46,15,27.75,0.32,1.69,0,9.18,36,4.29,5.8,6.17,17.81,14.21,0,0,14.39,4.97,18.01,40.76,4.65,2.09,13.49,8.7,6.6,73.5,0.15,6.12,120.57,0.04,11.53,90.22,131.29,5.12,158.77,9.88,21.4,10.34,747.59,20.07,48.4,8.14,6.37,2.29,536.33,5.66,7.01,118.34,8.1,2.3,13,98.26,1.88,11.25,3.94,18.23,12.13,0.24,489.28,27.55,1.82,16.37,6.44,4.79,32.5,5.48,19.12,0.61,0,3.32,5.3,8.53,4.41,2.68,0,2.09,0.87,14.34,2.33,0,14.37,0,1.42,3.65,11.63,0,0,3.22,1.56,0,1.73,0,0,2.2,2.19,0,0,0,0,0,0,0
Glyceryl triacetate,Triglyceride,-0.24,0.26,CC(=O)OCC(COC(=O)C)OC(=O)C ,http://www.sigmaaldrich.com/catalog/product/sigma/t5376?lang=es&region=ES,Sigma-Aldrich,1.14,218.2,5.21,5 mM N-(2-hydroxyethyl)piperazine-N’-(3-propanesulfonic acid (EPPS),8,44,4.5% Acetonitrile,0.45 mM Phenol Red,30ºC,0.4 mg,Kinetic measurement up to24 h,150 rpm,pH indicator assay (doi: 10.1128/AEM.00240-13),Glyceryl triacetate,11787.98,96.75,91.09,11181.45,1.93,7171.64,325.26,23.08,2.48,117.96,0.03,25.61,13.25,177.07,134.63,4.19,991.93,110.29,49.66,0,16.7,157276.67,209.64,218.46,3276.37,20.41,100.74,0,67.16,10.34,1086,5.29,2.67,25.42,16.46,42.47,32.65,7.43,150.23,1.87,3.27,7.19,236.36,19.76,278.62,24.72,2.13,11.66,39.73,0.86,1.06,0,5.12,50.44,9.72,1095.56,0.92,14.78,27.03,2.9,2.23,8.81,4.33,6.38,10.12,0.03,0,6.81,4.23,48.31,113.76,18.93,2.3,3.07,677.95,8.13,10.58,10.87,18.13,3.07,0,10.49,0,788.32,18.03,7.32,9.76,3.23,0.85,227.37,0,2.34,115.1,0,56.67,4.23,1.33,0.45,9.63,0,6.22,50.99,0.23,594.38,34.62,0,45.59,0.6,0.19,0.25,0.64,30.37,0.53,227.47,0,0,2.51,0.68,0,0,0,1.4,83.18,0,0,0,0,0,0,0,0,0,0,0,0,0,0,0,0,0,0,0,0,0,0,0,0
Glyceryl tripropionate,Triglyceride,1.36,0.26, CCC(=O)OCC(COC(=O)CC)OC(=O)CC ,http://www.sigmaaldrich.com/catalog/product/aldrich/w328618?lang=es&region=ES,Sigma-Aldrich,1.14,260.28,4.37,5 mM N-(2-hydroxyethyl)piperazine-N’-(3-propanesulfonic acid (EPPS),8,44,4.5% Acetonitrile,0.45 mM Phenol Red,30ºC,0.4 mg,Kinetic measurement up to24 h,150 rpm,pH indicator assay (doi: 10.1128/AEM.00240-13),Glyceryl tripropionate,13023.71,97.88,98.37,19898.44,262.23,23520.14,338.55,80.46,163.14,108.12,1.34,120.02,20.61,259.37,127.79,16.3,749.78,295.75,295.16,8.24,26.57,963455.17,1285.96,665.47,4413.24,123.42,309.94,3.84,88.09,17.25,2938.44,23.08,152.44,242.56,256.94,50.08,8.22,264.81,294.49,7.79,6.91,79.23,423.7,89.76,12.83,95.5,22.85,15.77,118.91,2.58,9.92,8.55,20.03,119.11,80.4,1622.98,2.1,18.67,357.18,3.1,17.96,12.16,2.22,11.77,38.22,2.38,13.97,14.58,23.15,18.17,98.67,22.16,39.95,2.67,110.09,23.18,17.65,29.44,22.06,2.67,9.19,120.56,9.85,155.52,155.38,140.6,17.26,16,1.91,47.05,10.38,5.38,115.37,10.58,377.75,13.24,3.67,1.06,73.08,10.74,81.49,94.07,17.89,10.69,91.17,5.87,18.24,7.2,1.55,14.81,3.52,332.72,13.97,301.47,1.58,8.39,3.94,12.09,4.02,2.2,2.52,9.15,131.87,1.8,0,0,0,0,0,0,0,0,0,0,0,0,3.94,0.09,0,0,0,0,0,0,0,0,0
Glyceryl tributyrate,Triglyceride,2.95,0.26,CCCC(=O)OCC(COC(=O)CCC)OC(=O)CCC,http://www.sigmaaldrich.com/catalog/product/aldrich/w222305?lang=es&region=ES,Sigma-Aldrich,1.14,302.36,3.76,5 mM N-(2-hydroxyethyl)piperazine-N’-(3-propanesulfonic acid (EPPS),8,44,4.5% Acetonitrile,0.45 mM Phenol Red,30ºC,0.4 mg,Kinetic measurement up to24 h,150 rpm,pH indicator assay (doi: 10.1128/AEM.00240-13),Glyceryl tributyrate,2649.38,112.89,96.33,10936.77,2.12,10518.41,98.89,33.49,111.44,98.89,0.44,0.38,20.89,70.19,139.92,0,98.74,245.59,75.89,1.5,0.36,28699.69,1380.63,159.34,375.39,36.29,200.66,0,81,26.93,351.97,6.78,44.06,26.98,61.65,42.27,0.5,4.27,220.3,1.23,3.25,8.92,392.86,25.32,14.75,101.46,0.37,11.93,71.14,0.72,1.13,0,15.17,23,50.93,1492.5,0.08,2.54,52.85,3.49,0,0,1.29,0,41.48,0,5.21,8.5,0.11,4.09,110.29,0.06,42.3,1.96,0.3,1.85,27.56,20.77,3.38,1.96,0,14.81,21.36,0,58.98,28.2,8.5,25.46,0.57,103.62,4.4,0,102.79,0.67,18.26,0,1.54,0,19.39,0.96,14.74,28.09,0.84,0,67.29,6,0,0,2.64,20.15,0,99.79,2.16,283.15,0,9.85,0,19.84,0,0,0,1.11,0,0,0,0,0,0,0,1.05,0,0,0,0,0,0,0,0,0,0,0,0,0,0,0,0,0
Glyceryl trioctanoate,Triglyceride,9.33,0.26,CCCCCCCC(=O)OCC(COC(=O)CCCCCCC)OC(=O)CCCCCCC ,http://www.sigmaaldrich.com/catalog/product/sigma/t9126?lang=es&region=ES,Sigma-Aldrich,1.14,470.68,2.41,5 mM N-(2-hydroxyethyl)piperazine-N’-(3-propanesulfonic acid (EPPS),8,44,4.5% Acetonitrile,0.45 mM Phenol Red,30ºC,0.4 mg,Kinetic measurement up to24 h,150 rpm,pH indicator assay (doi: 10.1128/AEM.00240-13),Glyceryl trioctanoate,0,113.26,0,198.75,0.2,0,0,0,0.31,0,0,0,0,0,0,0,0,0,0,8.5,0,1487.75,777.97,0,0,0,0,0,0,0,0,0,0,0,19.25,0,0.03,0.76,0,0,0,0,141.34,0,0,0,0,0,0,0,0,0,0,0,0,0,0,0,0,1.88,0,0,0.71,0,0,0,0,0,0,0,0,0,0,1.49,0,0,0,15.39,0,0,0,0,0,0,0,0,0,0,1.83,0,0,0,0,0,0,0,0,0,0,0,0,0,0,0,0,0,0,0,0,0,0,0,0,0,0,0,0,0,0,0,0,0,0,0,0,0,0,0,0,0,0,0,0,0,0,0,0,0,0,0,0,0,0,0,0,0,0
Triolein,Triglyceride,23.71,0.28,CCCCCCCCC=CCCCCCCCC(=O)OCC(COC(=O)CCCCCCCC=CCCCCCCCC)OC(=O)CCCCCCCC=CCCCCCCCC,http://www.sigmaaldrich.com/catalog/product/sigma/t7140?lang=es&region=ES,Sigma-Aldrich,1.14,885.43,1.28,5 mM N-(2-hydroxyethyl)piperazine-N’-(3-propanesulfonic acid (EPPS),8,44,4.5% DMSO,0.45 mM Phenol Red,30ºC,0.4 mg,Kinetic measurement up to24 h,150 rpm,pH indicator assay (doi: 10.1128/AEM.00240-13),Triolein,0,0,0,6759.24,0,0,0,0,0,0,0,0,0,0,0,0,0,0,0,0,0,0,0,0,0,0,0,0,0,0,0,0,0,0,0,0,0,0,0,0,0,0,0,0,0,0,0,0,0,0,0,0,0,0,0,0,0,0,0,0,0,0,0,0,0,0,0,0,0,0,0,0,0,0,0,0,0,0,0,0,0,0,0,0,0,0,0,0,0,0,0,0,0,0,0,0,0,0,0,0,0,0,0,0,0,0,0,0,0,0,0,0,0,0,0,0,0,0,0,0,0,0,0,0,0,0,0,0,0,0,0,0,0,0,0,0,0,0,0,0,0,0,0,0,0,0,0
Hexyl acetate,Alkyl ester,2.83,0.21,CCCCCCOC(=O)C,http://www.sigmaaldrich.com/catalog/product/aldrich/108154?lang=es&region=ES,Sigma-Aldrich,1.14,144.21,7.88,5 mM N-(2-hydroxyethyl)piperazine-N’-(3-propanesulfonic acid (EPPS),8,44,4.5% Acetonitrile,0.45 mM Phenol Red,30ºC,0.4 mg,Kinetic measurement up to24 h,150 rpm,pH indicator assay (doi: 10.1128/AEM.00240-13),Hexyl acetate,5489.63,113.26,44.37,7885.68,0.21,1110.05,314.55,6.49,6.48,46.97,0.76,0.99,36.77,96.67,133.41,0,407.7,19.72,36.57,0,0,1838.51,0,0,411,0,221.95,0,0,0,0,0,0,0,0,0,0,0,0,0,5.18,0,0,0,9.69,0,0,0,0,1.12,0,0,0,54.37,0,1744.82,20.54,0,0,0,0,0,0,0,0,0,0,0,3.17,0,0,0.49,0,0,0,0,0,0,0,0,0,0,0,0,0,0,0,0,0,0,0,0,0,0,0,0,0,0,0,0,0,0,0,0,0,0,0,0,0,0,0,0,0,0,0,0,0,0,0,0,0,0,0,0,0,0,0,0,0,0,0,0,0,0,0,0,0,0,0,0,0,0,0,0,0,0,0
Octyl acetate,Alkyl ester,3.9,0.21,CCCCCCCCOC(=O)C,http://www.sigmaaldrich.com/catalog/product/aldrich/o5500?lang=es&region=ES,Sigma-Aldrich,1.14,172.26,6.6,5 mM N-(2-hydroxyethyl)piperazine-N’-(3-propanesulfonic acid (EPPS),8,44,4.5% Acetonitrile,0.45 mM Phenol Red,30ºC,0.4 mg,Kinetic measurement up to24 h,150 rpm,pH indicator assay (doi: 10.1128/AEM.00240-13),Octyl acetate,675.49,101.87,95.63,10600.71,0.04,5152.17,48.45,0,4.74,96.33,0.04,0.18,126.98,90.43,130.19,0,401.41,96.57,81.82,0,0,5314.87,0,0,415.25,0,39.05,0,0,0,0,0,0,0,0,0,0,0,0,0,2.11,0,0,0,0,0,0,2.85,0,3.53,0,0,0,42.98,0,0,0,2.72,0,0,0,0,0,0,0,0,0,0,6.11,3.5,0,0.19,0,0,0,0,0,0,0,0,0,0,0,0,0,0,0,0,0,0,0,0,0,0,0,0,0,0,0,0,0,0,0,0,0,0,0,0,0,0,0,0,0,0,0,0,0,0,0,0,0,0,0,0,0,0,0,0,0,0,0,0,0,0,0,0,0,0,0,0,0,0,0,0,0,0,0
Dodecanoyl acetate,Alkyl ester,6.02,0.21,CCCCCCCCCCCCOC(=O)C,http://www.sigmaaldrich.com/catalog/product/aldrich/d221953?lang=es&region=ES,Sigma-Aldrich,1.14,228.37,4.98,5 mM N-(2-hydroxyethyl)piperazine-N’-(3-propanesulfonic acid (EPPS),8,44,4.5% Acetonitrile,0.45 mM Phenol Red,30ºC,0.4 mg,Kinetic measurement up to24 h,150 rpm,pH indicator assay (doi: 10.1128/AEM.00240-13),Dodecanoyl acetate,0,10.84,14.56,635.18,0.06,59.26,0,0,0.17,18.01,0,0,0,0,6.71,0,0,0,0,0,0,1738.18,0,0,18.47,0,0,0,0,0,0,0,0,0,0,0,0,0,0,0,0,0,0,0,0,0,0,0,0,0,0,0,0,0,0,0,0,0,0,0,0,0,0,0,0,0,0,0,0,0,0,0,0,0,0,0,0,0,0,0,0,0,0,0,0,0,0,0,0,0,0,0,0,0,0,0,0,0,0,0,0,0,0,0,0,0,0,0,0,0,0,0,0,0,0,0,0,0,0,0,0,0,0,0,0,0,0,0,0,0,0,0,0,0,0,0,0,0,0,0,0,0,0,0,0,0,0
Pentadecyl acetate ,Alkyl ester,7.62,0.21,CCCCCCCCCCCCCCCOC(=O)C ,http://www.sigmaaldrich.com/catalog/product/sigma/p0385?lang=es&region=ES,Sigma-Aldrich,1.14,270.45,4.2,5 mM N-(2-hydroxyethyl)piperazine-N’-(3-propanesulfonic acid (EPPS),8,44,4.5% Acetonitrile,0.45 mM Phenol Red,30ºC,0.4 mg,Kinetic measurement up to24 h,150 rpm,pH indicator assay (doi: 10.1128/AEM.00240-13),Pentadecyl acetate ,0,5.07,0,58.78,0.13,3.27,0,0,0,0,0,0,0,0,0,0,0,0,0,0,0,0,0,0,0,0,0,0,0,0,0,0,0,0,0,0,0,0,0,0,0,0,0,0,0,0,0,0,0,0,0,0,0,0,0,0,0,0,0,0,0,0,0,0,0,0,0,0,0,0,0,0,0,0,0,0,0,0,0,0,0,0,0,0,0,0,0,0,0,0,0,0,0,0,0,0,0,0,0,0,0,0,0,0,0,0,0,0,0,0,0,0,0,0,0,0,0,0,0,0,0,0,0,0,0,0,0,0,0,0,0,0,0,0,0,0,0,0,0,0,0,0,0,0,0,0,0
Ethyl acetate,Alkyl ester,0.71,0.2,CCOC(=O)C ,http://www.sigmaaldrich.com/catalog/product/sial/270989?lang=es&region=ES,Sigma-Aldrich,1.14,88.11,12.9,5 mM N-(2-hydroxyethyl)piperazine-N’-(3-propanesulfonic acid (EPPS),8,44,4.5% Acetonitrile,0.45 mM Phenol Red,30ºC,0.4 mg,Kinetic measurement up to24 h,150 rpm,pH indicator assay (doi: 10.1128/AEM.00240-13),Ethyl acetate,0,0,0,3.07,1.18,66.35,92.91,0,0,0,0.01,0,0.9,0,0,0,0,0,0,0,0.25,0,0,0,36.79,0,0,0,0,0,198.2,0,0,0,0,0,0,0,0,0,0,0,0,0,0,0,0,0,0,0,0,0,0,0,0,0,0,0,0,0,0,0,0,0,0,0,0,0,0,0,0,0,0,0,0,0,0,0,0,0,0,0,0,0,0,0,0,0,0,0,0,0,0,0,0,0,0,0,0,0,0,0,0,0,0,0,0,0,0,0,0,0,0,0,0,0,0,0,0,0,0,0,0,0,0,0,0,0,0,0,0,0,0,0,0,0,0,0,0,0,0,0,0,0,0,0,0
Ethyl propionate,Alkyl ester,1.24,0.21,CCC(=O)OCC ,http://www.sigmaaldrich.com/catalog/product/aldrich/112305?lang=es&region=ES,Sigma-Aldrich,1.14,102.13,11.13,5 mM N-(2-hydroxyethyl)piperazine-N’-(3-propanesulfonic acid (EPPS),8,44,4.5% Acetonitrile,0.45 mM Phenol Red,30ºC,0.4 mg,Kinetic measurement up to24 h,150 rpm,pH indicator assay (doi: 10.1128/AEM.00240-13),Ethyl propionate,4532.1,10.04,12.28,4669.5,125.77,643.25,198.22,9.16,57.55,15.2,0.08,0.59,105.83,74.03,3.83,0.89,581.43,62.1,0,0.17,1.09,0,0,134.79,44.29,0,0,0,0,0,684.39,0,0,19,0,0,0,0,176.86,0,0.06,3.23,0,0,9.53,0,0,0,0,0,0,0,0,0,0,0,0,0,0,0,0,0,0,0,0,0,0,0,0,0,0,0,0,0,0,0,0,0,0,0,0,0,0,0,0,0,0,0,0,0,0,0,0,0,0,0,0,0,0,0,0,0,0,0,0,0,0,0,0,0,0,0,0,0,0,0,0,0,0,0,0,0,0,0,0,0,0,0,0,0,0,0,0,0,0,0,0,0,0,0,0,0,0,0,0,0,0
Ethyl butyrate,Alkyl ester,1.77,0.21,CCCC(=O)OCC,http://www.sigmaaldrich.com/catalog/product/aldrich/e15701?lang=es&region=ES,Sigma-Aldrich,1.14,116.16,9.78,5 mM N-(2-hydroxyethyl)piperazine-N’-(3-propanesulfonic acid (EPPS),8,44,4.5% Acetonitrile,0.45 mM Phenol Red,30ºC,0.4 mg,Kinetic measurement up to24 h,150 rpm,pH indicator assay (doi: 10.1128/AEM.00240-13),Ethyl butyrate,6156.02,3.58,21.43,489.35,170.75,1047.31,53.92,10.33,88.04,17.35,0.06,0.73,94.14,2.81,6.41,10.75,134.13,41.57,0,0,2.54,0,0,133.02,0,0,0,0,0,9.16,323.91,0,0,29.5,0,0,0.49,0,201.79,0,0.07,4.14,0,4.37,0,0,0,0,0,0,0,0,0,0,0,593.34,11.78,0,0,3.39,0,0,0,0,0,0,0,0,0,0,0,0,0,0,0,0,0,0,0,0,0,0,0,0,0,0,0,0,0,198.77,0,0,0,0,0,0,0,0,0,0,0,0,0,0,0,0,0,0,0,0,0,0,0,0,0,0,0,0,0,0,0,0,0,0,0,0,0,0,0,0,0,0,0,0,0,0,0,0,0,0,0,0,0,0,0,0,0
Ethyl hexanoate,Alkyl ester,2.83,0.21,CCCCCC(=O)OCC,http://www.sigmaaldrich.com/catalog/product/aldrich/148962?lang=es&region=ES,Sigma-Aldrich,1.14,144.21,7.88,5 mM N-(2-hydroxyethyl)piperazine-N’-(3-propanesulfonic acid (EPPS),8,44,4.5% Acetonitrile,0.45 mM Phenol Red,30ºC,0.4 mg,Kinetic measurement up to24 h,150 rpm,pH indicator assay (doi: 10.1128/AEM.00240-13),Ethyl hexanoate,2947,58.76,42.95,55078.88,0,2197.88,48.45,7.7,61.65,5.1,0.05,1.67,3.15,0,8.75,0,113.53,57.94,19.56,0,0,4398.32,484.41,0,0,24.67,0,0,42.94,5.76,0,0,0,0,0,0,0.9,0,1.79,0,0,0,0,0,0,0,0,0,0,0,0,0,0,0,0,653.06,0,0,0,7.44,0,0.15,0,0,0,0,0,0,0,0,0,0,0,0.62,0,0,0,0,0,2.58,0,0,0,0,0,0,0,0,0,0,0,0,0,0,0,0,0,0,0,0,0,0,0,0,0,0,0,0,0,0,0,0,0,0,0,0,0,0,0,0,0,0,0,0,0,0,0,0,0,0,0,0,0,0,0,0,0,0,0,0,0,0,0,0,0,0,0
Ethyl octanoate,Alkyl ester,3.9,0.21,CCCCCCCC(=O)OCC,http://www.sigmaaldrich.com/catalog/product/aldrich/112321?lang=es&region=ES,Sigma-Aldrich,1.14,172.26,6.6,5 mM N-(2-hydroxyethyl)piperazine-N’-(3-propanesulfonic acid (EPPS),8,44,4.5% Acetonitrile,0.45 mM Phenol Red,30ºC,0.4 mg,Kinetic measurement up to24 h,150 rpm,pH indicator assay (doi: 10.1128/AEM.00240-13),Ethyl octanoate,642.33,54.16,79.39,10075.98,0.04,75.92,8.71,15.51,86.14,1.71,0.01,0.81,0,0,54,0,0,0,11.63,0,0,4984.04,771.97,0,0,16.03,9.63,14.83,28.89,2.6,0,0,0,0,0,0,0,0,3.92,5.98,0,0,0,0,0,0,0,0,0,0,0,0,0,0,0,0,0,2.03,0,3.5,0,5.08,0,0,0,1.36,0,0,2.71,0,0,0,0,6.74,0,0,0,0,0,5.74,0,0,0,0,12.25,0,0,0,0,0,0,0,0,0,0,0,0,0,0,0,0,0,0,0,0,0,0,0,0,0,0,0,0,0,0,0,0,0,0,0,0,0,0,0,0,0,0,0,0,0,0,0,0,0,0,0,0,0,0,0,0,0,0,0,0,0,0
Ethyl decanoate,Alkyl ester,4.96,0.21,CCCCCCCCCC(=O)OCC ,http://www.sigmaaldrich.com/catalog/product/aldrich/148970?lang=es&region=ES,Sigma-Aldrich,1.14,200.32,5.67,5 mM N-(2-hydroxyethyl)piperazine-N’-(3-propanesulfonic acid (EPPS),8,44,4.5% Acetonitrile,0.45 mM Phenol Red,30ºC,0.4 mg,Kinetic measurement up to24 h,150 rpm,pH indicator assay (doi: 10.1128/AEM.00240-13),Ethyl decanoate,20.42,6.66,0,1.95,0.06,0,1.49,0.82,0.18,0,0,0.01,0,0,23.69,0.47,0,0,0,0,0,0,0,0,0,0,0,0,0,0,0,0,0,0,0,0,0,0,0,0,0,0,0,0,0,0,0,0,0,0,0,0,0,0,0,0,0,0,0,0.73,0,0,0,0,0,0,0,0,0,0,0,0,0,0.32,0,0,0,0,0,0,0,0,0,0,0,0,0,0,0,0,0,0,0,0,0,0,0,0,0,0,0,0,0,0,0,0,0,0,0,0,0,0,0,0,0,0,0,0,0,0,0,0,0,0,0,0,0,0,0,0,0,0,0,0,0,0,0,0,0,0,0,0,0,0,0,0,0
Ethyl dodecanoate,Alkyl ester,6.02,0.21,CCCCCCCCCCCC(=O)OCC,http://www.sigmaaldrich.com/catalog/product/aldrich/61630?lang=es&region=ES,Sigma-Aldrich,1.14,228.37,4.98,5 mM N-(2-hydroxyethyl)piperazine-N’-(3-propanesulfonic acid (EPPS),8,44,4.5% Acetonitrile,0.45 mM Phenol Red,30ºC,0.4 mg,Kinetic measurement up to24 h,150 rpm,pH indicator assay (doi: 10.1128/AEM.00240-13),Ethyl dodecanoate,0,0,0,9.96,0.01,0,0,0,0,0,0,0,0,0,0,0,0,0,0,17.43,0,0,0,0,0,0,0,0,0,0,0,0,0,0,0,0,0,0,0,0,0,0,0,0,0,0,0,0,0,0,0,0,0,0,0,0,0,0,0,0,0,0,0,0,0,0,0,0,0,0,0,0,0,0,0,0,0,0,0,0,0,0,0,0,0,0,0,0,0,0,0,0,0,0,0,0,0,0,0,0,0,0,0,0,0,0,0,0,0,0,0,0,0,0,0,0,0,0,0,0,0,0,0,0,0,0,0,0,0,0,0,0,0,0,0,0,0,0,0,0,0,0,0,0,0,0,0
Ethyl myristate,Alkyl ester,7.08,0.21,CCCCCCCCCCCCCC(=O)OCC ,http://www.sigmaaldrich.com/catalog/product/aldrich/70090?lang=es&region=ES,Sigma-Aldrich,1.14,256.42,4.43,5 mM N-(2-hydroxyethyl)piperazine-N’-(3-propanesulfonic acid (EPPS),8,44,4.5% Acetonitrile,0.45 mM Phenol Red,30ºC,0.4 mg,Kinetic measurement up to24 h,150 rpm,pH indicator assay (doi: 10.1128/AEM.00240-13),Ethyl myristate,0,0,0,0,0,0,0,0,0,0,0,0,0,0,0,0,0,0,0,0,0,0,0,0,0,0,0,0,0,0,0,0,0,0,0,0,0,0,0,0,0,0,0,0,0,0,0,0,0,0,0,0,0,0,0,0,0,0,0,0,0,0,0,0,0,0,0,0,0,0,0,0,0,0,0,0,0,0,0,0,0,0,0,0,0,0,0,0,0,0,0,0,0,0,0,0,0,0,0,0,0,0,0,0,0,0,0,0,0,0,0,0,0,0,0,0,0,0,0,0,0,0,0,0,0,0,0,0,0,0,0,0,0,0,0,0,0,0,0,0,0,0,0,0,0,0,0
Ethyl benzoate,Aromatic ester (one ring),2.73,0.2,CCOC(=O)C1=CC=CC=C1 ,http://www.sigmaaldrich.com/catalog/product/aldrich/e12907?lang=es&region=ES,Sigma-Aldrich,1.14,150.17,7.57,5 mM N-(2-hydroxyethyl)piperazine-N’-(3-propanesulfonic acid (EPPS),8,44,4.5% Acetonitrile,0.45 mM Phenol Red,30ºC,0.4 mg,Kinetic measurement up to24 h,150 rpm,pH indicator assay (doi: 10.1128/AEM.00240-13),Ethyl benzoate,573.39,104,104.33,301.08,0.36,1070.66,12.51,0,5.38,64.5,0.01,0,5.87,0.09,0,0,11.64,0,0,0,0,4021.4,0,0,0,0,0,6.38,0,0,0,0,0,0,0,0,0.14,0,0,0,0,0,0,0,0,0,0,0,0,0,1.51,0,0,0,0,539.61,0,0,0,0,0,0,0,4.31,0,0,0,0,0,0,0,0,0,0,0,0,0,0,0,0,0,0,0,0,0,0,0,0,0,0,0,0,0,0,0,0,0,0,0,0,0,0,0,0,0,0,0,0,0,0,0,0,0,0,0,0,0,0,0,0,0,0,0,0,0,0,0,0,0,0,0,0,0,0,0,0,0,0,0,0,0,0,0,0,0,0,0
(1R)-(-)-Menthyl acetate,Aromatic ester (one ring - chiral),4.1,0.22,C[C@@H]1CCC(C(C1)OC(=O)C)C(C)C,http://www.sigmaaldrich.com/catalog/product/aldrich/441058?lang=es&region=ES,Sigma-Aldrich,1.14,198.3,5.73,5 mM N-(2-hydroxyethyl)piperazine-N’-(3-propanesulfonic acid (EPPS),8,44,4.5% Acetonitrile,0.45 mM Phenol Red,30ºC,0.4 mg,Kinetic measurement up to24 h,150 rpm,pH indicator assay (doi: 10.1128/AEM.00240-13),(1R)-(-)-Menthyl acetate,37.81,0,82.41,0,0,284.48,14.65,0,0,33.29,0.01,0,0.66,27.7,0,0,0,0,6.13,9.77,0,0,0,0,363.91,0,29.29,0,0,0,0,0,0,0,0,0,0.71,0,0,0,1.01,0,0,52.33,0,0,0,0,0,0,0,0,0,4.41,0,0,0,0,0,1.07,0,0,0,0,0,0,0,0,0,0,0,0,0,0.94,0,0,0,0,0,0.94,0,0,0,0,0,0,0,0,0,0,0,0,0,0,0,0,0,0,0,0,0,0,0,0,0,0,0,0,0,0,0,0,0,0,0,0,0,0,0,0,0,0,0,0,0,0,0,0,0,0,0,0,0,0,0,0,0,0,0,0,0,0,0,0,0,0,0
(1S)-(+)-Menthyl acetate,Aromatic ester (one ring - chiral),4.1,0.22,C[C@H]1CCC(C(C1)OC(=O)C)C(C)C,http://www.sigmaaldrich.com/catalog/product/aldrich/441031?lang=es&region=ES,Sigma-Aldrich,1.14,198.3,5.73,5 mM N-(2-hydroxyethyl)piperazine-N’-(3-propanesulfonic acid (EPPS),8,44,4.5% Acetonitrile,0.45 mM Phenol Red,30ºC,0.4 mg,Kinetic measurement up to24 h,150 rpm,pH indicator assay (doi: 10.1128/AEM.00240-13),(1S)-(+)-Menthyl acetate,6.66,0,67.74,0,0,55.3,3.27,0,0,15.83,0,0,0.03,11.41,0,0,0,0,1.71,5.7,0,0,0,0,228.23,0,0,0,0,0,0,0,0,0,0,0,0.86,0,0,0,0.15,0,0,0,0,0,0,0,0,0,0,0,0,2.91,0,0,0,0,0,1.4,0,0,0,0,0,0,0,0,0,0,0,0,0,0,0,0,0,0,0,0,0,0,0,0,0,0,0,0,0,0,0,0,0,0,0,0,0,0,0,0,0,0,0,0,0,0,0,0,0,0,0,0,0,0,0,0,0,0,0,0,0,0,0,0,0,0,0,0,0,0,0,0,0,0,0,0,0,0,0,0,0,0,0,0,0,0,0
N-Benzyl-L-proline ethyl ester,Aromatic ester (two rings - chiral),2.35,0.38,CCOC(=O)[C@@H]1CCCN1CC2=CC=CC=C2,http://www.sigmaaldrich.com/catalog/product/aldrich/369292?lang=es&region=ES,Sigma-Aldrich,1.14,233.31,4.87,5 mM N-(2-hydroxyethyl)piperazine-N’-(3-propanesulfonic acid (EPPS),8,44,4.5% Acetonitrile,0.45 mM Phenol Red,30ºC,0.4 mg,Kinetic measurement up to24 h,150 rpm,pH indicator assay (doi: 10.1128/AEM.00240-13),N-Benzyl-L-proline ethyl ester,0,0,0,0,0,0,0,0,0,0,0,0,0,0,0,0,0,0,0,0,0,0,0,0,0,0,0,0,0,0,0,0,0,0,0,0,0.03,0,0,0,0,0,0,0,0,0,0,0,0,0,0,0,0,0,0,0,0,0,0,0,0,0,0,0,0,0,0,0,0,0,0,0,0,0,0,0,0,0,0,0,0,0,0,0,0,0,0,0,0,0,0,0,0,0,0,0,0,0,0,0,0,0,0,0,0,0,0,0,0,0,0,0,0,0,0,0,0,0,0,0,0,0,0,0,0,0,0,0,0,0,0,0,0,0,0,0,0,0,0,0,0,0,0,0,0,0,0
N-Benzyl-D-proline ethyl ester,Aromatic ester (two rings - chiral),2.35,0.38,CCOC(=O)[C@H]1CCCN1CC2=CC=CC=C2,http://www.scbt.com/es/datasheet-255335-n-benzyl-d-proline-ethyl-ester.html,Santa Cruz Biotechnology,1.14,233.31,4.87,5 mM N-(2-hydroxyethyl)piperazine-N’-(3-propanesulfonic acid (EPPS),8,44,4.5% Acetonitrile,0.45 mM Phenol Red,30ºC,0.4 mg,Kinetic measurement up to24 h,150 rpm,pH indicator assay (doi: 10.1128/AEM.00240-13),N-Benzyl-D-proline ethyl ester,0,0,0,0,0,0,0,0,0,0,0,0,0,0,0,0,0,0,0,0,0,0,0,0,0,0,0,0,0,0,0,0,0,0,0,0,0,0,0,0,0,0,0,0,0,0,0,0,0,0,0,0,0,0,0,0,0,0,0,0,0,0,0,0,0,0,0,0,0,0,0,0,0,0,0,0,0,0,0,0,0,0,0,0,0,0,0,0,0,0,0,0,0,0,0,0,0,0,0,0,0,0,0,0,0,0,0,0,0,0,0,0,0,0,0,0,0,0,0,0,0,0,0,0,0,0,0,0,0,0,0,0,0,0,0,0,0,0,0,0,0,0,0,0,0,0,0
Methyl (R)-(-)-mandelate,Aromatic ester (one ring - chiral),0.9,0.27,COC(=O)[C@@H](C1=CC=CC=C1)O,http://www.sigmaaldrich.com/catalog/product/aldrich/251550?lang=es&region=ES,Sigma-Aldrich,1.14,166.17,6.84,5 mM N-(2-hydroxyethyl)piperazine-N’-(3-propanesulfonic acid (EPPS),8,44,4.5% Acetonitrile,0.45 mM Phenol Red,30ºC,0.4 mg,Kinetic measurement up to24 h,150 rpm,pH indicator assay (doi: 10.1128/AEM.00240-13),Methyl (R)-(-)-mandelate,19.62,0,79.88,3319.35,0.2,3.12,0.05,0,9.05,18.34,0,0.02,0,0,0,0,0,11.66,1.52,3668.25,0,2421.52,53.02,0,0,0.95,7.5,8.88,0,5.55,0,76.14,0,0,46.64,650.08,0.05,1.33,1.96,18.88,0,10.87,22.25,14,0,5.24,0,2.21,0,3.71,1.1,20.44,1.67,0,0,0,1.08,2,0,0.66,5.39,1.65,1,3.75,6.63,0.55,2.93,13.8,2.21,1.4,0,0,0,0,0,0,5.68,7.36,0,0,2.23,6.48,0.67,0,2.79,0,9.58,0,0.72,0,0,0.22,105.9,12.72,0,1.2,0,3.74,0,13.34,0.39,0,6.33,0,0,0,0,0,0,0,0.31,0,0,0,0,1.31,0,0,0,0,0,0,0,0,0,0,0,0,0,0,0,0,0,0,0,0,0,0,0,0,0,0,0,0,0,0,0
Methyl (S)-(+)-mandelate,Aromatic ester (one ring - chiral),0.9,0.27,COC(=O)[C@H](C1=CC=CC=C1)O,http://www.sigmaaldrich.com/catalog/product/aldrich/251542?lang=es&region=ES,Sigma-Aldrich,1.14,166.17,6.84,5 mM N-(2-hydroxyethyl)piperazine-N’-(3-propanesulfonic acid (EPPS),8,44,4.5% Acetonitrile,0.45 mM Phenol Red,30ºC,0.4 mg,Kinetic measurement up to24 h,150 rpm,pH indicator assay (doi: 10.1128/AEM.00240-13),Methyl (S)-(+)-mandelate,114.44,12.75,103.04,1378.05,0.05,6.53,1.18,1.27,6.84,109.76,0,0.11,0,0,0,0,0,28.01,6.71,1717.22,0,3714.98,1361.3,0,0,11.77,6.46,48.49,0,9.4,0,752.11,0,0,7.26,1207.8,0.08,2.51,1.38,0.99,0,5.3,12.66,26.85,0,38.96,0,3.58,0,0.29,8.22,11.35,1.24,0,0,0,4.57,4.25,0,0.53,13.03,4.06,3.26,7.1,23.23,2.68,3.01,10.43,5.07,5.21,0,0,6.83,0,0,0,9.62,6.26,0,0,5.64,4.91,4.38,0,2.17,0,69.15,0,0.2,0,0,4.67,104.55,8.63,0,2.99,0,2.18,0,10.69,4.82,0,1.92,0,0,0,0,0,0,0,5.04,0,0,0,0,2.9,0,0,0,0,0,0,0,0,0,0,0,0,0,0,0,0,0,0,0,0,0,0,0,0,2.2,0,0,0,0,0,0
Ethyl (R)-(+)-4-chloro-3-hydroxybutyrate [E(R)CHB],Alkyl ester (chiral hydroxy-halogenated),0.33,0.26,CCOC(=O)C[C@H](CCl)O,http://www.sigmaaldrich.com/catalog/product/aldrich/460516?lang=es&region=ES,Sigma-Aldrich,1.14,166.6,6.82,5 mM N-(2-hydroxyethyl)piperazine-N’-(3-propanesulfonic acid (EPPS),8,44,4.5% Acetonitrile,0.45 mM Phenol Red,30ºC,0.4 mg,Kinetic measurement up to24 h,150 rpm,pH indicator assay (doi: 10.1128/AEM.00240-13),[E(R)CHB,1057.81,94.73,94,2942.02,1.14,144.79,12.36,4.66,2.99,6.05,0.01,10.35,6.08,0.27,4.88,0.26,10.71,22.49,7.19,153.75,0.09,7548.69,827.59,54.34,0,26.92,10.08,17.34,49.66,13.36,149.32,0.39,0.71,8.25,3.52,0.83,0,4.57,72.72,1.32,0,1.07,0,0,12.84,0,0.52,0,3.68,0,0,11.93,0.46,0,0,0,1.16,0,0,0,0.52,0,0,0,0,0,2.84,8.1,0,0,39.36,0,0,0,0.08,19.05,0,0,0,0,0,1.83,0,0,0,0,4.11,0,0,0,0,0,0,1.96,0,0,0,0.8,0,3.03,0,0,0.78,0,0,0,3.82,0,0,0,0,0,0,0,0,0,0,0,0,0,0,0,0,0,0,0,0,0,0,0,0,0,0,0,0,0,0,0,0,0,0,0,0,0,0,0,0
Ethyl (S)-(−)-4-chloro-3-hydroxybutyrate [E(S)CHB],Alkyl ester (chiral hydroxy-halogenated),0.33,0.26,CCOC(=O)C[C@@H](CCl)O,http://www.sigmaaldrich.com/catalog/product/aldrich/460524?lang=es&region=ES,Sigma-Aldrich,1.14,166.6,6.82,5 mM N-(2-hydroxyethyl)piperazine-N’-(3-propanesulfonic acid (EPPS),8,44,4.5% Acetonitrile,0.45 mM Phenol Red,30ºC,0.4 mg,Kinetic measurement up to24 h,150 rpm,pH indicator assay (doi: 10.1128/AEM.00240-13),E(S)CHB,6141.46,99.25,95.55,68450.63,1.39,1169.63,78.86,2.58,108.56,20.67,0,2.71,14.56,0.77,1.86,0.36,27.28,12.72,8.92,169.6,0.05,212.54,1423.24,100.38,0,28.14,9.81,13.35,58.55,26.2,121.01,0.82,9.29,4.31,2.61,14.94,0,1.36,190.19,1.02,0,2.51,0,0,5.65,0,1.19,0,0,0,0,14.42,1.24,0,0,0,0,0,0,0,1.31,0,0,0,0,0,2.46,10.26,0,0,69.17,0,0,0,0.02,7.45,0,0,0,0,0,4.91,0,0,0,0,7.82,0,0,0,0,0,0,10.71,0,0,0.48,1.51,0,11.64,0,0,1.88,0,0,0,7.94,0,0,0,0,0,0,0,0,0,0,0,0,0,0,0,0,0,0,0,0,0,0,0,0,0,0,0,0,0,0,0,0,0,0,0,0,0,0,0,0
(+)-Ethyl D-Lactate,Alkyl ester (chiral hydroxylated),-0.19,0.25,CCOC(=O)[C@@H](C)O,http://www.sigmaaldrich.com/catalog/product/aldrich/69796?lang=es&region=ES,Sigma-Aldrich,1.14,118.13,9.62,5 mM N-(2-hydroxyethyl)piperazine-N’-(3-propanesulfonic acid (EPPS),8,44,4.5% Acetonitrile,0.45 mM Phenol Red,30ºC,0.4 mg,Kinetic measurement up to24 h,150 rpm,pH indicator assay (doi: 10.1128/AEM.00240-13),(+)-Ethyl D-Lactate,751.91,108.3,93.51,10311.81,12.42,767.15,234.5,4.2,7.94,69.46,0.03,0.16,9.98,13.38,5.32,0,81.62,0.77,7.01,56.18,0.15,0,0,2.25,16.44,22.95,0,9.49,58.24,0,12.1,1.01,0.28,27.99,3.57,3.34,0,0.15,0.17,0,0,4.97,11.85,0,0,12.88,1.71,0,0,6.33,1,0,0.27,0,60.11,0,0,0,0,0,0.28,0,0,0,0,0,0,0,0,0,0,0,0,0,0.05,0,0,0,0,0,0,0,0,0,0,0,0,0,0,0,31.87,0,0,0,0,0,0,0,0,0,0,0,0,0,0,0,0,0,0,0,0,0,0,0,0,0,0,0,0,0,0,0,0,0,0,0,0,0,0,0,0,0,0,0,0,0,0,0,0,0,0,0,0,0,0,0,0
(−)-Ethyl L-lactate,Alkyl ester (chiral hydroxylated),-0.19,0.25,CCOC(=O)[C@H](C)O,http://www.sigmaaldrich.com/catalog/product/aldrich/e34102?lang=es&region=ES&gclid=CK_k3ruohMMCFY_MtAod1VIAKQ,Sigma-Aldrich,1.14,118.13,9.62,5 mM N-(2-hydroxyethyl)piperazine-N’-(3-propanesulfonic acid (EPPS),8,44,4.5% Acetonitrile,0.45 mM Phenol Red,30ºC,0.4 mg,Kinetic measurement up to24 h,150 rpm,pH indicator assay (doi: 10.1128/AEM.00240-13),(−)-Ethyl L-lactate,759.19,95.76,91.24,11110.7,2.04,694.42,106.03,7.73,12.53,60.08,0.05,0.24,31.56,23.91,13.63,0,65,12.31,6.39,103.97,0.2,0,0,14.8,30.48,27.2,0,9.73,69.02,0,106.33,3.5,23.56,13.87,22.19,4.23,0,7.41,114.71,0,0,7.02,500.38,0,0,5.56,4.67,0,7.38,0.29,0.23,0,0.15,0,1.81,0,0,0,0,0,1.93,0,0,0,0,0,0,0,0,0,0,0,0,2.62,0.3,0,0,0,0,2.62,0,0,0,0,0,0,0,0,0,0,0,0,0,0,0,0,0,0,0,0,0,0,0,0,0,0,0,0,0,0,0,0,0,0,0,0,0,0,0,0,0,0,0,0,0,0,0,0,0,0,0,0,0,0,0,0,0,0,0,0,0,0,0,0,0,0,0
(+)-Methyl (S)-3-hydroxybutyrate,Alkyl ester (chiral hydroxylated),-0.55,0.23,C[C@@H](CC(=O)OC)O,http://www.sigmaaldrich.com/catalog/product/aldrich/243167?lang=es&region=ES,Sigma-Aldrich,1.14,118.13,9.62,5 mM N-(2-hydroxyethyl)piperazine-N’-(3-propanesulfonic acid (EPPS),8,44,4.5% Acetonitrile,0.45 mM Phenol Red,30ºC,0.4 mg,Kinetic measurement up to24 h,150 rpm,pH indicator assay (doi: 10.1128/AEM.00240-13),(+)-Methyl (S)-3-hydroxybutyrate,36.39,110.5,68.46,200.34,1.94,50.69,1.02,5.31,0.77,0,0,0.18,0,0,0,0.08,0,10.18,0,90.4,0.66,0,0,0,0,0,0,5.77,0,6.22,0,0.81,0,17.6,0,1.95,0,0,0,0,0,0,0,0,0,0,0,0,0,0,0,0,0,0,0,0,0,0,0,0.72,0.35,0,0,0,0,0,0,0,0,0,0,0,0,0,0.6,0,0,0,0,0,0,0,0,0,0,0,0,0,0,0,0,0,0,0,0,0,0,0,0,0,0,0,0,0,0,0,0,0,0,0,0,0,0,0,0,0,0,0,0,0,0,0,0,0,0,0,0,0,0,0,0,0,0,0,0,0,0,0,0,0,0,0,0,0,0,0,0
"Benzoic acid, 4-formyl-, phenylmethyl ester [BFPME]",Aromatic ester (two rings),3.82,0.27,C1=CC=C(C=C1)COC(=O)C2=CC=C(C=C2)C=O,http://www.sigmaaldrich.com/catalog/product/aldrich/cds009750?lang=es&region=ES,Sigma-Aldrich,1.14,240.25,4.73,5 mM N-(2-hydroxyethyl)piperazine-N’-(3-propanesulfonic acid (EPPS),8,44,4.5% Acetonitrile,0.45 mM Phenol Red,30ºC,0.4 mg,Kinetic measurement up to24 h,150 rpm,pH indicator assay (doi: 10.1128/AEM.00240-13),BFPME,7420.86,96.02,96.61,0,0,102.14,0.29,10.66,154.47,19.8,0.12,0,0,0.16,35.83,0,0,0,0,0,0,5586.03,0,0,0,9.78,0,0,70.13,0,0,0,0,0,0,0,0,0,0,1.36,8.84,0,0,0,0,0,0,12.34,0,0,1.02,0,5.15,0,0,5.01,4.22,4.1,5.54,0,0,0,6.98,3.67,0,0,3.86,101.69,0,0,21.28,0,0,0,0,0,0,0,0,0,0,0,0,0,33.35,0,0,0,0,0,0,0,142.55,41.08,6.27,0,0,0,20.07,24.79,0,0,0,0,0,0,4.71,1.75,0,0,0,0,0,0,0,0,0,0,0,5.7,0,0,0.69,0,0,0,6.31,0,0,0,0,0,0,0,0,0,0,0,0,0,0,0,0,0,0,0,0
(-)-Methyl (R)-3-hydroxybutyrate,Alkyl ester (chiral hydroxylated),-0.55,0.23,C[C@H](CC(=O)OC)O,http://www.sigmaaldrich.com/catalog/product/aldrich/243159?lang=es&region=ES,Sigma-Aldrich,1.14,118.13,9.62,5 mM N-(2-hydroxyethyl)piperazine-N’-(3-propanesulfonic acid (EPPS),8,44,4.5% Acetonitrile,0.45 mM Phenol Red,30ºC,0.4 mg,Kinetic measurement up to24 h,150 rpm,pH indicator assay (doi: 10.1128/AEM.00240-13),(-)-Methyl (R)-3-hydroxybutyrate,696.92,102.58,95.35,11031.1,0.64,293.17,11.7,11.34,0.67,25.06,0,0.35,0,0,0,0.24,0,11.53,0,54.19,0.04,0,0,0,0,0,0,5.19,0,5.91,0,0.65,8.56,0.04,0,5.17,0,0,0,0,0,0,0,0,0,0,0,0,1.77,0,0,0,0,0,0,0,0,0,0,0,1.72,0,0,0,0,0,0,4.58,0,0,0,0,0,0,0.03,0,0,0,0,0,0,0,0,0,0,0,0,0,0,0,0,0,0,0,0,0,0,0,0,0,0,0,0,0,0,0,0,0,0,0,0,0,0,0,0,0,0,0,0,0,0,0,0,0,0,0,0,0,0,0,0,0,0,0,0,0,0,0,0,0,0,0,0,0,0,0,0
(1R)-(+)-Neomenthyl acetate,Aryl ester (chiral),4.1,0.22,C[C@H]1CC[C@@H]([C@@H](C1)OC(=O)C)C(C)C,https://www.scbt.com/scbt/es/product/1r-neomenthyl-acetate-146502-80-9,Santa Cruz Biotechnology,1.14,198.3,5.73,5 mM N-(2-hydroxyethyl)piperazine-N’-(3-propanesulfonic acid (EPPS),8,44,4.5% Acetonitrile,0.45 mM Phenol Red,30ºC,0.4 mg,Kinetic measurement up to24 h,150 rpm,pH indicator assay (doi: 10.1128/AEM.00240-13),(1R)-(+)-Neomenthyl acetate,0,0,20.48,0,0,10.49,1.66,0,0,0,0,0,0,1.94,0,0,0,0,0,0,0,0,0,0,297.92,0,0,0,0,0,0,0,0,0,0,0,0.07,0,0,0,0.1,0,0,0,0,0,0,0,0,0,0,0,0,0,0,0,0,0,0,0.96,0,0,0,0,0,0,0,0,0,0,0,0,0,0,0,0,0,0,0,0,0,0,0,0,0,0,0,0,0,0,0,0,0,0,0,0,0,0,0,0,0,0,0,0,0,0,0,0,0,0,0,0,0,0,0,0,0,0,0,0,0,0,0,0,0,0,0,0,0,0,0,0,0,0,0,0,0,0,0,0,0,0,0,0,0,0,0
(1S)-(+)-Neomenthyl acetate,Aryl ester (chiral),4.1,0.22,C[C@@H]1CC[C@H]([C@H](C1)OC(=O)C)C(C)C,https://www.scbt.com/scbt/es/product/1s-neomenthyl-acetate-2552-91-2,Santa Cruz Biotechnology,1.14,198.3,5.73,5 mM N-(2-hydroxyethyl)piperazine-N’-(3-propanesulfonic acid (EPPS),8,44,4.5% Acetonitrile,0.45 mM Phenol Red,30ºC,0.4 mg,Kinetic measurement up to24 h,150 rpm,pH indicator assay (doi: 10.1128/AEM.00240-13),(1S)-(+)-Neomenthyl acetate,0,0,10.03,0,0,13.15,1.52,0,0,0,0.01,0,0,2.02,0,0,0,0,0,0,0,0,0,0,215.13,0,0,0,0,0,0,0,0,0,0,0,0.09,0,0,0,0.21,0,0,0,0,0,0,0,0,0,0,0,0,0,0,0,0,0,0,1.01,0,0,0,0,0,0,0,0,0,0,0,0,0,0,0,0,0,0,0,0,0,0,0,0,0,0,0,0,0,0,0,0,0,0,0,0,0,0,0,0,0,0,0,0,0,0,0,0,0,0,0,0,0,0,0,0,0,0,0,0,0,0,0,0,0,0,0,0,0,0,0,0,0,0,0,0,0,0,0,0,0,0,0,0,0,0,0
Propylparaben,Aromatic ester (one ring),2.93,0.22,CCCOC(=O)C1=CC=C(C=C1)O,http://www.sigmaaldrich.com/catalog/product/sial/phr1010?lang=es&region=ES,Sigma-Aldrich,1.14,180.2,6.31,5 mM N-(2-hydroxyethyl)piperazine-N’-(3-propanesulfonic acid (EPPS),8,44,4.5% Acetonitrile,0.45 mM Phenol Red,30ºC,0.4 mg,Kinetic measurement up to24 h,150 rpm,pH indicator assay (doi: 10.1128/AEM.00240-13),Propylparaben,266.48,66.84,66.78,0,0.41,53.01,4.79,1.55,2.15,0,0,0.08,0,0,6.07,0.06,0,0,0,0,0,0,0,0,0,0,0,0,0,0,0,0,0,0,0,0,0,0,0,0,0,0,0,0,0,0,0,0,0,0,0,0,0,0,0,0,0,0,0,0,0,0,0,0,0,0,0,0,0,0,0,0,0,0,0,0,0,0,0,0,0,0,0,0,0,0,0,0,0,0,0,0,0,0,0,0,0,0,0,0,0,0,0,0,0,0,0,0,0,0,0,0,0,0,0,0,0,0,0,0,0,0,0,0,0,0,0,0,0,0,0,0,0,0,0,0,0,0,0,0,0,0,0,0,0,0,0
Butylparaben,Aromatic ester (one ring),3.46,0.22,CCCCOC(=O)C1=CC=C(C=C1)O ,http://www.sigmaaldrich.com/catalog/product/usp/1084000?lang=es&region=ES,Sigma-Aldrich,1.14,194.23,5.85,5 mM N-(2-hydroxyethyl)piperazine-N’-(3-propanesulfonic acid (EPPS),8,44,4.5% Acetonitrile,0.45 mM Phenol Red,30ºC,0.4 mg,Kinetic measurement up to24 h,150 rpm,pH indicator assay (doi: 10.1128/AEM.00240-13),Butylparaben,536.59,85.5,60.92,0,0.76,0,0,2.36,0,0,0,0.09,0,0,7.16,0,0,0,0,0,0,0,0,0,0,0,0,0,0,0,0,0,0,0,0,0,0,0,0,0,0,0,0,0,0,0,0,0,0,0,0,0,0,0,0,0,0,0,0,0,0,0,0,0,0,0,0,0,0,0,0,0,0,0,0,0,0,0,0,0,0,0,0,0,0,0,0,0,0,0,0,0,0,0,0,0,0,0,0,0,0,0,0,0,0,0,0,0,0,0,0,0,0,0,0,0,0,0,0,0,0,0,0,0,0,0,0,0,0,0,0,0,0,0,0,0,0,0,0,0,0,0,0,0,0,0,0
Methyl 3-hydroxybenzoate,Aromatic ester (one ring),1.89,0.23,COC(=O)C1=CC(=CC=C1)O ,http://www.sigmaaldrich.com/catalog/product/aldrich/252794?lang=es&region=ES,Sigma-Aldrich,1.14,152.15,7.47,5 mM N-(2-hydroxyethyl)piperazine-N’-(3-propanesulfonic acid (EPPS),8,44,4.5% Acetonitrile,0.45 mM Phenol Red,30ºC,0.4 mg,Kinetic measurement up to24 h,150 rpm,pH indicator assay (doi: 10.1128/AEM.00240-13),Methyl 3-hydroxybenzoate,37.12,7.26,0,921.32,0.82,0,0,0,0,0,0,0,0,0,0,0.08,0,0,0,36.43,0,0,0,0,0,0,0,0,0,0,0,0,0,0,0,6.55,0,0,0,0,0,0,0,0,0,0,1.53,0,0,0,0,21.41,0,0,0,0,0,0,0,0,1.06,0,0,0,0,0,0,0,0,0,0,0,0,0,0,0,0,0,0,0,0,0,0,0,0,0,13.97,0,0,0,0,0,0,0,0,0,0,0,0,0,0,0,0,0,0,0,0,0,0,0,0,0,0,0,0,0,0,0,0,0,0,0,0,0,0,0,0,0,0,0,0,0,0,0,0,0,0,0,0,0,0,0,0,0,0,0,0
Methyl 2-hydroxybenzoate,Aromatic ester (one ring),2.23,0.24,COC(=O)C1=CC=CC=C1O,http://www.sigmaaldrich.com/catalog/product/sial/m6752?lang=es&region=ES,Sigma-Aldrich,1.14,152.15,7.47,5 mM N-(2-hydroxyethyl)piperazine-N’-(3-propanesulfonic acid (EPPS),8,44,4.5% Acetonitrile,0.45 mM Phenol Red,30ºC,0.4 mg,Kinetic measurement up to24 h,150 rpm,pH indicator assay (doi: 10.1128/AEM.00240-13),Methyl 2-hydroxybenzoate,6.25,0,0,0,0,0,0,0,0,0,0,0,0,0,0,0,0,0,0,48.03,0,0,0,0,0,0,0,0,0,0,0,0,0,0,0,2.09,0,0,0,0,0,0,0,0,0,0,0,0,0,0,0,22.11,0,0,0,0,0,0,0,0,0,0,0,0,0,0,0,0,0,0,0,0,0,0,0,0,0,0,0,0,0,0,0,0,0,0,0,0,0,0,0,0,0,0,0,0,0,0,0,0,0,0,0,0,0,0,0,0,0,0,0,0,0,0,0,0,0,0,0,0,0,0,0,0,0,0,0,0,0,0,0,0,0,0,0,0,0,0,0,0,0,0,0,0,0,0,0
Phthalic acid diethyl ester,Aromatic ester (one ring),2.7,0.25,CCOC(=O)C1=CC=CC=C1C(=O)OCC,http://www.sigmaaldrich.com/catalog/product/aldrich/524972?lang=es&region=ES,Sigma-Aldrich,1.14,222.24,5.11,5 mM N-(2-hydroxyethyl)piperazine-N’-(3-propanesulfonic acid (EPPS),8,44,4.5% Acetonitrile,0.45 mM Phenol Red,30ºC,0.4 mg,Kinetic measurement up to24 h,150 rpm,pH indicator assay (doi: 10.1128/AEM.00240-13),Phthalic acid diethyl ester,562.67,1.25,101.34,0,0,1209.2,72.99,0,12.61,6.78,0.02,0.13,9.59,1.65,2.98,0.19,15.45,0,9.25,0,0.05,0,0,77.44,0,0,0,0,0,0,0,0,0,0,0,0,0,0,0,0,0,0,0,0,0,0,0,0,0,0,0,0,0,0,0,0,0,0,0,0,0,0,0,0,0,0,0,0,0,0,0,0,0,0,0,0,0,0,0,0,0,0,0,0,0,0,0,0,0,0,0,0,0,0,0,0,0,0,0,0,0,0,0,0,0,0,0,0,0,0,0,0,0,0,0,0,0,0,0,0,0,0,0,0,0,0,0,0,0,0,0,0,0,0,0,0,0,0,0,0,0,0,0,0,0,0,0
(−)-Methyl (R)-3-hydroxyvalerate,Alkyl ester (chiral hydroxylated),-0.02,0.23,CC[C@H](CC(=O)OC)O,http://www.sigmaaldrich.com/catalog/product/aldrich/56655?lang=es&region=ES,Sigma-Aldrich,1.14,132.16,8.6,5 mM N-(2-hydroxyethyl)piperazine-N’-(3-propanesulfonic acid (EPPS),8,44,4.5% Acetonitrile,0.45 mM Phenol Red,30ºC,0.4 mg,Kinetic measurement up to24 h,150 rpm,pH indicator assay (doi: 10.1128/AEM.00240-13),(−)-Methyl (R)-3-hydroxyvalerate,795.99,107.2,101.67,35799.5,0.26,506.49,14.82,4.58,0.55,88.4,0,0.67,6.43,0,0,0.23,0,53.23,7.71,182.34,0.04,0,616.16,14.05,0,16.4,0,15.78,26.98,21,42.87,0.86,24.47,0.02,23.17,14.27,0,0,0,0,0,0,0,0,0,0,0,0,0,0,0,9.29,0,0,0,0,0,0,0,0,5.18,0,0,0,0,0,0,0,0,0,0,0,2.79,0,0,1.21,0,0,0,0,0,0,0,0,0,0,10.71,0,0,0,0,0,0,0,0,0,0,0,0,0,0,0,0,0,0,0,0,0,0,0,0,0,0,0,0,0,0,0,0,0,0,0,0,0,0,0,0,0,0,0,0,0,0,0,0,0,0,0,0,0,0,0,0,0,0,0,0
(+)-Methyl (S)-3-hydroxyvalerate,Alkyl ester (chiral hydroxylated),-0.02,0.23,CC[C@@H](CC(=O)OC)O,http://www.sigmaaldrich.com/catalog/product/aldrich/56657?lang=es&region=ES,Sigma-Aldrich,1.14,132.16,8.6,5 mM N-(2-hydroxyethyl)piperazine-N’-(3-propanesulfonic acid (EPPS),8,44,4.5% Acetonitrile,0.45 mM Phenol Red,30ºC,0.4 mg,Kinetic measurement up to24 h,150 rpm,pH indicator assay (doi: 10.1128/AEM.00240-13),(+)-Methyl (S)-3-hydroxyvalerate,280.43,111.29,92.53,1300.62,1.4,118,9.91,1.52,0.33,19.2,0,0.57,2.33,0,0,0.07,0,119.7,3.13,966.04,0.01,0,179.05,0.54,0,2.07,0,15.68,14.48,6.82,0.72,0.37,0.51,0.08,21.34,4.89,0,0,0,0,0,0,0,0,0,0,0,0,0,0,0,13.75,0,0,0,0,0,0,0,0,0.99,0,0,0,0,0,0,0,0,0,0,0,0,0,0,25.25,0,0,0,0,0,0,0,0,0,0,12.84,0,0,0,0,0,0,0,0,0,0,0,0,0,0,0,0,0,0,0,0,0,0,0,0,0,0,0,0,0,0,0,0,0,0,0,0,0,0,0,0,0,0,0,0,0,0,0,0,0,0,0,0,0,0,0,0,0,0,0,0
Benzyl (R)-(+)-2-hydroxy-3-phenylpropionate [BHPP],Aromatic ester (two rings),2.88,0.38,C1=CC=C(C=C1)C[C@H](C(=O)OCC2=CC=CC=C2)O,http://www.sigmaaldrich.com/catalog/product/aldrich/461784?lang=es&region=ES,Sigma-Aldrich,1.14,256.3,4.43,5 mM N-(2-hydroxyethyl)piperazine-N’-(3-propanesulfonic acid (EPPS),8,44,4.5% Acetonitrile,0.45 mM Phenol Red,30ºC,0.4 mg,Kinetic measurement up to24 h,150 rpm,pH indicator assay (doi: 10.1128/AEM.00240-13),BHPP,13266.33,101.53,100.1,8198.16,1.77,124.79,11.25,9.6,1437.86,10.78,0.04,0,0.1,11.88,121.75,0,0,0,104.13,100.54,0.26,101300.12,83.55,0,0,16.86,31.73,0,84.46,0,0,0.86,13.97,0,0,6.08,0,0,0,2.12,0.53,9.77,7.48,25.87,0,94.91,2.98,4.02,0,15.52,0,8.07,3.42,0,17.85,2.11,3.26,4.52,0,348.91,0,0,0,0,0,0,3.93,0,0,0,35.77,0,14.96,0,0,24.85,0,0,0,0,0,0,40.62,0,12.47,18.71,8.04,18.94,0,0,0,0,0,0,54.91,0,0,0,8.5,0,24.2,0,0,0,13.85,9.64,0,0,0,0,0,17.49,0,0,0,0,0,0,0,0,0,0,0,0,0,0,0,4.65,0,0,7.32,0,0,0,0,0,0,0,0,0,0,0,0,0,0,0,0
Benzylparaben,Aromatic ester (one ring),3.64,0.24,C1=CC=C(C=C1)COC(=O)C2=CC=C(C=C2)O,http://www.sigmaaldrich.com/catalog/product/aldrich/380709?lang=es&region=ES,Sigma-Aldrich,1.14,228.24,4.98,5 mM N-(2-hydroxyethyl)piperazine-N’-(3-propanesulfonic acid (EPPS),8,44,4.5% Acetonitrile,0.45 mM Phenol Red,30ºC,0.4 mg,Kinetic measurement up to24 h,150 rpm,pH indicator assay (doi: 10.1128/AEM.00240-13),Benzylparaben,756.16,110.48,98.21,0,0.41,0,0,2.84,0,0,0,0,0,0,6.75,0,0,0,0,0,0,0,0,0,0,0,0,0,0,0,0,0,0,0,0,0,0,0,0,0,0,0,0,0,0,0,0,0,0,0,0,0,0,0,0,0,0,0,0,0,0,0,0,0,0,0,0,0,0,0,0,0,0,0,0,0,0,0,0,0,0,0,0,0,0,0,0,0,0,0,0,0,0,0,0,0,0,0,0,0,0,0,0,0,0,0,0,0,0,0,0,0,0,0,0,0,0,0,0,0,0,0,0,0,0,0,0,0,0,0,0,0,0,0,0,0,0,0,0,0,0,0,0,0,0,0,0
Methyl benzoate,Aromatic ester (one ring),2.2,0.2,COC(=O)C1=CC=CC=C1,http://www.sigmaaldrich.com/catalog/product/aldrich/m29908?lang=es&region=ES,Sigma-Aldrich,1.14,136.15,8.35,5 mM N-(2-hydroxyethyl)piperazine-N’-(3-propanesulfonic acid (EPPS),8,44,4.5% Acetonitrile,0.45 mM Phenol Red,30ºC,0.4 mg,Kinetic measurement up to24 h,150 rpm,pH indicator assay (doi: 10.1128/AEM.00240-13),Methyl benzoate,267.89,105.49,93.8,166.73,1.43,96.91,0.1,3.3,0.11,0,0,0,0,0,0,0,0,0,0,0,0,0,0,0,0,0,0,11.17,0,0,0,0,0,0,0,0,0,0,0,0,0,0,19.2,0,0,0,0,0,0,0,0,34.4,0,0,0,0,0,0,0,0,0,0,621.61,0.5,0,0,0,0,0,0,0,0,0,0,0,0,0,8.76,0,0,0,0,0,0,0,0,0,0,0.55,0,0,0,0,0,0,0,0,0,0,0,0,0,0,0,0,0,0,0,0,0,0,0,0,0,0,0,0,0,0,0,0,0,0,0,0,0,0,0,0,0,0,0,0,0,0,0,0,0,0,0,0,0,0,0,0,0,0
Methyl butyrate,Alkyl ester,1.24,0.21,CCCC(=O)OC,http://www.sigmaaldrich.com/catalog/product/aldrich/246093?lang=es&region=ES,Sigma-Aldrich,1.14,102.13,11.13,5 mM N-(2-hydroxyethyl)piperazine-N’-(3-propanesulfonic acid (EPPS),8,44,4.5% Acetonitrile,0.45 mM Phenol Red,30ºC,0.4 mg,Kinetic measurement up to24 h,150 rpm,pH indicator assay (doi: 10.1128/AEM.00240-13),Methyl butyrate,7770.23,4.1,0,417.82,185.33,1245.04,62.01,28.94,3.39,53.4,0.04,1.26,4.78,0,0,13.03,310.38,171.74,0,0,0,0,0,372.69,0,0,0,0,0,0,338.03,0,0,39.58,0,0,0,0,0,0,0,0,136.99,0,0,0,0,0,0,9.26,0,0,0.04,0,0,0,0,0,0,0,0,0,46.36,0,0,0,0,0,0,0,0,0,0,0,0,0,0,9.63,0,0,0,0,0,237.14,0,0,0,0,1.64,145.97,0,0,0,0,0,0,0,0,0,0,0,0,0,89.73,0,0,0,0,0,0,0,0,0,0,0,0,0,0,0,0,0,0,0,0,0,0,0,0,0,0,0,0,0,0,0,0,0,0,0,0,0,0,0,0,0,0,0
Methyl decanoate,Alkyl ester,4.43,0.21,CCCCCCCCCC(=O)OC ,http://www.sigmaaldrich.com/catalog/product/aldrich/299030?lang=es&region=ES,Sigma-Aldrich,1.14,186.29,6.1,5 mM N-(2-hydroxyethyl)piperazine-N’-(3-propanesulfonic acid (EPPS),8,44,4.5% Acetonitrile,0.45 mM Phenol Red,30ºC,0.4 mg,Kinetic measurement up to24 h,150 rpm,pH indicator assay (doi: 10.1128/AEM.00240-13),Methyl decanoate,174.48,22.47,0,7753.02,0,0,0.13,5.27,0.68,0,0,0.1,0,0,0,0,0,0,0,0,0,0,710.43,0,0,0,0,6.49,0,0,0,0,0,0,0,0,0,0,0,0,0,0,0,0,0,0,0,0,0,0,0,0,0,0,0,0,0,0,0,0,0,0,0,0,0,0,0,0,0,0,0,0,0,0,0,0,0,0,0,0,0,0,0,0,0,0,0,0,0,0,0,0,0,0,0,0,0,0,0,0,0,0,0,0,0,0,0,0,0,0,0,0,0,0,0,0,0,0,0,0,0,0,0,0,0,0,0,0,0,0,0,0,0,0,0,0,0,0,0,0,0,0,0,0,0,0,0
Methyl oleate,Alkenyl ester,8.16,0.22,CCCCCCCCC=CCCCCCCCC(=O)OC ,http://www.sigmaaldrich.com/catalog/product/aldrich/311111?lang=es&region=ES,Sigma-Aldrich,1.14,296.49,3.83,5 mM N-(2-hydroxyethyl)piperazine-N’-(3-propanesulfonic acid (EPPS),8,44,4.5% Acetonitrile,0.45 mM Phenol Red,30ºC,0.4 mg,Kinetic measurement up to24 h,150 rpm,pH indicator assay (doi: 10.1128/AEM.00240-13),Methyl oleate,0,0,0,0,0,0,0,0,0,0,0,0,0,0,0,0,0,0,0,0,0,0,0,0,0,0,0,0,0,0,0,0,0,0,0,0,0,0,0,0,0,0,0,0,0,0,0,0,0,0,0,0,0,0,0,0,0,0,0,0,0,0,0,0,0,0,0,0,0,0,0,0,0,0,0,0,0,0,0,0,0,0,0,0,0,0,0,0,0,0,0,0,0,0,0,0,0,0,0,0,0,0,0,0,0,0,0,0,0,0,0,0,0,0,0,0,0,0,0,0,0,0,0,0,0,0,0,0,0,0,0,0,0,0,0,0,0,0,0,0,0,0,0,0,0,0,0
Methyl hexanoate,Alkyl ester,2.3,0.21,CCCCCC(=O)OC,http://www.sigmaaldrich.com/catalog/product/aldrich/259942?lang=es&region=ES,Sigma-Aldrich,1.14,130.18,8.73,5 mM N-(2-hydroxyethyl)piperazine-N’-(3-propanesulfonic acid (EPPS),8,44,4.5% Acetonitrile,0.45 mM Phenol Red,30ºC,0.4 mg,Kinetic measurement up to24 h,150 rpm,pH indicator assay (doi: 10.1128/AEM.00240-13),Methyl hexanoate,11037.48,50.83,71.33,65903.63,199.42,2174.01,90.16,9.44,864.34,66.78,1.02,37.14,4.12,0,0,4.76,373.82,209.88,0,0,0,3712.27,844.16,579.23,0,2.38,23.18,25.67,0,0,0,0,0,0,0,0,0,0,0,0,0,0,0,0,0,0,0,0,0,10.63,0,0,0.03,0,0,1.54,16.01,0,0,6.75,0,5.18,0,0,0,0.04,0,7.82,0,0,0,0,0,0,0,0,2.64,0,0,0,5.54,0,0,0,0,0,0,0,0,0,0,0,0,0,0,0,0,0,0,0,0,0,0,0,0,0,0,0,0,0,0,0,0,0,0,0,0,0,0,0,0,0,0,0,0,0,0,0,0,0,0,0,0,0,0,0,0,0,0,0,0,0,0,0,0,0,0
Methyl octanoate,Alkyl ester,3.37,0.21,CCCCCCCC(=O)OC,http://www.sigmaaldrich.com/catalog/product/aldrich/260673?lang=es&region=ES,Sigma-Aldrich,1.14,158.24,7.18,5 mM N-(2-hydroxyethyl)piperazine-N’-(3-propanesulfonic acid (EPPS),8,44,4.5% Acetonitrile,0.45 mM Phenol Red,30ºC,0.4 mg,Kinetic measurement up to24 h,150 rpm,pH indicator assay (doi: 10.1128/AEM.00240-13),Methyl octanoate,762.63,102.74,89.33,9946.27,0.03,5.93,9.11,1.65,16.89,0,0.1,1.4,0,0,28.37,0,0,8.57,7.34,0,0,5173.86,1234.68,0,0,7.07,77.96,8.79,28.81,21.76,0,0,0,0,0,0,0,0,0,5.45,0,0,0,10,0,0,0,3.65,0,7.45,0,0,1.99,4.39,0,6.75,0,3.94,0,4.86,0,7.99,7.21,9.37,0,0,1.3,13.6,0,0,0,0,0,0,0,0,22.26,0,0,0,4.5,0,0,0,0,0,0,0,0,0,0,5.44,0,0,0,0,0,0,7.64,0,0,0,0,0,0,0,0,0,0,0,0,0,0,0,0,0,0,0,0,0,0,0,0,0,0,0,0,0,0,0,0,0,0,0,0,0,0,0,0,0,0,0,0,0,0,0,0
Methyl dodecanoate,Alkyl ester,5.49,0.21,CCCCCCCCCCCC(=O)OC ,http://www.sigmaaldrich.com/catalog/product/sial/61689?lang=es&region=ES,Sigma-Aldrich,1.14,214.34,5.3,5 mM N-(2-hydroxyethyl)piperazine-N’-(3-propanesulfonic acid (EPPS),8,44,4.5% Acetonitrile,0.45 mM Phenol Red,30ºC,0.4 mg,Kinetic measurement up to24 h,150 rpm,pH indicator assay (doi: 10.1128/AEM.00240-13),Methyl dodecanoate,0,0,0,0,0.04,0,0,0,0,0,0,0,0,0,0,0,0,0,0,0,0,0,14.85,0,0,0,0,0,0,0,0,0,0,0,0,0,0,0,0,0,0,0,0,0,0,0,0,0,0,0,0,0,0,0,0,0,0,0,0,0,0,0,0,0,0,0,0,0,0,0,0,0,0,0,0,0,0,0,0,0,0,0,0,0,0,0,0,0,0,0,0,0,0,0,0,0,0,0,0,0,0,0,0,0,0,0,0,0,0,0,0,0,0,0,0,0,0,0,0,0,0,0,0,0,0,0,0,0,0,0,0,0,0,0,0,0,0,0,0,0,0,0,0,0,0,0,0
Methyl myristate,Alkyl ester,6.55,0.21,CCCCCCCCCCCCCC(=O)OC ,http://www.sigmaaldrich.com/catalog/product/sigma/m3378?lang=es&region=ES,Sigma-Aldrich,1.14,242.4,4.69,5 mM N-(2-hydroxyethyl)piperazine-N’-(3-propanesulfonic acid (EPPS),8,44,4.5% Acetonitrile,0.45 mM Phenol Red,30ºC,0.4 mg,Kinetic measurement up to24 h,150 rpm,pH indicator assay (doi: 10.1128/AEM.00240-13),Methyl myristate,0,0,0,0,0.04,0,0,0,0,0,0,0,0,0,0,0,0,0,0,0,0,0,0,0,0,0,0,0,0,0,0,0,0,0,0,0,0,0,0,0,0,0,0,0,0,0,0,0,0,0,0,0,0,0,0,0,0,0,0,0,0,0,0,0,0,0,0,0,0,0,0,0,0,0,0,0,0,0,0,0,0,0,0,0,0,0,0,0,0,0,0,0,0,0,0,0,0,0,0,0,0,0,0,0,0,0,0,0,0,0,0,0,0,0,0,0,0,0,0,0,0,0,0,0,0,0,0,0,0,0,0,0,0,0,0,0,0,0,0,0,0,0,0,0,0,0,0
Propyl propionate,Alkyl ester,1.77,0.21,CCCOC(=O)CC ,http://www.sigmaaldrich.com/catalog/product/aldrich/112267?lang=es&region=ES,Sigma-Aldrich,1.14,116.16,9.78,5 mM N-(2-hydroxyethyl)piperazine-N’-(3-propanesulfonic acid (EPPS),8,44,4.5% Acetonitrile,0.45 mM Phenol Red,30ºC,0.4 mg,Kinetic measurement up to24 h,150 rpm,pH indicator assay (doi: 10.1128/AEM.00240-13),Propyl propionate,11415.97,113.26,37.09,9073.69,0.06,3739.25,65.08,4.94,147.92,42.96,0.14,32.33,39.37,17.13,58.03,2.5,82.98,0,0,0,11.4,2437.79,0,655.98,166.5,4.25,12.61,0,0,9.18,1990.32,0,1.52,0,0,0,7.98,0,0,0,0,0,0,0,6.55,0,0,0,0,0,0,0,0,0,0,0,0,0,0,0,0,0,0,0,0,0,0,0,0,0,0,0,0,0,0,0,0,0,0,0,0,0,0,0,0,0,0,0,0,0,0,0,0,0,0,0,0,0,0,0,0,0,0,0,0,0,0,0,0,0,0,0,0,0,0,0,0,0,0,0,0,0,0,0,0,0,0,0,0,0,0,0,0,0,0,0,0,0,0,0,0,0,0,0,0,0,0
Propyl butyrate,Alkyl ester,2.3,0.21,CCCC(=O)OCCC,http://www.sigmaaldrich.com/catalog/product/aldrich/291838?lang=es&region=ES,Sigma-Aldrich,1.14,130.18,8.73,5 mM N-(2-hydroxyethyl)piperazine-N’-(3-propanesulfonic acid (EPPS),8,44,4.5% Acetonitrile,0.45 mM Phenol Red,30ºC,0.4 mg,Kinetic measurement up to24 h,150 rpm,pH indicator assay (doi: 10.1128/AEM.00240-13),Propyl butyrate,8045.2,113.26,65.11,29237.44,0.02,4224.49,55.86,2.85,1317.87,68.3,0.07,39.73,65.03,7.41,66.44,6.03,77.86,0,4.3,1.17,14.08,3153.67,108.08,204.95,6.5,4.9,27.52,0,0,17.71,1926.86,0,0,0,0,0,0,0,0,0,0.03,0,0,0,37.76,7.28,0,0,0,0,0,0,0,0,0,0,0,0,0,0,0,0,0,0,0,0,0,0,0,0,0,0,0,0,0,0,0,0,0,0,0,0,0,0,0,0,0,2.88,0,0,0,0,0,0,0,0,0,0,0,0,0,0,0,0,0,0,0,0,0,0,0,0,0,0,0,0,0,0,0,0,0,0,0,0,0,0,0,0,0,0,0,0,0,0,0,0,0,0,0,0,0,0,0,0,0,0,0
Propyl hexanoate,Alkyl ester,3.37,0.21,CCCCCC(=O)OCCC,http://www.sigmaaldrich.com/catalog/product/aldrich/w294926?lang=es&region=ES,Sigma-Aldrich,1.14,158.24,7.18,5 mM N-(2-hydroxyethyl)piperazine-N’-(3-propanesulfonic acid (EPPS),8,44,4.5% Acetonitrile,0.45 mM Phenol Red,30ºC,0.4 mg,Kinetic measurement up to24 h,150 rpm,pH indicator assay (doi: 10.1128/AEM.00240-13),Propyl hexanoate,3568.1,112.03,95.27,17669.81,0,11888.52,72.76,12.56,287.98,87.94,0.2,0,55.86,13.15,114.91,0,82.43,0,59.52,0,0,36452.55,1432.7,0,0,13.9,88.26,0,79.28,27.83,0,0,0,0,0,0,0,0,0,0,0.75,0,0,0,55.28,7.32,0,0,0,26.76,0,0,0,0,0,0,0,0,22.64,0,0,0,0,0,0,3.51,0,0,0,0,79.36,0,0,0,0,0,0,0,0,0,0,0,9.03,0,0,0,0,19.55,0,0,0,0,0,0,0,0,0,0,0,0,0,0,0,0,0,0,0,0,0,0,0,0,0,0,0,0,0,0,0,0,0,0,0,0,0,0,0,0,0,0,0,0,0,0,0,0,0,0,0,0,0,0,0,0,0,0,0
Phenylethyl cinnamate,Aromatic ester (cinnamic ester like),4.37,0.23,C1=CC=C(C=C1)CCOC(=O)C=CC2=CC=CC=C2 ,http://www.sigmaaldrich.com/catalog/product/aldrich/w286303?lang=es&region=ES,Sigma-Aldrich,1.14,252.31,4.5,5 mM N-(2-hydroxyethyl)piperazine-N’-(3-propanesulfonic acid (EPPS),8,44,4.5% Acetonitrile,0.45 mM Phenol Red,30ºC,0.4 mg,Kinetic measurement up to24 h,150 rpm,pH indicator assay (doi: 10.1128/AEM.00240-13),Phenylethyl cinnamate,1.77,39.18,54.8,60.37,0,8.18,0,8.24,0.2,58.96,0.01,0,0,0,25.09,0,0,0,0,0,0,0,0,0,0,0,0,0,0,0,0,0,0,0,0,0,0,0,0,0,0,0,0,0,0,0,0,0,0,0,0,0,0,0,0,0,0,0,0,0,0,0,0,0,0,0,0,0,0,0,0,0,0,4.79,0,0,0,0,0,4.79,0,0,0,0,0,0,0,0,0,0,0,0,0,0,0,0,0,0,0,0,0,0,0,0,0,0,0,0,0,0,0,0,0,0,0,0,0,0,0,0,0,0,0,0,0,0,0,0,0,0,0,0,0,0,0,0,0,0,0,0,0,0,0,0,0,0,0
Isobutyl cinnamate,Aromatic ester (cinnamic ester like),3.59,0.23,CC(C)COC(=O)C=CC1=CC=CC=C1 ,http://www.sigmaaldrich.com/catalog/product/aldrich/537152?lang=es&region=ES,Sigma-Aldrich,1.14,204.26,5.56,5 mM N-(2-hydroxyethyl)piperazine-N’-(3-propanesulfonic acid (EPPS),8,44,4.5% Acetonitrile,0.45 mM Phenol Red,30ºC,0.4 mg,Kinetic measurement up to24 h,150 rpm,pH indicator assay (doi: 10.1128/AEM.00240-13),Isobutyl cinnamate,557.21,77.36,100.87,368.61,0.28,17.28,4.82,7.02,2.29,120.6,0.01,0,0,0.01,0,0,0,0,0,0,0,0,0,0,0,0,0,0,0,0,0,0,0,0,0,0,0,0,0,0,0,0,0,0,0,0,0,0,0,0,0,0,0,0,0,0,0,0,0,0,0,0,0,0,0,0,0,0,0,0,0,0,0,3.5,0,0,0,0,0,4.47,0,0,0,0,0,0,0,0,0,0,0,0,0,0,0,0,0,0,0,0,0,0,0,0,0,0,0,0,0,0,0,0,0,0,0,0,0,0,0,0,0,0,0,0,0,0,0,0,0,0,0,0,0,0,0,0,0,0,0,0,0,0,0,0,0,0,0
"Methyl 2,5-dihydroxycinnamate",Aromatic ester (cinnamic ester like),1.51,0.48,COC(=O)/C=C/C1=C(C=CC(=C1)O)O,http://www.sigmaaldrich.com/catalog/product/sigma/d2667?lang=es&region=ES,Sigma-Aldrich,0.45,194.18,2.34,5 mM N-(2-hydroxyethyl)piperazine-N’-(3-propanesulfonic acid (EPPS),8,44,4.5% DMSO,0.45 mM Phenol Red,30ºC,0.4 mg,Kinetic measurement up to24 h,150 rpm,pH indicator assay (doi: 10.1128/AEM.00240-13),"Methyl 2,5-dihydroxycinnamate",56.81,3.71,0,0,0,0,0,5.28,0,0,0,0,0,0,0,0,0,0,0,0,0,5081.66,0,0,0,0,0,0,0,0,0,0,0,0,0,2.36,15.06,0,0,0,0,0,0,0,0,0,0,0,0,0,0,0,0,0,0,0,0,0,0,0,0,0,0,0,0,0,2.01,0,0,0,0,0,0,0,0,0,0,0,0,0,0,0,0,0,0,0,0,0,0,0,0,0,0,0,0,0,0,0,0,0,0,0,0,0,0,0,0,0,0,0,0,0,0,0,0,0,0,0,0,0,0,0,0,0,0,0,0,0,0,0,0,0,0,0,0,0,0,0,0,0,0,0,0,0,0,0,0
Methyl cinnamate,Aromatic ester (cinnamic ester like),2.18,0.22,COC(=O)C=CC1=CC=CC=C1 ,http://www.sigmaaldrich.com/catalog/product/aldrich/96410?lang=es&region=ES,Sigma-Aldrich,1.14,162.19,7.01,5 mM N-(2-hydroxyethyl)piperazine-N’-(3-propanesulfonic acid (EPPS),8,44,4.5% Acetonitrile,0.45 mM Phenol Red,30ºC,0.4 mg,Kinetic measurement up to24 h,150 rpm,pH indicator assay (doi: 10.1128/AEM.00240-13),Methyl cinnamate,762.63,111.69,92.43,1405.96,1.9,173.98,3.64,14.26,1.41,79.5,0,1.33,0,0,0,0.13,0,0,0,0,0,26690.55,0,0,0,0,0,5.34,0,0,0,0,0,0,0,20.43,0.04,0,0,6.17,0,0,0,0,0,0,0,0,0,0,0,459.45,0,0,0,0,0,0,0,0,0,0,0,0,0,0,2.24,0,0,0,0,0,0,0,0,0,0,0,0,0,0,0,0,0,0,0,0,0,0,0,0,0,0,0,0,0,0,0,0,0,0,0,0,0,0,0,0,0,0,0,0,0,0,0,0,0,0,0,0,0,0,0,0,0,0,0,0,0,0,0,0,0,0,0,0,0,0,0,0,0,0,0,0,0,0,0,0
Methyl ferulate,Aromatic ester (cinnamic ester like),1.41,0.27,COC1=C(C=CC(=C1)C=CC(=O)OC)O ,http://www.abcam.com/ferulic-acid-methyl-ester-ab143620.html,abcam,1.14,208.21,5.46,5 mM N-(2-hydroxyethyl)piperazine-N’-(3-propanesulfonic acid (EPPS),8,44,4.5% Acetonitrile,0.45 mM Phenol Red,30ºC,0.4 mg,Kinetic measurement up to24 h,150 rpm,pH indicator assay (doi: 10.1128/AEM.00240-13),Methyl ferulate,157.3,35.32,77.48,1270.36,0.08,0,0,8.91,0,0,0,0.01,0,0,0,0.03,0,0,0,94.49,0,0,0,0,0,0,0,0,0,0,0,0.35,0,0,0,13.02,0,0,0,0,0,0,0,0,0,0,0,0,0,0,0,8.29,0,0,0,0,0,0,0,0,0,0,0,0,0,0,0,0,0,0,0,0,0,0,0,0,0,0,0,0,0,0,0,0,0,12.61,0,0,0,0,0,0,0,0,0,0,0,0,0,0,0,0,0,0,0,0,0,0,0,0,0,0,0,0,0,0,0,0,0,0,0,0,0,0,0,0,0,0,0,0,0,0,0,0,0,0,0,0,0,0,0,0,0,0,0,0,0
Vinyl acetate,Vinyl alkyl ester,0.73,0.29,CC(=O)OC=C ,http://www.sigmaaldrich.com/catalog/product/aldrich/v1503?lang=es&region=ES,Sigma-Aldrich,1.14,86.09,13.2,5 mM N-(2-hydroxyethyl)piperazine-N’-(3-propanesulfonic acid (EPPS),8,44,4.5% Acetonitrile,0.45 mM Phenol Red,30ºC,0.4 mg,Kinetic measurement up to24 h,150 rpm,pH indicator assay (doi: 10.1128/AEM.00240-13),Vinyl acetate,10820.74,4.71,13.48,8.49,132.86,1141.63,29.11,0.73,2.2,16.45,0,35.94,3.52,0.07,0,23.37,0,0,0,586.7,15.19,0,0,673.81,125.19,0,0,0,0,25.84,1793.79,54.89,0,39.13,23.99,0,0,147.88,99.43,0,0,0,0,0,15.17,0,0,0,0,0,0,0,0,0,0,0,1.43,0,0,0,0,0,0,0,6.2,0,0,0,0,0,0,0,0,0,475.83,0,0,0,0,0,0,0,0,0,0,0,0,0,0,0,0,0,0,0,0,0,0.33,0,0,0,0,0,0,0,0,0,0,0,0,0,0,0,0,0,0,0,0,0,0,0,0,0,0,0,0,0,0,0,0,0,0,0,0,0,0,0,0,0,0,0,0,0,0,0,0,0,0
Vinyl propionate,Vinyl alkyl ester,1.26,0.29,CCC(=O)OC=C ,http://www.sigmaaldrich.com/catalog/product/aldrich/401714?lang=es&region=ES,Sigma-Aldrich,1.14,100.12,11.35,5 mM N-(2-hydroxyethyl)piperazine-N’-(3-propanesulfonic acid (EPPS),8,44,4.5% Acetonitrile,0.45 mM Phenol Red,30ºC,0.4 mg,Kinetic measurement up to24 h,150 rpm,pH indicator assay (doi: 10.1128/AEM.00240-13),Vinyl propionate,11338.33,5.17,42.53,61128,10.82,2697.39,241.61,13.48,334.34,19.46,3.62,99.14,159.45,47.18,0,50.35,433.24,4506.79,25.18,5038.96,31.76,0,25224.17,1195.18,422.57,0,0,30.91,0,667.07,3599.94,65.77,0,55.08,102.38,0,0,207.26,414.75,0,0,15.91,960.08,93.06,5.56,22.24,74.8,0,126.77,0,0,0,0,0,15.77,0,0,0,13.36,0,0,0,0,8.45,18.19,2.72,0,0,69.13,6.41,0,2.93,20.34,4.07,135.6,0,63.32,0,0,0,14.37,0,0,114.44,0,0,0,3.65,0,0,0,11.89,93.19,0,0,0,0,0,0,0,0,9.29,0,0,41.25,38.73,0,0,0,0,0,0,0,0,0,0,0,0,0,0,0,0,0,0,0,0,0,0,0,0,0,0,0,0,0,0,0,0,0,0,0,0,0,0,0,0,0
Vinyl butyrate,Vinyl alkyl ester,1.79,0.29,CCCC(=O)OC=C,http://www.sigmaaldrich.com/catalog/product/aldrich/19390?lang=es&region=ES,Sigma-Aldrich,1.14,114.14,9.96,5 mM N-(2-hydroxyethyl)piperazine-N’-(3-propanesulfonic acid (EPPS),8,44,4.5% Acetonitrile,0.45 mM Phenol Red,30ºC,0.4 mg,Kinetic measurement up to24 h,150 rpm,pH indicator assay (doi: 10.1128/AEM.00240-13),Vinyl butyrate,8954.21,5.53,47.03,21879.44,2.07,5523.24,254.76,17.49,2.91,9.65,1.94,106.45,182.79,16.95,0,93.93,585.19,1002.64,34.91,2758.22,22.98,0,12052.93,803.49,180.15,0,215.85,6.73,0,222.09,0,40.7,0,57.93,234.79,0,0,297.03,146.85,0,0,24.47,19.1,139.81,10.38,18.67,143.69,0,138.16,0,0,0,0,0,8.18,0,0,0,112.37,0,0,6.08,2.86,8.3,45.77,2.35,0,0,2.9,4.9,0,0,22.12,3.79,0,0,71.26,0,0,3.79,12.57,0,6.1,0,0,0,0,0,0,0,0,6.55,105.36,0,0,0,0,0,0,0,0,18.28,0,0,32.94,15.46,0,0,0,0,0,0,0,0,0,0,0,0,0,0,0,0,0,0,0,0,0,0,0,0,0,0,0,0,0,0,0,0,0,0,0,0,0,0,0,0,0
Vinyl laurate,Vinyl alkyl ester,6.04,0.29,CCCCCCCCCCCC(=O)OC=C,http://www.sigmaaldrich.com/catalog/product/aldrich/61725?lang=es&region=ES,Sigma-Aldrich,1.14,226.36,5.02,5 mM N-(2-hydroxyethyl)piperazine-N’-(3-propanesulfonic acid (EPPS),8,44,4.5% Acetonitrile,0.45 mM Phenol Red,30ºC,0.4 mg,Kinetic measurement up to24 h,150 rpm,pH indicator assay (doi: 10.1128/AEM.00240-13),Vinyl laurate,345.53,0,0,90.8,0,0,0,0,0,0,0,0,0,0,0,0,0,0,0,0,0,0,0,0,0,0,0,0,0,0,0,0,0,0,0,0,0,0,0,0,0,0,0,0,0,0,0,0,0,0,0,0,0,0,0,0,0,0,0,0,0,0,0,0,0,0,0,0,0,0,0,0,0,5.63,0,0,0,0,0,5.63,0,0,0,0,0,0,0,0,0,0,0,0,0,0,0,0,0.53,0,0,0,0,0,0,0,0,0,0,0,0,0,0,0,0,0,0,0,0,0,0,0,0,0,0,0,0,0,0,0,0,0,0,0,0,0,0,0,0,0,0,0,0,0,0,0,0,0,0
Vinyl myristate,Vinyl alkyl ester,7.11,0.29,CCCCCCCCCCCCCC(=O)OC=C ,https://www.scbt.com/scbt/product/vinyl-myristate-5809-91-6,Santa Cruz Biotechnology,1.14,254.41,4.47,5 mM N-(2-hydroxyethyl)piperazine-N’-(3-propanesulfonic acid (EPPS),8,44,4.5% Acetonitrile,0.45 mM Phenol Red,30ºC,0.4 mg,Kinetic measurement up to24 h,150 rpm,pH indicator assay (doi: 10.1128/AEM.00240-13),Vinyl myristate,0,0,0,0,0,0,0,0,0,0,0,0,0,0,0,0,0,0,0,0,0,0,0,0,0,0,0,0,0,0,0,0,0,0,0,0,0,0,0,0,0,0,0,0,0,0,0,0,0,0,0,0,0,0,0,0,0,0,0,0,0,0,0,0,0,0,0,0,0,0,0,0,0,0,0,0,0,0,0,0,0,0,0,0,0,0,0,0,0,0,0,0,0,0,0,0,0,0,0,0,0,0,0,0,0,0,0,0,0,0,0,0,0,0,0,0,0,0,0,0,0,0,0,0,0,0,0,0,0,0,0,0,0,0,0,0,0,0,0,0,0,0,0,0,0,0,0
Vinyl palmitate,Vinyl alkyl ester,8.17,0.29,CCCCCCCCCCCCCCCC(=O)OC=C ,https://www.scbt.com/scbt/product/vinyl-palmitate-693-38-9,Santa Cruz Biotechnology,1.14,282.47,4.02,5 mM N-(2-hydroxyethyl)piperazine-N’-(3-propanesulfonic acid (EPPS),8,44,4.5% DMSO,0.45 mM Phenol Red,30ºC,0.4 mg,Kinetic measurement up to24 h,150 rpm,pH indicator assay (doi: 10.1128/AEM.00240-13),Vinyl palmitate,0,0,0,0,0,0,0,0,0,0,0,0,0,0,0,0,0,0,0,0,0,0,0,0,0,0,0,0,0,0,0,0,0,0,0,0,0,0,0,0,0,0,0,0,0,0,0,0,0,0,0,0,0,0,0,0,0,0,0,0,0,0,0,0,0,0,0,0,0,0,0,0,0,0,0,0,0,0,0,0,0,0,0,0,0,0,0,0,0,0,0,0,0,0,0,0,0,0,0,0,0,0,0,0,0,0,0,0,0,0,0,0,0,0,0,0,0,0,0,0,0,0,0,0,0,0,0,0,0,0,0,0,0,0,0,0,0,0,0,0,0,0,0,0,0,0,0
Vinyl oleate,Vinyl alkenyl ester,8.71,0.3,CCCCCCCCC=CCCCCCCCC(=O)OC=C ,http://www.abcr.de/shop/en/catalogsearch/advanced/result/?q=%093896-58-0,ABCR GmbH,1.14,308.51,3.68,5 mM N-(2-hydroxyethyl)piperazine-N’-(3-propanesulfonic acid (EPPS),8,44,4.5% DMSO,0.45 mM Phenol Red,30ºC,0.4 mg,Kinetic measurement up to24 h,150 rpm,pH indicator assay (doi: 10.1128/AEM.00240-13),Vinyl oleate,0,0,0,0,0,0,0,0,0,0,0,0,0,0,0,0,0,0,0,0,0,0,0,0,0,0,0,0,0,0,0,0,0,0,0,0,0,0,0,0,0,0,0,0,0,0,0,0,0,0,0,0,0,0,0,0,0,0,0,0,0,0,0,0,0,0,0,0,0,0,0,0,0,0,0,0,0,0,0,0,0,0,0,0,0,0,0,0,0,0,0,0,0,0,0,0,0,0,0,0,0,0,0,0,0,0,0,0,0,0,0,0,0,0,0,0,0,0,0,0,0,0,0,0,0,0,0,0,0,0,0,0,0,0,0,0,0,0,0,0,0,0,0,0,0,0,0
Vinyl benzoate,Vinyl aromatic ester (one ring),2.25,0.54,C=COC(=O)C1=CC=CC=C1 ,http://www.sigmaaldrich.com/catalog/product/aldrich/403091?lang=es&region=ES&gclid=CjwKEAjw-IOwBRD1wrTC27fSjFISJABUDZ17Z4K3A9zKyiCERrah9UWwSkywU4ULT5ckrvToYghVZxoCvzHw_wcB,Sigma-Aldrich,1.14,148.16,7.67,5 mM N-(2-hydroxyethyl)piperazine-N’-(3-propanesulfonic acid (EPPS),8,44,4.5% Acetonitrile,0.45 mM Phenol Red,30ºC,0.4 mg,Kinetic measurement up to24 h,150 rpm,pH indicator assay (doi: 10.1128/AEM.00240-13),Vinyl benzoate,12544.95,107.49,101.24,1325.38,154.32,1804.71,307.23,4.34,279.75,15.6,0.25,7.58,12.31,78.68,136.7,7.32,97.35,120.71,4.48,6.22,0,27271.62,1404.7,418.67,0,7.47,138.84,15.03,41.85,31.56,0,0,75.75,0,0,0,0,0,0,193.26,0.2,0,98.65,106.79,0,26.53,19.83,4.81,250.69,9.01,0,0,2.64,4.29,71.05,0,3.47,4.07,275.83,0,0,0,6.69,8.59,0,0,3.11,0,0,29.72,114.76,0,26.37,3.73,0,16.3,0,42.28,0,3.73,0,0,4.95,0,0,29.01,0,0,0,0,0,0,0,0,12.04,0,0.32,0,10.21,0,0,4.98,1.43,0,0,7.49,0,0,0,2.8,0,0,0,0,0,0,0,0,0,0,0,0,0,0,0,0,0,0,0,3.12,0,0,0,0,0,0,0,0,0,0,0,0,0,0,0,0,0
Vinyl crotonate,Vinyl alkenyl ester,1.44,0.41,CC=CC(=O)OC=C ,http://www.mpbio.com/product.php?pid=05215899&country=195,MP Biomedicals,1.14,122.14,9.3,5 mM N-(2-hydroxyethyl)piperazine-N’-(3-propanesulfonic acid (EPPS),8,44,4.5% Acetonitrile,0.45 mM Phenol Red,30ºC,0.4 mg,Kinetic measurement up to24 h,150 rpm,pH indicator assay (doi: 10.1128/AEM.00240-13),Vinyl crotonate,12422.02,105.94,105.91,11558.78,91.2,1662.18,115.7,2.87,277.86,28.65,0.44,24.26,4.35,32.95,55.79,6.96,264.12,117.51,0,525.74,0.48,6659.85,366.07,466.56,223.62,0,211.78,0,20.02,17.5,565.1,14.61,14.46,16.08,0,0,0,0,254.97,48.01,0,0,563.03,12.6,0,11.12,0,0,274.96,4.78,0,38.73,0,0,14.87,0,0,0,251.64,0,0,0,0,0,0,0,0,0,0,0,86.02,0,10.98,0,0,0,0,0,0,0,0,0,0,0,0,0,0,0,0,0,0,0,0,0,0,0,0.27,0,0,0,0,0,0,0,0,0,0,0,0,0,0,0,0,0,0,0,0,0,0,0,0,0,0,0,0,0,0,0,0,0,0,0,0,0,0,0,0,0,0,0,0,0,0,0,0,0,0
Vinyl acrylate,Vinyl alkenyl ester,0.38,0.41,C=CC(=O)OC=C ,http://www.sigmaaldrich.com/catalog/product/aldrich/771422?lang=es&region=ES,Sigma-Aldrich,1.14,98.1,11.58,5 mM N-(2-hydroxyethyl)piperazine-N’-(3-propanesulfonic acid (EPPS),8,44,4.5% Acetonitrile,0.45 mM Phenol Red,30ºC,0.4 mg,Kinetic measurement up to24 h,150 rpm,pH indicator assay (doi: 10.1128/AEM.00240-13),Vinyl acrylate,11445.08,113.26,52.76,11328.84,176.46,2040.56,190.63,3.06,264.3,32.09,0.46,16.31,1.51,5.71,65.32,25.09,27,301.54,0,1147.34,0,0,0,166.56,427.81,0,112.4,0,13.18,6.95,221.66,0,0,27.38,0,0,0,0,224.04,0,0,0,263.82,13.37,0,0,0,0,114.57,0,0,0,0,0,0,0,0,0,180.16,0,0,0,0,0,0,0,0,0,0,0,0,14.06,0,0,13.69,0,0,0,0,0,0,0,0,0,0,0,0,0,0,0,0,0,0,0,0,0,0,0,0,0,0,0,0,0,0,0,0,0,0,0,0,0,0,0,0,0,0,0,0,0,0,0,0,0,0,0,0,0,0,0,0,0,0,0,0,0,0,0,0,0,0,0,0,0,0,0,0
Geranyl acetate,Alkenyl ester,4.1,0.32,CC(=CCCC(=CCOC(=O)C)C)C ,http://www.sigmaaldrich.com/catalog/product/aldrich/173495?lang=es&region=ES,Sigma-Aldrich,1.14,196.29,5.79,5 mM N-(2-hydroxyethyl)piperazine-N’-(3-propanesulfonic acid (EPPS),8,44,4.5% Acetonitrile,0.45 mM Phenol Red,30ºC,0.4 mg,Kinetic measurement up to24 h,150 rpm,pH indicator assay (doi: 10.1128/AEM.00240-13),Geranyl acetate,708.04,113.73,102.58,1122.57,0.4,3191.93,3.74,12.85,12.61,90.06,0.1,0,10.11,111.45,139.18,0,8.74,131.94,61.89,0,0,8088.9,131.95,0,496.69,0,68.06,0,21.53,0,0,0,0,0,8.88,20.83,2.29,5.82,0,4.87,5.86,0,0,0,168.94,0,0,2.52,0,0,0,0,0,100.06,0,318.24,0,3.2,0,1.56,0,0.03,0,0,14.97,0,0,0,7.68,3.43,0,0,0,0,0,0,0,0,33.76,0,0,0,0,47.16,0,0,0,0,0,662.92,0,0,0,0,0,0,0,0,0,0,10.04,0,0,1972.38,0,0,0,0,0,0,0,0,0,0,0,0,0,0,0,0,0,0,0,0,0,0,0,0,0,0,0,0,0,0,0,0,0,0,0,0,0,0,0,0,0,0,0
3-Methyl-3-buten-1-yl acetate,Alkenyl ester,1.91,0.35,CC(=C)CCOC(=O)C,http://www.sigmaaldrich.com/catalog/product/aldrich/s881171?lang=es&region=ES,Sigma-Aldrich,1.14,128.17,8.87,5 mM N-(2-hydroxyethyl)piperazine-N’-(3-propanesulfonic acid (EPPS),8,44,4.5% Acetonitrile,0.45 mM Phenol Red,30ºC,0.4 mg,Kinetic measurement up to24 h,150 rpm,pH indicator assay (doi: 10.1128/AEM.00240-13),3-Methyl-3-buten-1-yl acetate,10691.35,107.51,104.57,2231.57,68.66,2993.89,309.4,13.55,0,88.77,0.03,0,69.2,48.95,139.07,7.53,317.27,0,0,222.85,2.66,5775.85,0,124.71,3323.15,14.53,114.16,0,0,0,1536.08,0,0,14.02,0,0.8,0,0,216.37,0,6.58,0,70.41,0,17,0,0,1.88,0,0,0,0,0,114.16,0,0,0,0,0,0,0,0,0,0,0,2.85,0,0,0,0,0,6.47,0,0,69.37,0,0,0,144.92,0,0,0,0,411.53,0,0,0,0,0,4646.55,0,0,0,0,0,0,0,0,0,0,0,0,0,0,0,0,0,0,0,0,0,0,0,0,0,0,0,0,0,0,0,0,0,0,0,0,0,0,0,0,0,0,0,0,0,0,0,0,0,0,0,0,0,0,0,0,0
Ethyl 2-ethylacetoacetate,Alkyl ester (oxo branched),1.59,0.31,CCC(C(=O)C)C(=O)OCC ,http://www.sigmaaldrich.com/catalog/product/aldrich/165263?lang=es&region=ES,Sigma-Aldrich,1.14,158.19,7.18,5 mM N-(2-hydroxyethyl)piperazine-N’-(3-propanesulfonic acid (EPPS),8,44,4.5% Acetonitrile,0.45 mM Phenol Red,30ºC,0.4 mg,Kinetic measurement up to24 h,150 rpm,pH indicator assay (doi: 10.1128/AEM.00240-13),Ethyl 2-ethylacetoacetate,195.71,110.48,104.88,1293.94,0.28,14.34,13.41,4.13,0.76,46.03,1.37,0.05,0.06,1.25,0,1.6,0,81.47,0,1382.61,0.04,0,0,0,0,4.12,0,13.24,0,0,0,1.07,1.83,0,1.89,1.93,0,6.89,0,14.02,0,0,21.15,9.75,0,22.51,0,2.01,5.59,0,1.21,32.87,0,0,0,0,0,0,0,0,5.35,0,0,0,3.89,0,0,0,0,0,0,0,0,0,0,0,0,0,0,0,0,0,0,0,0,0,0,0,0,0,1.57,0,0,0,0,0,0,0,0,0,0,0,0,0,0,0,0,0,0,0,0,0,0,0,0,0,0,0,0,0,0,0,0,0,0,0,0,0,0,0,0,0,0,0,0,0,0,0,0,0,0,0,0,0,0,0,0
Ethyl 2-methylacetoacetate,Alkyl ester (oxo branched),1.06,0.31,CCOC(=O)C(C)C(=O)C ,http://www.sigmaaldrich.com/catalog/product/aldrich/e35400?lang=es&region=ES,Sigma-Aldrich,1.14,144.17,7.88,5 mM N-(2-hydroxyethyl)piperazine-N’-(3-propanesulfonic acid (EPPS),8,44,4.5% Acetonitrile,0.45 mM Phenol Red,30ºC,0.4 mg,Kinetic measurement up to24 h,150 rpm,pH indicator assay (doi: 10.1128/AEM.00240-13),Ethyl 2-methylacetoacetate,2131.8,100.48,98.89,606.48,0.98,766.65,54.89,11.29,0.85,50.89,0.01,0.98,13.07,3.6,9.49,0.47,73.76,212.23,5.45,1546.74,0.07,0,0,0,0,3.64,0,12.03,0,0,0,0.27,3.39,0,31.61,3.09,0,30.35,1.25,0,0,0,0,3.95,0,8.9,0,2.73,7.06,0,1,171.56,0,0,4.49,0,0,0,0,0,0.95,0,0,0,15.9,0,0.69,0,0,0,0,0,0,0,0,2.5,0,0,0,0,0,0,0,0,0,0,0,0,0,0,0,0,0,0,0,0,0,0,0,0,0,0,0,0,0,0,0,0,0,0,0,0,0,0,0,0,0,0,0,0,0,0,0,0,0,0,0,0,0,0,0,0,0,0,0,0,0,0,0,0,0,0,0,0,0,0,0
Ethyl 3-oxohexanoate,Alkyl ester (oxo branched),1.78,0.31,CCCC(=O)CC(=O)OCC ,http://www.sigmaaldrich.com/catalog/product/aldrich/e15809?lang=es&region=ES,Sigma-Aldrich,1.14,158.19,7.18,5 mM N-(2-hydroxyethyl)piperazine-N’-(3-propanesulfonic acid (EPPS),8,44,4.5% Acetonitrile,0.45 mM Phenol Red,30ºC,0.4 mg,Kinetic measurement up to24 h,150 rpm,pH indicator assay (doi: 10.1128/AEM.00240-13),Ethyl 3-oxohexanoate,12075.89,100.59,99.3,68061.5,48.4,4181.13,55.32,22.53,2239.16,106.3,0.23,9.28,16.26,0.22,44.81,0.54,179.24,304.07,31.56,1698.21,0.46,28937.36,1452.82,96.35,0,38.48,21.2,18.49,89.08,0,125.51,2.13,21.44,0.09,43.33,7.59,0,35.13,0,0,3.48,0,48.13,3.14,4.58,59.02,6.32,2.35,0,7.02,1.13,183.97,0,0,3.99,0,0,2.61,113.66,0,1.19,0,0,0,40.47,0,0,0,0,0,108.2,0,8.67,0,0,21.33,0,0,0,0,0,0,0,0,0,0,0,0,0,0,0,0,0,0,0,0,0,0,0,0,0,0,0,0,0,6.02,0,0,0,0,0,0,0,0,0,0,0,0,0,0,0,0,0,0,0,0,0,0,0,0,0,0,0,0,0,0,0,0,0,0,0,0,0,0,0,0,0
Ethyl acetoacetate,Alkyl ester (oxo branched),0.72,0.31,CCOC(=O)CC(=O)C ,http://www.sigmaaldrich.com/catalog/product/sial/00410?lang=es&region=ES,Sigma-Aldrich,1.14,130.14,8.73,5 mM N-(2-hydroxyethyl)piperazine-N’-(3-propanesulfonic acid (EPPS),8,44,4.5% Acetonitrile,0.45 mM Phenol Red,30ºC,0.4 mg,Kinetic measurement up to24 h,150 rpm,pH indicator assay (doi: 10.1128/AEM.00240-13),Ethyl acetoacetate,10581.36,102.05,98.39,56210.88,93.86,1195.16,110.86,3.42,164.42,14.16,0.07,2.03,13.86,3.44,14.34,1.03,86.58,296.48,9.46,0,0.75,0,108.4,4.27,0,34.8,15.05,0,82.27,0,21.02,1.33,12.84,0,45.23,0,0,43.01,301.1,2.2,0,1.59,0,2.69,0,71.54,10.57,0,12.4,0,0.76,4.23,0,0,3.77,0,0,0,24.31,0,1.14,0,0,0,29.89,0,0,0,0,0,112.39,0,0,0,0,21.29,0,0,0,0,0,0,0,0,0,0,0,0,0,0,2.72,0,0,0,0,0,0,0,0,0,0,0,0,0,0,0,0,0,0,0,0,0,0,0,0,0,0,0,0,0,0,0,0,0,0,0,0,0,0,0,0,0,0,0,0,0,0,0,0,0,0,0,0,0,0,0,0
Ethyl propionylacetate,Alkyl ester (oxo branched),1.25,0.31,CCC(=O)CC(=O)OCC ,http://www.sigmaaldrich.com/catalog/product/aldrich/247162?lang=es&region=ES,Sigma-Aldrich,1.14,144.17,7.88,5 mM N-(2-hydroxyethyl)piperazine-N’-(3-propanesulfonic acid (EPPS),8,44,4.5% Acetonitrile,0.45 mM Phenol Red,30ºC,0.4 mg,Kinetic measurement up to24 h,150 rpm,pH indicator assay (doi: 10.1128/AEM.00240-13),Ethyl propionylacetate,11755.63,102.68,98.01,69105.06,0.01,2470.02,94.23,13.21,246.4,66.9,0.33,2.96,22.8,13.36,60.71,0.65,117.14,308.41,20.17,0,0.49,8915.96,1429.94,79.32,0,27.81,0,15.36,85.83,9.31,106.35,2.13,17.35,0,93.06,0,0,81.15,1.82,7.21,0.4,2.49,0,16.85,15.67,0,10,2.86,9.49,0,1.58,20,0,0,3.44,0,0.98,3.55,129.4,0,1.2,0,0,0,150.39,0,0,0,0,0,98.59,0,3.99,0,0,22.05,0,0,4.06,0,0,0,3.36,0,0,0,0,0,0,0,1.93,0,0,0,0,0,0,0,0,0,0,0,0,0,0,0,0,0,0,0,0,0,0,0,0,0,0,0,0,0,0,0,0,0,0,0,0,0,0,0,0,0,0,0,0,0,0,0,0,0,0,0,0,0,0,0,0
ϒ-Valerolactone,Aryl ester (lactone),-0.27,0.28,CC1CCC(=O)O1,http://www.sigmaaldrich.com/catalog/product/aldrich/v403?lang=es&region=ES,Sigma-Aldrich,1.14,100.12,11.35,5 mM N-(2-hydroxyethyl)piperazine-N’-(3-propanesulfonic acid (EPPS),8,44,4.5% Acetonitrile,0.45 mM Phenol Red,30ºC,0.4 mg,Kinetic measurement up to24 h,150 rpm,pH indicator assay (doi: 10.1128/AEM.00240-13),ϒ-Valerolactone,540.63,4.67,85.97,178.76,0,0,0,2,0,8.16,0,0.03,0,0,0,0.02,0,0,12.76,0,0.85,0,0,0,0,0,0,0,0,11.86,0,1.36,5.22,0.32,0,21.44,0.11,53.07,0,0,0,4.91,0,0,0,0,0,0,0,0,1.81,0,0,0,0,0,0,0,0,0,0,0,0,0,0,0,0,0,0,0,0,0,0,0,0,6.69,0,0,0,0,0,0,0,0,0,0,0,0,0,0,0,0,0,0,0,0,0,0,0,0,0,0,0,0,0,0,16.09,0,0,0,0,0,0,0,0,0,0,0,0,0,0,0,0,0,0,0,0,0,0,0,0,0,0,0,0,0,0,0,0,0,0,0,0,0,0,0,0
Methyl glycolate,Alkyl ester (hydroxylated),-1.07,0.25,COC(=O)CO,http://www.sigmaaldrich.com/catalog/product/aldrich/325260?lang=es&region=ES,Sigma-Aldrich,1.14,90.08,12.62,5 mM N-(2-hydroxyethyl)piperazine-N’-(3-propanesulfonic acid (EPPS),8,44,4.5% Acetonitrile,0.45 mM Phenol Red,30ºC,0.4 mg,Kinetic measurement up to24 h,150 rpm,pH indicator assay (doi: 10.1128/AEM.00240-13),Methyl glycolate,3988.63,101.48,99.3,11284.63,2.61,4231.63,44.52,1.46,7.01,16.15,0,0,0.68,31.77,28.61,0,167.94,91.54,9.09,0,0,7454.37,230.17,0,199.31,0,0,15.65,32.87,23.26,0,0,0,0.19,4.68,0,0,3.91,746.72,0.04,0,15.62,96.07,16.98,0.59,0,4.26,1.87,2.23,0,6.38,0,3.37,22.19,0,0,2.37,2.9,0,0,0,8.29,3.31,12.79,0,4.04,4.29,13.02,6.94,18.72,0,1.78,0,0,0,0,7.86,13.96,43.5,0,12.32,5.34,7.69,54.26,20.88,0,0,5.48,1,160.75,1.5,0,106.31,0,0,4.91,0,5.65,0,0,0,0,0,0,0,0,0,3.54,0,3.93,2.47,0,0,0,3.67,0,4.33,0,4.22,13.98,5.35,0,0,0,3.56,0,0,0,2.76,0,0,0,0,0,0,0,0,0,0,0,0,0,0,0,0,0,0
D-Pantolactone,Aryl ester (chiral lactone),-0.8,0.37,CC1(COC(=O)[C@@H]1O)C,http://www.sigmaaldrich.com/catalog/product/aldrich/237817?lang=es&region=ES,Sigma-Aldrich,1.14,130.14,8.73,5 mM N-(2-hydroxyethyl)piperazine-N’-(3-propanesulfonic acid (EPPS),8,44,4.5% Acetonitrile,0.45 mM Phenol Red,30ºC,0.4 mg,Kinetic measurement up to24 h,150 rpm,pH indicator assay (doi: 10.1128/AEM.00240-13),D-Pantolactone,0,0,0,0,0,0,0,0,0,0,0,0,0,0,0,0,0,0,0,0,0,0,0,0,0,0,0,0,0,0,0,0,0,0,0,0,0.86,0,0,0,0,7.74,0,0,0,0,0,0,0,0,0,0,0,0,0,0,0,0,0,0,0,0,0,0,0,5.21,0,0,0,0,0,0,0,0,0,0,0,0,0,0,0,0,0,0,0,0,0,0,0,0,0,0,0,0,0,0,0,0,0,0,0,0,0,0,0,0,0,0,0,0,0,0,0,0,0,0,0,0,0,0,0,0,0,0,0,0,0,0,0,0,0,0,0,0,0,0,0,0,0,0,0,0,0,0,0,0,0
L-Pantolactone,Aryl ester (chiral lactone),-0.8,0.37,CC1(COC(=O)[C@H]1O)C,http://www.sigmaaldrich.com/catalog/product/aldrich/729698?lang=es&region=ES,Sigma-Aldrich,1.14,130.14,8.73,5 mM N-(2-hydroxyethyl)piperazine-N’-(3-propanesulfonic acid (EPPS),8,44,4.5% Acetonitrile,0.45 mM Phenol Red,30ºC,0.4 mg,Kinetic measurement up to24 h,150 rpm,pH indicator assay (doi: 10.1128/AEM.00240-13),L-Pantolactone,0,0,0,0,0,0,0,0,0,0,0,0,0,0,0,0,0,0,0,0,0,0,0,0,0,0,0,0,0,0,0,0,0,0,0,0,0.26,0,0,0,0,6.56,0,0,0,0,0,0,0,0,0,0,0,0,0,0,0,0,0,0,0,0,0,0,0,34.38,0,0,0,0,0,0,0,0,0,0,0,0,0,0,0,0,0,0,0,0,0,0,0,0,0,0,0,0,0,0,0,0,0,0,0,0,0,0,0,0,0,0,0,0,0,0,0,0,0,0,0,0,0,0,0,0,0,0,0,0,0,0,0,0,0,0,0,0,0,0,0,0,0,0,0,0,0,0,0,0,0
(1R)-(-)-dimenthyl succinate,Alkyl diester,8.04,0.27,C[C@@H]1CC[C@H]([C@@H](C1)OC(=O)CCC(=O)O[C@@H]2C[C@@H](CC[C@H]2C(C)C)C)C(C)C,http://www.sigmaaldrich.com/catalog/product/aldrich/306355?lang=es&region=ES,Sigma-Aldrich,1.14,394.59,2.88,5 mM N-(2-hydroxyethyl)piperazine-N’-(3-propanesulfonic acid (EPPS),8,44,4.5% Acetonitrile,0.45 mM Phenol Red,30ºC,0.4 mg,Kinetic measurement up to24 h,150 rpm,pH indicator assay (doi: 10.1128/AEM.00240-13),(1R)-(-)-dimenthyl succinate,0,0,0,0,0,0,0,0,0,0,0,0,0,0,0,0,0,0,0,0,0,0,0,0,0,0,0,0,0,0,0,0,0,0,0,0,0,0,0,0,0,0,0,0,0,0,0,0,0,0,0,0,0,0,0,0,0,0,0,0,0,0,0,0,0,0,0,0,0,0,0,0,0,0,0,0,0,0,0,0,0,0,0,0,0,0,0,0,0,0,0,0,0,0,0,0,0,0,0,0,0,0,0,0,0,0,0,0,0,0,0,0,0,0,0,0,0,0,0,0,0,0,0,0,0,0,0,0,0,0,0,0,0,0,0,0,0,0,0,0,0,0,0,0,0,0,0
Ethyl 2-chlorobenzoate,Aromatic ester (one ring),3.01,0.23,CCOC(=O)C1=CC=CC=C1Cl ,https://www.alfa.com/es/catalog/A10141/,Alfa-aesar,1.14,184.62,6.16,5 mM N-(2-hydroxyethyl)piperazine-N’-(3-propanesulfonic acid (EPPS),8,44,4.5% Acetonitrile,0.45 mM Phenol Red,30ºC,0.4 mg,Kinetic measurement up to24 h,150 rpm,pH indicator assay (doi: 10.1128/AEM.00240-13),Ethyl 2-chlorobenzoate,736.14,25.45,104.75,243.3,0,1362.18,34.48,1.91,0.62,64.68,0.01,0,6.6,1.65,11.94,0.78,48.74,0,0,101.4,0.02,0,0,0,0,0,0,0,0,0,0,0,0,0,0,0,0,0,0,104.55,0,0,0,0,0,0,0,0,0,0,0,0,0,0,0,0,0,0,0,0,0,0,0,0,0,0,0,0,0,0,0,0,0,0,0,0,0,0,0,0,0,0,0,0,0,0,0,0,0,0,0,0,0,0,0,0,0,0,0,0,0,0,0,0,0,0,0,0,0,0,0,0,0,0,0,0,0,0,0,0,0,0,0,0,0,0,0,0,0,0,0,0,0,0,0,0,0,0,0,0,0,0,0,0,0,0,0
Cyclohexyl butyrate,Aryl ester,3.3,0.21,CCCC(=O)OC1CCCCC1,https://www.alfa.com/es/catalog/B20695/,Alfa-aesar,1.14,170.25,6.67,5 mM N-(2-hydroxyethyl)piperazine-N’-(3-propanesulfonic acid (EPPS),8,44,4.5% Acetonitrile,0.45 mM Phenol Red,30ºC,0.4 mg,Kinetic measurement up to24 h,150 rpm,pH indicator assay (doi: 10.1128/AEM.00240-13),Cyclohexyl butyrate,6.43,96.23,106.35,0,0,4581.29,3.31,4.01,13.2,100.6,0.65,0,60.14,24.5,141.52,0,1236.68,0,0,0,0,6526.98,0,0,50.71,6.17,25.08,0,69.84,0,0,0,11.42,0,0,0,0,0,0,0,0.75,0,0,0,15.74,0,0,0,0,0,0,0,0,0,0,0,0,0,35.25,0,0,4.3,0,5.58,0,0,0,0,0,0,82.43,0,0,0,0,0,0,0,0,0,0,0,0,0,0,8.68,0,0,0,0,0,0,0,0,30.88,0,0,0,0,0,0,0,0,0,0,0,0,0,0,0,0,0,0,0,0,0,0,0,0,0,0,0,0,0,0,0,0,0,0,0,0,0,0,0,0,0,0,0,0,0,0,0,0,0,0,0,0
n-Pentyl benzoate,Aromatic ester (one ring),4.32,0.2,CCCCCOC(=O)C1=CC=CC=C1 ,https://www.alfa.com/es/catalog/A10177/,Alfa-aesar,1.14,192.26,5.91,5 mM N-(2-hydroxyethyl)piperazine-N’-(3-propanesulfonic acid (EPPS),8,44,4.5% Acetonitrile,0.45 mM Phenol Red,30ºC,0.4 mg,Kinetic measurement up to24 h,150 rpm,pH indicator assay (doi: 10.1128/AEM.00240-13),n-Pentyl benzoate,432.06,17.95,60.82,174.69,0.11,87.56,1.69,0,0.66,34.49,0,0,0,0.23,19.91,0,0,0,0,0,0,0,0,0,0,0,0,0,0,0,0,0,0,0,0,0,0,0,0,0,0,0,0,0,0,0,0,0,0,0,0,0,0,0,0,0,0,0,0,0,0,0,0,0,0,0,0,0,0,0,0,0,0,0,0,0,0,0,0,0,0,0,0,0,0,0,0,0,0,0,0,0,0,0,0,0,0,0,0,0,0,0,0,0,0,0,0,0,0,0,0,0,0,0,0,0,0,0,0,0,0,0,0,0,0,0,0,0,0,0,0,0,0,0,0,0,0,0,0,0,0,0,0,0,0,0,0
"2,4-Dichlorophenyl 2,4-dichlorobenzoate [DCPDCB]",Aromatic ester (two rings),5.89,0.38,C1=CC(=C(C=C1Cl)Cl)C(=O)OC2=C(C=C(C=C2)Cl)Cl,http://www.sigmaaldrich.com/catalog/product/aldrich/t140627?lang=es&region=ES,Sigma-Aldrich,1.14,336,3.38,5 mM N-(2-hydroxyethyl)piperazine-N’-(3-propanesulfonic acid (EPPS),8,44,4.5% DMSO,0.45 mM Phenol Red,30ºC,0.4 mg,Kinetic measurement up to24 h,150 rpm,pH indicator assay (doi: 10.1128/AEM.00240-13),DCPDCB,0,0,0,0,0.03,0,0,2.18,0,0,0,0.51,0,0,0,0,0,0,0,0,0,0,0,0,0,0,0,0,0,0,0,14.53,0,0,0,0,0,0,0,37.48,0,0,0,0,0,0,10.3,0,0,0,0,236.16,0,0,0,0,0,0,0,0,0,0,0,0,0,0,0,0,0,0,0,0,0,0,0,0,0,0,0,0,0,0,0,0,0,0,0,0,0,0,0,0,0,0,0,0,0,0,0,0,0,0,0,0,0,0,0,0,0,0,0,0,0,0,0,0,0,0,0,0,0,0,0,0,0,0,0,0,0,0,0,0,0,0,0,0,0,0,0,0,0,0,0,0,0,0,0
"2,4-Dichlorobenzyl 2,4-dichlorobenzoate  [DCBDCB]",Aromatic ester (two rings),6.03,0.4,C1=CC(=C(C=C1Cl)Cl)COC(=O)C2=C(C=C(C=C2)Cl)Cl,http://www.sigmaaldrich.com/catalog/product/aldrich/t140635?lang=es&region=ES,Sigma-Aldrich,1.14,350.03,3.25,5 mM N-(2-hydroxyethyl)piperazine-N’-(3-propanesulfonic acid (EPPS),8,44,4.5% DMSO,0.45 mM Phenol Red,30ºC,0.4 mg,Kinetic measurement up to24 h,150 rpm,pH indicator assay (doi: 10.1128/AEM.00240-13),DCBDCB,0,8.62,84.37,0,0.06,0,0,4.26,0,6.55,0,0.27,0.12,0,0,0.31,0,0,0,19.78,0,0,0,14.68,0,0,0,0,0,0,52.7,0,0,0,0,0,0,0,0,0,0,0,0,0,0,0,0,0,0,0,0,0,0,0,0,0,0,0,0,0,0,0,0,0,0,0,0,0,0,0,0,0,0,0,0,0,0,0,0,0,0,0,0,0,0,0,0,0,0,0,0,0,0,0,0,0,0,0,0,0,0,0,0,0,0,0,0,0,0,0,0,0,0,0,0,0,0,0,0,0,0,0,0,0,0,0,0,0,0,0,0,0,0,0,0,0,0,0,0,0,0,0,0,0,0,0,0
"Diethyl-2,6-dimethyl 4-phenyl-1,4-dihydro pyridine-3,5-dicarboxylate [DDPDPDC]",Aromatic ester (two rings),4.3,0.58,CCOC(=O)C1=C(NC(=C(C1C2=CC=CC=C2)C(=O)OCC)C)C,http://www.sigmaaldrich.com/catalog/product/aldrich/s346136?lang=es&region=ES,Sigma-Aldrich,1.14,329.4,3.45,5 mM N-(2-hydroxyethyl)piperazine-N’-(3-propanesulfonic acid (EPPS),8,44,4.5% DMSO,0.45 mM Phenol Red,30ºC,0.4 mg,Kinetic measurement up to24 h,150 rpm,pH indicator assay (doi: 10.1128/AEM.00240-13),DDPDPDC,0,0,0,0,0.01,0,0,0,0,0,0,0,0,0,0,0,0,0,0,0,0,0,0,0,0,0,0,0,0,0,0,0,0,0,0,0,0,0,0,0,0,0,0,0,0,0,0,0,0,0,0,0,0,0,0,0,0,0,0,0,0,0,0,0,0,0,0,0,0,0,0,0,0,0,0,0,0,0,0,0,0,0,0,0,0,0,0,0,0,0,0,0,0,0,0,0,0,0,0,0,0,0,0,0,0,0,0,0,0,0,0,0,0,0,0,0,0,0,0,0,0,0,0,0,0,0,0,0,0,0,0,0,0,0,0,0,0,0,0,0,0,0,0,0,0,0,0
(+)-Methyl D-Lactate,Alkyl ester (chiral hydroxylated),-0.72,0.25,C[C@H](C(=O)OC)O,http://www.sigmaaldrich.com/catalog/product/aldrich/277762?lang=es&region=ES,Sigma-Aldrich,1.14,104.1,10.92,5 mM N-(2-hydroxyethyl)piperazine-N’-(3-propanesulfonic acid (EPPS),8,44,4.5% Acetonitrile,0.45 mM Phenol Red,30ºC,0.4 mg,Kinetic measurement up to24 h,150 rpm,pH indicator assay (doi: 10.1128/AEM.00240-13),(+)-Methyl D-Lactate,740.59,113.27,95.68,6850.96,2.08,2055.16,74.7,7.62,2.04,31.2,0,0.38,12.09,7.86,19.29,0.28,74.18,65.43,0,123.75,0.77,0,16.51,10.09,18.42,13.38,0,22.62,54.47,0,2.5,0.17,12.25,0.34,0.04,19.2,0.08,0.24,0,0.62,12.34,27.27,134.86,18.92,0.04,11.71,0.89,3.1,4.76,3.15,9.97,0,0.75,27.82,8.59,350.69,5.63,2.53,3.59,0,0.24,7.24,5.48,7.93,10.09,2.61,1.76,14.09,4.66,2.96,0,0.26,0,0,0.02,0,3.64,5.59,15.46,0,4.42,2.94,0,0,0,25.35,0,0,0,0,62.73,5.31,0,0,0,8.05,0,3.65,0,0,0,0,0,0,0,0,0,1.46,0.77,0,0,0,0,69.23,1.91,0,11.32,0,1.97,0,0,0,0,0,0,0,0,0,0,0,0,0,0,0,0,0,0,0,0,0,0,0,0,0,0,0,0
(-)-Methyl L-Lactate,Alkyl ester (chiral hydroxylated),-0.72,0.25,C[C@@H](C(=O)OC)O,http://www.sigmaaldrich.com/catalog/product/aldrich/230340?lang=es&region=ES,Sigma-Aldrich,1.14,104.1,10.92,5 mM N-(2-hydroxyethyl)piperazine-N’-(3-propanesulfonic acid (EPPS),8,44,4.5% Acetonitrile,0.45 mM Phenol Red,30ºC,0.4 mg,Kinetic measurement up to24 h,150 rpm,pH indicator assay (doi: 10.1128/AEM.00240-13),(-)-Methyl L-Lactate,752.52,100.95,102.71,9395.01,2.08,5808.68,140.83,6.75,13.92,12.06,0.01,1.73,13.04,21.78,11.02,0.84,128.42,103.04,0,123.75,0.5,0,351,18.26,94.6,7.4,0,18.57,52.49,0,48.38,0.63,50.62,0.34,8.76,19.2,0.15,11.97,0,2.46,7.73,14.94,1198.35,23.02,0.09,4.38,2.29,1.93,27.73,0.82,2.65,0,0.62,14.91,2.3,741.68,3.98,2.12,3.27,0,1.34,5.23,1.37,4.67,9.44,3.44,2.18,10.24,2.02,3.91,0,0.23,11.67,0,0.18,0,2.68,0,10.3,0,6.48,2.41,0,0,0,13.56,0,0,0,0,1.58,5.46,0,0,0,4.6,0,2.39,0,0,0,0,0,0,0,0,0,2.12,2.48,0,0,0,0,202.56,2.03,0,0,0,2.65,0,0,0,0,0,0,0,0,0,0,0,0,0,0,0,0,0,0,0,0,0,0,0,0,0,0,0,0
Propyl acetate,Alkyl ester,1.24,0.21,CCCOC(=O)C ,http://www.sigmaaldrich.com/catalog/product/sial/537438?lang=es&region=ES,Sigma-Aldrich,1.14,102.13,11.13,5 mM N-(2-hydroxyethyl)piperazine-N’-(3-propanesulfonic acid (EPPS),8,44,4.5% Acetonitrile,0.45 mM Phenol Red,30ºC,0.4 mg,Kinetic measurement up to24 h,150 rpm,pH indicator assay (doi: 10.1128/AEM.00240-13),Propyl acetate,9044.78,113.26,105.57,21366.5,1.62,12374.97,301.54,3.05,12.07,129.55,3.2,17.95,98.11,90.57,111.75,1.85,961.01,0,0,0,10.9,0,0,830.48,3113.67,0,4.84,0,0,0,2433.22,0,2.01,0,0,0,0.9,0,0,0,0,0,0,0,18.48,0,0,0,0,0,0,0,0,47.52,0,1483.88,0,0,0,0.52,0,3.23,0,0,0,0,0,0,0,0,0,0.71,0,0,0,0,0,0,14.98,0,0,0,0,160.54,0,0,0,0,0,0,0,0,0,0,0,0,0,0,0,0,0,0,0,8.71,0,0,0,0,0,0,0,0,0,0,0,0,0,0,0,0,0,0,0,0,0,0,0,0,0,0,0,0,0,0,0,0,0,0,0,0,0,0,0,0,0,0,0
Butyl acetate,Alkyl ester,1.77,0.21,CCCCOC(=O)C ,http://www.sigmaaldrich.com/catalog/product/sial/287725?lang=es&region=ES,Sigma-Aldrich,1.14,116.16,9.78,5 mM N-(2-hydroxyethyl)piperazine-N’-(3-propanesulfonic acid (EPPS),8,44,4.5% Acetonitrile,0.45 mM Phenol Red,30ºC,0.4 mg,Kinetic measurement up to24 h,150 rpm,pH indicator assay (doi: 10.1128/AEM.00240-13),Butyl acetate,12464.07,111.42,102.73,63232.81,12.74,14438.2,311.16,11.66,12.58,109.46,5.69,13.68,62.75,108.06,138.13,1.21,948.27,0,25.46,0,8.28,0,0,321.65,6005.66,0,109.28,0,31.5,0,1608.54,0,0,0,0,0,16.48,0,257.7,0,0,0,0,0,177.21,0,0,0,0,0,0,0,0,81.89,0,1974.19,0,0,0,0,0,242.62,207.97,0,0,0,0,0,0,0,0,11.73,0,0,0,0,0,0,40.65,0,0,0,0,205.92,0,0,0,0,0,0,0,0,0,0,0,0,0,0,0,0,0,0,0,0,0,0,0,0,0,0,0,0,0,227.47,0,0,0,0,0,0,0,0,0,0,0,0,0,0,0,0,0,0,0,0,0,0,0,0,0,0,0,0,0,0,0,0,0
Phenyl acetate,Aromatic ester (one ring),1.56,0.2,CC(=O)OC1=CC=CC=C1 ,http://www.sigmaaldrich.com/catalog/product/aldrich/108723?lang=es&region=ES,Sigma-Aldrich,1.14,136.15,8.35,5 mM N-(2-hydroxyethyl)piperazine-N’-(3-propanesulfonic acid (EPPS),8,44,4.5% Acetonitrile,0.45 mM Phenol Red,30ºC,0.4 mg,Kinetic measurement up to24 h,150 rpm,pH indicator assay (doi: 10.1128/AEM.00240-13),Phenyl acetate,12577.3,98.25,101.91,64134.88,3.11,16412.72,304.66,9.79,235.19,111.5,1.98,18.51,123.38,268.59,130.43,1.89,820.01,6233.44,228.19,341.1,10.31,464508.5,1482.01,1366.25,5879.57,48.68,289.06,12.32,70.97,23.23,4832.17,0,198.49,60.42,1156.52,29.85,13.9,4655.11,113.81,9.87,16.08,79.63,385.54,55.81,571.48,88.67,581.9,7.58,256.93,148.6,12.27,661.5,1.63,170.16,87.5,2665.38,6.51,14.64,430.23,0,0,240.62,15.11,120.58,195.08,3.75,16.78,66.12,120.76,49.73,101.16,3.5,41.67,3.14,0,0,44.49,19.17,338.76,3.14,16.12,95.26,8.05,2592.06,19.66,148.73,0,17.65,3.92,638.49,5.66,15.24,130.25,8.7,444.7,11.71,1.29,0,119.18,12.13,270.35,190.82,0,1015.79,74.54,0,22.15,9.05,2.33,78.97,4.06,122.7,5.88,312.09,3.39,8.88,93.11,3.81,4.2,0,3,0,0,2.37,3.47,18.82,2.87,0,0,0,0,0,0,0,0,0,0,0,0,2.83,0,0,0,0,0,0,0
Phenyl propionate,Aromatic ester (one ring),2.09,0.2,CCC(=O)OC1=CC=CC=C1 ,http://www.sigmaaldrich.com/catalog/product/aldrich/cds000560?lang=es&region=ES,Sigma-Aldrich,1.14,150.17,7.57,5 mM N-(2-hydroxyethyl)piperazine-N’-(3-propanesulfonic acid (EPPS),8,44,4.5% Acetonitrile,0.45 mM Phenol Red,30ºC,0.4 mg,Kinetic measurement up to24 h,150 rpm,pH indicator assay (doi: 10.1128/AEM.00240-13),Phenyl propionate,12244.1,108.17,94.99,63480.44,0,15777.62,311.3,77.72,318.17,168.4,0.05,20.86,137.81,278.08,131.24,4.5,692.29,7787.23,304.25,0,11.74,134343.71,9088.51,146.73,2385.59,20.72,1441.93,50.93,90.19,29.23,7660.87,0,398.62,0,1471.93,0,0,2715.48,0,10.39,13.86,81.25,432.65,60.9,284.32,101.91,1839.36,13.72,266.42,147.83,64.6,0,278.89,178.97,90.48,7.86,12.21,19.52,440.22,0,0,153.3,5.72,243.06,197.9,12.08,18.26,14.19,79.18,15.12,100.87,19.15,89.21,0,0,22.83,93.59,20.22,337.25,0,7.57,118.85,14.05,704.45,83.65,273.06,0,23.41,0,97.17,5.9,14.34,143.91,16.47,466.48,41.73,0,0,149.82,6.85,498.13,241.38,10.27,240.25,80.38,56.63,21.63,0,6.58,159.45,3.83,244.05,9.07,0,7.02,11.32,148.37,4.02,0,29.01,6.82,0,0,3.35,2.56,10.03,3.31,3.03,4.59,0,1.71,23.86,0,0,3.67,0,2.11,0,0,0,0,0,0,0,0,0,0
Glucose pentaacetate,Sugar ester,1.68,0.64,CC(=O)OCC(C(C(C(C=O)OC(=O)C)OC(=O)C)OC(=O)C)OC(=O)C ,http://www.sigmaaldrich.com/catalog/product/aldrich/g2354?lang=es&region=ES,Sigma-Aldrich,1.14,390.34,2.91,5 mM N-(2-hydroxyethyl)piperazine-N’-(3-propanesulfonic acid (EPPS),8,44,4.5% Acetonitrile,0.45 mM Phenol Red,30ºC,0.4 mg,Kinetic measurement up to24 h,150 rpm,pH indicator assay (doi: 10.1128/AEM.00240-13),Glucose pentaacetate,179.54,0.68,104.7,0,0.01,1598.46,35.27,8.95,0,22.4,0,0,0.49,96.22,10.68,0,8.43,0,82.98,0,0,5260.63,57.63,0,5845,0,33.9,0,55.37,0,0,0,172.33,8.57,1.82,20.63,0.53,0.43,241.47,1.58,6.37,13.59,381.12,21.24,0,19.03,0.33,0,9.32,0,9.88,0,0,21.35,27.25,1086.93,0,0,32.34,1.58,0,6.73,0,12.49,0,2.13,0,10.03,0,16.64,0,17.78,35.14,0,0,0,0,38.32,349.92,0,0,0,0,198.13,9.31,0,0,10.28,11.45,210.02,0,0,0,5.37,10.41,9.03,0,0,0,0,0,157.24,0,3988.62,0,0,0,0,0,0,0,0,4.56,258.61,0,0,0,0,0,7.32,0,0,0,0,0,0,0,0,0,0,0,0,0,0,0,0,0,0,0,0,0,0,0,0,0,0,0
Glyceryl trilaurate,Triglyceride,15.7,0.26,CCCCCCCCCCCC(=O)OCC(COC(=O)CCCCCCCCCCC)OC(=O)CCCCCCCCCCC,http://www.sigmaaldrich.com/catalog/product/sigma/t4891?lang=es&region=ES,Sigma-Aldrich,1.14,639,1.78,5 mM N-(2-hydroxyethyl)piperazine-N’-(3-propanesulfonic acid (EPPS),8,44,4.5% DMSO,0.45 mM Phenol Red,30ºC,0.4 mg,Kinetic measurement up to24 h,150 rpm,pH indicator assay (doi: 10.1128/AEM.00240-13),Glyceryl trilaurate,0,0,0,11.03,0,0,0,0,0,0,0,0,0,0,0,0,0,0,0,0,0,0,17.51,0,0,0,0,0,0,0,0,0,0,0,0,0,0,0,0,0,0,0,0,0,0,0,0,0,0,0,0,0,0,0,0,0,0,0,0,0,0,0,0,0,0,0,0,0,0,0,0,0,0,0,0,0,0,0,0,0,0,0,0,0,0,0,0,0,0,0,0,0,0,0,0,0,0,0,0,0,0,0,0,0,0,0,0,0,0,0,0,0,0,0,0,0,0,0,0,0,0,0,0,0,0,0,0,0,0,0,0,0,0,0,0,0,0,0,0,0,0,0,0,0,0,0,0
